city,country,date,temperature_c
Sao Paulo,Brazil,2023-03-04,23.4
Sao Paulo,Brazil,2018-09-30,22.3
Sao Paulo,Brazil,2018-07-03,16.3
Sao Paulo,Brazil,2024-04-21,18.3
Sao Paulo,Brazil,2022-02-11,23.9
Sao Paulo,Brazil,2016-05-02,18.1
Sao Paulo,Brazil,2017-01-18,23.6
Sao Paulo,Brazil,2016-04-18,20.1
Sao Paulo,Brazil,2022-04-17,18.8
Sao Paulo,Brazil,2022-02-10,24.9
Sao Paulo,Brazil,2020-09-14,19.7
Sao Paulo,Brazil,2025-01-28,25.4
Sao Paulo,Brazil,2025-09-30,23.8
Sao Paulo,Brazil,2023-10-30,22.2
Sao Paulo,Brazil,2020-09-27,19.4
Sao Paulo,Brazil,2024-07-24,17.2
Sao Paulo,Brazil,2019-10-10,22.4
Sao Paulo,Brazil,2020-01-10,24.5
Sao Paulo,Brazil,2025-07-03,14.8
Sao Paulo,Brazil,2016-06-26,16.9
Sao Paulo,Brazil,2024-03-07,19.6
Sao Paulo,Brazil,2020-03-30,19.3
Sao Paulo,Brazil,2016-11-18,19.4
Sao Paulo,Brazil,2022-12-08,22.3
Sao Paulo,Brazil,2025-12-05,25.1
Sao Paulo,Brazil,2023-11-25,21.2
Sao Paulo,Brazil,2016-10-11,22.4
Sao Paulo,Brazil,2019-03-31,19.4
Sao Paulo,Brazil,2016-11-22,25.6
Sao Paulo,Brazil,2020-04-05,15.5
Sao Paulo,Brazil,2019-02-12,18.4
Sao Paulo,Brazil,2017-10-28,23.1
Sao Paulo,Brazil,2020-02-25,19.5
Sao Paulo,Brazil,2023-11-14,25.1
Sao Paulo,Brazil,2023-08-31,16.5
Sao Paulo,Brazil,2017-12-01,21.2
Sao Paulo,Brazil,2021-12-27,23.4
Sao Paulo,Brazil,2020-04-03,17.6
Sao Paulo,Brazil,2019-01-10,26.2
Sao Paulo,Brazil,2022-03-31,18.8
Sao Paulo,Brazil,2018-06-18,14.1
Sao Paulo,Brazil,2024-09-13,15.6
Sao Paulo,Brazil,2016-08-17,17.4
Sao Paulo,Brazil,2019-07-16,16.4
Sao Paulo,Brazil,2020-07-01,15.5
Sao Paulo,Brazil,2022-05-12,17.9
Sao Paulo,Brazil,2025-10-29,21.7
Sao Paulo,Brazil,2021-08-06,15.4
Sao Paulo,Brazil,2020-06-08,17.8
Sao Paulo,Brazil,2017-08-08,14.9
Sao Paulo,Brazil,2018-12-20,25.7
Sao Paulo,Brazil,2022-01-16,25.8
Sao Paulo,Brazil,2018-12-12,23.5
Sao Paulo,Brazil,2022-07-18,13.9
Sao Paulo,Brazil,2020-06-23,11.1
Sao Paulo,Brazil,2017-07-20,21.3
Sao Paulo,Brazil,2021-09-18,16.0
Sao Paulo,Brazil,2025-08-28,18.1
Sao Paulo,Brazil,2017-03-25,20.1
Sao Paulo,Brazil,2023-08-19,18.4
Sao Paulo,Brazil,2020-09-25,18.3
Sao Paulo,Brazil,2022-09-06,17.4
Sao Paulo,Brazil,2021-04-01,13.7
Sao Paulo,Brazil,2025-08-26,16.9
Sao Paulo,Brazil,2016-02-17,21.4
Sao Paulo,Brazil,2025-12-03,22.5
Sao Paulo,Brazil,2022-01-08,23.4
Sao Paulo,Brazil,2019-10-25,18.4
Sao Paulo,Brazil,2017-04-01,18.6
Sao Paulo,Brazil,2016-01-14,24.4
Sao Paulo,Brazil,2024-02-05,23.5
Sao Paulo,Brazil,2021-08-12,15.9
Sao Paulo,Brazil,2024-07-17,17.9
Sao Paulo,Brazil,2025-10-05,24.5
Sao Paulo,Brazil,2023-01-05,22.6
Sao Paulo,Brazil,2022-10-30,24.8
Sao Paulo,Brazil,2018-03-25,21.4
Sao Paulo,Brazil,2022-01-18,25.9
Sao Paulo,Brazil,2024-09-24,23.8
Sao Paulo,Brazil,2022-09-19,17.3
Sao Paulo,Brazil,2019-08-20,16.5
Sao Paulo,Brazil,2020-01-26,22.9
Sao Paulo,Brazil,2025-11-08,26.1
Sao Paulo,Brazil,2018-09-07,18.3
Sao Paulo,Brazil,2016-08-25,18.0
Sao Paulo,Brazil,2016-11-18,25.6
Sao Paulo,Brazil,2016-12-16,23.2
Sao Paulo,Brazil,2024-07-12,12.2
Sao Paulo,Brazil,2021-12-21,23.7
Sao Paulo,Brazil,2021-04-30,16.1
Sao Paulo,Brazil,2022-03-01,22.3
Sao Paulo,Brazil,2022-10-20,23.6
Sao Paulo,Brazil,2020-09-29,24.7
Sao Paulo,Brazil,2024-06-20,14.6
Sao Paulo,Brazil,2024-03-08,19.4
Sao Paulo,Brazil,2020-06-22,12.7
Sao Paulo,Brazil,2023-07-14,14.6
Sao Paulo,Brazil,2021-10-20,19.8
Sao Paulo,Brazil,2021-01-23,24.0
Sao Paulo,Brazil,2019-10-16,22.2
Sao Paulo,Brazil,2016-03-27,18.0
Sao Paulo,Brazil,2018-06-21,14.8
Sao Paulo,Brazil,2016-01-30,25.3
Sao Paulo,Brazil,2018-07-26,17.5
Sao Paulo,Brazil,2016-10-03,23.7
Sao Paulo,Brazil,2016-10-17,19.2
Sao Paulo,Brazil,2021-10-06,20.8
Sao Paulo,Brazil,2018-05-27,19.0
Sao Paulo,Brazil,2022-01-17,26.3
Sao Paulo,Brazil,2022-05-27,19.5
Sao Paulo,Brazil,2022-06-18,12.2
Sao Paulo,Brazil,2025-01-20,23.7
Sao Paulo,Brazil,2020-07-25,16.6
Sao Paulo,Brazil,2020-10-31,23.0
Sao Paulo,Brazil,2019-12-22,21.6
Sao Paulo,Brazil,2024-03-05,21.8
Sao Paulo,Brazil,2016-08-09,14.3
Sao Paulo,Brazil,2017-02-07,17.2
Sao Paulo,Brazil,2016-09-05,17.1
Sao Paulo,Brazil,2025-08-30,19.1
Sao Paulo,Brazil,2017-03-23,19.6
Sao Paulo,Brazil,2021-01-11,24.6
Sao Paulo,Brazil,2017-07-28,14.9
Sao Paulo,Brazil,2018-10-20,22.3
Sao Paulo,Brazil,2025-10-21,23.5
Sao Paulo,Brazil,2025-08-29,17.0
Sao Paulo,Brazil,2025-08-07,16.2
Sao Paulo,Brazil,2022-01-23,22.8
Sao Paulo,Brazil,2025-05-17,17.2
Sao Paulo,Brazil,2024-06-13,15.7
Sao Paulo,Brazil,2025-07-08,15.9
Sao Paulo,Brazil,2021-05-25,18.1
Sao Paulo,Brazil,2018-05-25,18.9
Sao Paulo,Brazil,2017-11-05,19.1
Sao Paulo,Brazil,2020-04-01,20.9
Sao Paulo,Brazil,2024-10-16,21.3
Sao Paulo,Brazil,2024-10-20,19.5
Sao Paulo,Brazil,2024-03-11,20.9
Sao Paulo,Brazil,2024-10-13,18.1
Sao Paulo,Brazil,2017-09-26,18.8
Sao Paulo,Brazil,2018-02-16,20.3
Sao Paulo,Brazil,2022-06-30,20.7
Sao Paulo,Brazil,2024-04-01,15.7
Sao Paulo,Brazil,2016-08-22,16.8
Sao Paulo,Brazil,2016-07-24,14.2
Sao Paulo,Brazil,2025-07-24,15.0
Sao Paulo,Brazil,2021-12-15,26.4
Sao Paulo,Brazil,2016-11-24,27.4
Sao Paulo,Brazil,2025-07-19,17.1
Sao Paulo,Brazil,2023-07-28,18.8
Sao Paulo,Brazil,2025-08-31,18.3
Sao Paulo,Brazil,2025-12-25,24.6
Sao Paulo,Brazil,2022-05-22,16.2
Sao Paulo,Brazil,2022-12-11,26.2
Sao Paulo,Brazil,2016-12-01,21.1
Sao Paulo,Brazil,2021-11-11,23.9
Sao Paulo,Brazil,2019-07-19,17.3
Sao Paulo,Brazil,2024-01-12,22.8
Sao Paulo,Brazil,2019-07-10,15.9
Sao Paulo,Brazil,2023-07-14,17.9
Sao Paulo,Brazil,2023-03-28,18.7
Sao Paulo,Brazil,2024-06-06,17.4
Sao Paulo,Brazil,2016-10-24,24.6
Sao Paulo,Brazil,2022-04-25,17.6
Sao Paulo,Brazil,2017-02-13,23.3
Sao Paulo,Brazil,2018-12-22,24.2
Sao Paulo,Brazil,2017-06-26,19.4
Sao Paulo,Brazil,2025-11-10,20.9
Sao Paulo,Brazil,2018-09-27,19.2
Sao Paulo,Brazil,2025-05-08,17.6
Sao Paulo,Brazil,2022-02-03,21.7
Sao Paulo,Brazil,2025-01-18,20.5
Sao Paulo,Brazil,2023-05-02,14.1
Sao Paulo,Brazil,2022-03-21,19.2
Sao Paulo,Brazil,2019-05-11,17.5
Sao Paulo,Brazil,2025-11-05,22.0
Sao Paulo,Brazil,2017-07-04,15.3
Sao Paulo,Brazil,2024-04-28,21.4
Sao Paulo,Brazil,2022-03-16,21.0
Sao Paulo,Brazil,2018-05-12,17.9
Sao Paulo,Brazil,2024-01-18,21.5
Sao Paulo,Brazil,2025-07-25,18.8
Sao Paulo,Brazil,2018-12-17,22.1
Sao Paulo,Brazil,2025-06-27,15.6
Sao Paulo,Brazil,2016-07-27,18.1
Sao Paulo,Brazil,2019-02-07,23.5
Sao Paulo,Brazil,2016-06-29,19.1
Sao Paulo,Brazil,2023-02-22,21.6
Sao Paulo,Brazil,2018-12-08,24.6
Sao Paulo,Brazil,2023-11-30,25.2
Sao Paulo,Brazil,2020-10-17,20.5
Sao Paulo,Brazil,2025-11-26,22.9
Sao Paulo,Brazil,2023-10-01,22.3
Sao Paulo,Brazil,2025-05-11,15.2
Sao Paulo,Brazil,2020-02-21,20.6
Sao Paulo,Brazil,2017-06-06,15.2
Sao Paulo,Brazil,2016-06-20,14.1
Sao Paulo,Brazil,2024-12-04,27.4
Sao Paulo,Brazil,2025-08-26,19.7
Sao Paulo,Brazil,2023-08-25,18.3
Sao Paulo,Brazil,2018-10-19,20.5
Sao Paulo,Brazil,2022-04-12,16.6
Sao Paulo,Brazil,2025-11-30,27.1
Sao Paulo,Brazil,2024-05-27,12.1
Sao Paulo,Brazil,2017-09-25,21.2
Sao Paulo,Brazil,2017-10-27,21.2
Sao Paulo,Brazil,2024-12-20,25.1
Sao Paulo,Brazil,2016-04-11,14.4
Sao Paulo,Brazil,2018-01-04,23.3
Sao Paulo,Brazil,2020-08-13,15.4
Sao Paulo,Brazil,2024-12-29,22.0
Sao Paulo,Brazil,2018-10-13,18.2
Sao Paulo,Brazil,2018-12-28,25.3
Sao Paulo,Brazil,2020-04-15,20.6
Sao Paulo,Brazil,2025-10-12,23.2
Sao Paulo,Brazil,2018-03-28,19.8
Sao Paulo,Brazil,2025-02-26,22.9
Sao Paulo,Brazil,2025-03-14,19.3
Sao Paulo,Brazil,2024-12-01,24.4
Sao Paulo,Brazil,2023-05-27,15.0
Sao Paulo,Brazil,2018-03-02,19.7
Sao Paulo,Brazil,2016-10-11,22.0
Sao Paulo,Brazil,2024-09-02,17.8
Sao Paulo,Brazil,2020-06-25,18.4
Sao Paulo,Brazil,2023-08-15,19.7
Sao Paulo,Brazil,2016-04-23,17.2
Sao Paulo,Brazil,2017-04-17,19.0
Sao Paulo,Brazil,2022-07-06,14.6
Sao Paulo,Brazil,2018-12-23,26.2
Sao Paulo,Brazil,2019-11-16,23.5
Sao Paulo,Brazil,2024-03-03,21.3
Sao Paulo,Brazil,2021-09-25,17.8
Sao Paulo,Brazil,2017-04-18,15.9
Sao Paulo,Brazil,2018-11-09,24.3
Sao Paulo,Brazil,2016-06-30,15.6
Sao Paulo,Brazil,2025-01-16,23.1
Sao Paulo,Brazil,2022-01-14,21.4
Sao Paulo,Brazil,2024-04-06,14.2
Sao Paulo,Brazil,2023-07-09,16.5
Sao Paulo,Brazil,2023-06-13,17.7
Sao Paulo,Brazil,2019-09-14,17.0
Sao Paulo,Brazil,2017-05-25,14.0
Sao Paulo,Brazil,2024-01-27,24.8
Sao Paulo,Brazil,2023-06-24,14.2
Sao Paulo,Brazil,2020-07-30,15.0
Sao Paulo,Brazil,2022-03-20,22.5
Sao Paulo,Brazil,2017-06-05,16.8
Sao Paulo,Brazil,2020-04-01,21.7
Sao Paulo,Brazil,2023-08-06,16.7
Sao Paulo,Brazil,2022-05-20,15.0
Sao Paulo,Brazil,2019-05-17,13.2
Sao Paulo,Brazil,2019-05-29,18.0
Sao Paulo,Brazil,2019-03-21,20.6
Sao Paulo,Brazil,2022-10-20,24.9
Sao Paulo,Brazil,2023-05-05,15.9
Sao Paulo,Brazil,2023-07-30,18.4
Sao Paulo,Brazil,2018-05-25,12.5
Sao Paulo,Brazil,2024-12-04,23.2
Sao Paulo,Brazil,2024-04-02,19.2
Sao Paulo,Brazil,2021-10-12,21.7
Sao Paulo,Brazil,2023-06-12,14.4
Sao Paulo,Brazil,2025-03-06,19.4
Sao Paulo,Brazil,2024-06-03,16.0
Sao Paulo,Brazil,2025-01-16,24.9
Sao Paulo,Brazil,2018-03-26,19.7
Sao Paulo,Brazil,2021-04-30,17.6
Sao Paulo,Brazil,2022-11-08,23.0
Sao Paulo,Brazil,2020-08-24,17.2
Sao Paulo,Brazil,2025-12-08,22.6
Sao Paulo,Brazil,2023-10-23,20.7
Sao Paulo,Brazil,2020-04-21,16.1
Sao Paulo,Brazil,2023-05-11,16.7
Sao Paulo,Brazil,2023-09-17,22.6
Sao Paulo,Brazil,2024-08-20,17.7
Sao Paulo,Brazil,2025-12-05,25.1
Sao Paulo,Brazil,2017-12-21,24.9
Sao Paulo,Brazil,2025-01-06,25.8
Sao Paulo,Brazil,2016-07-24,15.6
Sao Paulo,Brazil,2022-04-02,18.9
Sao Paulo,Brazil,2021-02-12,26.0
Sao Paulo,Brazil,2017-06-30,16.6
Sao Paulo,Brazil,2022-04-08,15.7
Sao Paulo,Brazil,2022-09-04,17.0
Sao Paulo,Brazil,2020-12-17,26.7
Sao Paulo,Brazil,2022-11-14,24.5
Sao Paulo,Brazil,2020-10-13,17.2
Sao Paulo,Brazil,2025-04-25,19.2
Sao Paulo,Brazil,2017-10-13,19.9
Sao Paulo,Brazil,2024-05-04,18.3
Sao Paulo,Brazil,2024-06-06,14.1
Sao Paulo,Brazil,2018-10-09,21.7
Sao Paulo,Brazil,2024-09-20,18.2
Sao Paulo,Brazil,2021-11-05,20.9
Sao Paulo,Brazil,2020-12-06,23.6
Sao Paulo,Brazil,2016-11-13,22.5
Sao Paulo,Brazil,2019-10-07,19.2
Sao Paulo,Brazil,2019-08-02,17.2
Sao Paulo,Brazil,2017-09-09,18.2
Sao Paulo,Brazil,2018-08-05,15.8
Sao Paulo,Brazil,2018-05-26,16.8
Sao Paulo,Brazil,2016-09-20,18.0
Sao Paulo,Brazil,2021-03-23,20.5
Sao Paulo,Brazil,2020-08-30,21.7
Sao Paulo,Brazil,2020-05-14,17.9
Sao Paulo,Brazil,2024-08-19,14.8
Sao Paulo,Brazil,2025-08-10,15.4
Sao Paulo,Brazil,2025-11-16,23.1
Sao Paulo,Brazil,2016-01-25,21.0
Sao Paulo,Brazil,2019-12-11,22.9
Sao Paulo,Brazil,2025-12-31,25.4
Sao Paulo,Brazil,2025-05-16,13.5
Sao Paulo,Brazil,2022-02-14,23.6
Sao Paulo,Brazil,2024-12-20,22.5
Sao Paulo,Brazil,2018-06-17,14.8
Sao Paulo,Brazil,2019-01-22,22.6
Sao Paulo,Brazil,2019-10-08,20.9
Sao Paulo,Brazil,2023-07-02,14.8
Sao Paulo,Brazil,2017-11-07,20.6
Sao Paulo,Brazil,2025-06-04,14.8
Sao Paulo,Brazil,2022-12-23,23.8
Sao Paulo,Brazil,2021-12-27,25.6
Sao Paulo,Brazil,2022-04-30,17.5
Sao Paulo,Brazil,2023-06-08,18.5
Sao Paulo,Brazil,2017-07-09,16.3
Sao Paulo,Brazil,2025-09-20,18.9
Sao Paulo,Brazil,2020-04-01,19.0
Sao Paulo,Brazil,2019-09-02,18.7
Sao Paulo,Brazil,2024-07-14,17.6
Sao Paulo,Brazil,2025-11-12,20.3
Sao Paulo,Brazil,2025-04-30,19.5
Sao Paulo,Brazil,2020-09-22,19.7
Sao Paulo,Brazil,2016-03-20,20.5
Sao Paulo,Brazil,2024-05-26,7.6
Sao Paulo,Brazil,2019-12-04,21.3
Sao Paulo,Brazil,2018-07-07,13.7
Sao Paulo,Brazil,2023-04-23,14.7
Sao Paulo,Brazil,2016-06-13,15.8
Sao Paulo,Brazil,2018-03-27,14.4
Sao Paulo,Brazil,2025-05-30,17.0
Sao Paulo,Brazil,2017-06-01,16.0
Sao Paulo,Brazil,2021-04-23,16.3
Sao Paulo,Brazil,2018-06-11,13.4
Sao Paulo,Brazil,2021-03-19,18.8
Sao Paulo,Brazil,2017-11-18,19.7
Sao Paulo,Brazil,2022-10-17,18.7
Sao Paulo,Brazil,2017-04-14,16.0
Sao Paulo,Brazil,2024-09-20,21.8
Sao Paulo,Brazil,2017-03-18,15.2
Sao Paulo,Brazil,2022-06-28,17.3
Sao Paulo,Brazil,2023-08-06,17.0
Sao Paulo,Brazil,2020-03-17,17.4
Sao Paulo,Brazil,2016-11-07,24.4
Sao Paulo,Brazil,2022-08-22,16.6
Sao Paulo,Brazil,2017-02-21,18.9
Sao Paulo,Brazil,2023-10-26,22.4
Sao Paulo,Brazil,2022-09-25,16.0
Sao Paulo,Brazil,2025-01-12,27.5
Sao Paulo,Brazil,2024-10-10,24.9
Sao Paulo,Brazil,2016-06-17,14.4
Sao Paulo,Brazil,2020-02-26,23.0
Sao Paulo,Brazil,2016-10-09,19.0
Sao Paulo,Brazil,2025-07-11,15.7
Sao Paulo,Brazil,2020-09-16,19.7
Sao Paulo,Brazil,2020-01-23,22.1
Sao Paulo,Brazil,2023-02-16,23.6
Sao Paulo,Brazil,2017-09-18,18.0
Sao Paulo,Brazil,2020-11-18,24.1
Sao Paulo,Brazil,2023-04-18,20.0
Sao Paulo,Brazil,2019-01-11,20.0
Sao Paulo,Brazil,2024-09-07,15.7
Sao Paulo,Brazil,2021-06-03,12.2
Sao Paulo,Brazil,2022-08-23,18.5
Sao Paulo,Brazil,2019-01-04,22.8
Sao Paulo,Brazil,2016-12-20,24.9
Sao Paulo,Brazil,2019-02-16,22.9
Sao Paulo,Brazil,2021-03-18,18.9
Sao Paulo,Brazil,2022-05-23,14.6
Sao Paulo,Brazil,2016-04-27,16.0
Sao Paulo,Brazil,2021-07-17,16.7
Sao Paulo,Brazil,2018-05-18,15.3
Sao Paulo,Brazil,2019-12-24,24.1
Sao Paulo,Brazil,2025-11-14,21.0
Sao Paulo,Brazil,2022-09-07,18.1
Sao Paulo,Brazil,2016-02-11,20.6
Sao Paulo,Brazil,2021-10-17,22.1
Sao Paulo,Brazil,2024-01-28,22.5
Sao Paulo,Brazil,2020-07-22,12.8
Sao Paulo,Brazil,2023-09-29,20.4
Sao Paulo,Brazil,2021-05-04,15.5
Sao Paulo,Brazil,2024-11-21,21.2
Sao Paulo,Brazil,2016-03-11,21.5
Sao Paulo,Brazil,2023-10-04,21.2
Sao Paulo,Brazil,2018-09-23,18.8
Sao Paulo,Brazil,2021-04-22,20.1
Sao Paulo,Brazil,2022-03-17,17.9
Sao Paulo,Brazil,2024-05-13,16.1
Sao Paulo,Brazil,2022-03-04,19.3
Sao Paulo,Brazil,2019-01-14,26.0
Sao Paulo,Brazil,2019-06-09,15.7
Sao Paulo,Brazil,2018-02-27,22.2
Sao Paulo,Brazil,2019-07-16,17.7
Sao Paulo,Brazil,2024-07-18,17.7
Sao Paulo,Brazil,2023-09-27,20.5
Sao Paulo,Brazil,2021-06-06,17.0
Sao Paulo,Brazil,2019-02-06,21.5
Sao Paulo,Brazil,2021-11-18,17.5
Sao Paulo,Brazil,2022-09-10,18.6
Sao Paulo,Brazil,2018-03-06,21.6
Sao Paulo,Brazil,2019-04-28,17.4
Sao Paulo,Brazil,2016-02-27,22.4
Sao Paulo,Brazil,2023-12-10,22.0
Sao Paulo,Brazil,2016-08-11,16.7
Sao Paulo,Brazil,2022-03-16,18.8
Sao Paulo,Brazil,2023-02-25,25.9
Sao Paulo,Brazil,2025-09-27,20.0
Sao Paulo,Brazil,2016-02-20,20.7
Sao Paulo,Brazil,2022-06-09,15.2
Sao Paulo,Brazil,2019-10-27,24.1
Sao Paulo,Brazil,2018-01-25,24.4
Sao Paulo,Brazil,2025-08-30,17.8
Sao Paulo,Brazil,2021-05-10,17.2
Sao Paulo,Brazil,2021-07-07,16.2
Sao Paulo,Brazil,2016-10-30,19.4
Sao Paulo,Brazil,2017-09-13,17.6
Sao Paulo,Brazil,2017-09-03,20.2
Sao Paulo,Brazil,2016-12-14,19.0
Sao Paulo,Brazil,2018-10-13,23.6
Sao Paulo,Brazil,2022-10-19,23.7
Sao Paulo,Brazil,2022-09-07,19.0
Sao Paulo,Brazil,2021-11-10,21.2
Sao Paulo,Brazil,2020-04-07,16.4
Sao Paulo,Brazil,2025-08-24,18.4
Sao Paulo,Brazil,2022-08-07,18.5
Sao Paulo,Brazil,2022-12-18,23.5
Sao Paulo,Brazil,2016-09-03,15.9
Sao Paulo,Brazil,2024-07-21,14.0
Sao Paulo,Brazil,2018-05-01,16.0
Sao Paulo,Brazil,2016-11-28,22.2
Sao Paulo,Brazil,2017-10-05,20.7
Sao Paulo,Brazil,2017-10-03,22.9
Sao Paulo,Brazil,2016-01-11,20.8
Sao Paulo,Brazil,2021-04-08,20.2
Sao Paulo,Brazil,2019-04-07,20.2
Sao Paulo,Brazil,2019-03-04,21.2
Sao Paulo,Brazil,2023-11-19,23.5
Sao Paulo,Brazil,2018-08-14,16.6
Sao Paulo,Brazil,2018-12-19,24.3
Sao Paulo,Brazil,2023-06-01,13.1
Sao Paulo,Brazil,2025-01-05,25.4
Sao Paulo,Brazil,2022-02-08,21.4
Sao Paulo,Brazil,2018-07-09,13.1
Sao Paulo,Brazil,2025-04-08,15.0
Sao Paulo,Brazil,2017-08-05,17.8
Sao Paulo,Brazil,2019-06-13,16.2
Sao Paulo,Brazil,2022-09-03,18.3
Sao Paulo,Brazil,2019-03-28,16.6
Sao Paulo,Brazil,2020-12-03,25.6
Sao Paulo,Brazil,2023-11-06,24.6
Sao Paulo,Brazil,2020-07-06,17.9
Sao Paulo,Brazil,2021-07-15,15.1
Sao Paulo,Brazil,2020-11-28,23.8
Sao Paulo,Brazil,2020-11-04,22.7
Sao Paulo,Brazil,2024-03-27,18.6
Sao Paulo,Brazil,2017-01-09,24.8
Sao Paulo,Brazil,2018-07-26,20.0
Sao Paulo,Brazil,2022-06-14,14.7
Sao Paulo,Brazil,2022-08-01,24.0
Sao Paulo,Brazil,2023-07-16,13.5
Sao Paulo,Brazil,2025-03-18,19.9
Sao Paulo,Brazil,2024-06-24,16.2
Sao Paulo,Brazil,2017-12-18,20.7
Sao Paulo,Brazil,2019-02-13,22.6
Sao Paulo,Brazil,2018-01-13,25.4
Sao Paulo,Brazil,2025-02-17,21.7
Sao Paulo,Brazil,2021-07-07,17.9
Sao Paulo,Brazil,2020-07-30,16.0
Sao Paulo,Brazil,2019-09-27,19.6
Sao Paulo,Brazil,2017-10-20,22.3
Sao Paulo,Brazil,2019-09-12,17.0
Sao Paulo,Brazil,2023-06-06,17.0
Sao Paulo,Brazil,2020-06-28,16.6
Sao Paulo,Brazil,2021-02-05,20.1
Sao Paulo,Brazil,2016-12-26,22.9
Sao Paulo,Brazil,2024-08-30,19.8
Sao Paulo,Brazil,2020-07-13,18.4
Sao Paulo,Brazil,2016-01-05,20.7
Sao Paulo,Brazil,2023-05-17,17.9
Sao Paulo,Brazil,2016-08-10,15.4
Sao Paulo,Brazil,2018-02-07,19.6
Sao Paulo,Brazil,2021-08-03,16.3
Sao Paulo,Brazil,2023-01-05,22.9
Sao Paulo,Brazil,2018-12-29,23.8
Sao Paulo,Brazil,2022-02-27,22.3
Sao Paulo,Brazil,2025-11-16,24.1
Sao Paulo,Brazil,2023-10-31,21.6
Sao Paulo,Brazil,2023-01-24,23.0
Sao Paulo,Brazil,2022-10-29,23.0
Sao Paulo,Brazil,2019-06-26,12.6
Sao Paulo,Brazil,2022-03-06,22.8
Sao Paulo,Brazil,2018-07-09,15.9
Sao Paulo,Brazil,2025-06-08,17.6
Sao Paulo,Brazil,2017-04-26,16.2
Sao Paulo,Brazil,2023-04-07,19.7
Sao Paulo,Brazil,2024-01-14,21.2
Sao Paulo,Brazil,2019-04-10,16.8
Sao Paulo,Brazil,2025-05-12,16.5
Sao Paulo,Brazil,2021-05-30,17.4
Sao Paulo,Brazil,2022-03-07,20.5
Sao Paulo,Brazil,2017-08-15,13.8
Sao Paulo,Brazil,2021-09-12,22.0
Sao Paulo,Brazil,2024-05-14,19.3
Sao Paulo,Brazil,2019-02-05,19.7
Sao Paulo,Brazil,2024-08-30,18.7
Sao Paulo,Brazil,2024-10-31,20.2
Sao Paulo,Brazil,2021-09-10,18.8
Sao Paulo,Brazil,2024-02-21,21.7
Sao Paulo,Brazil,2019-05-07,18.2
Sao Paulo,Brazil,2023-05-27,13.7
Sao Paulo,Brazil,2021-06-28,17.1
Sao Paulo,Brazil,2021-06-06,14.1
Sao Paulo,Brazil,2019-11-14,21.1
Sao Paulo,Brazil,2020-03-25,22.3
Sao Paulo,Brazil,2021-02-08,26.0
Sao Paulo,Brazil,2023-10-27,20.3
Sao Paulo,Brazil,2018-09-05,17.2
Sao Paulo,Brazil,2024-09-11,18.3
Sao Paulo,Brazil,2020-08-09,20.1
Sao Paulo,Brazil,2023-11-28,24.2
Sao Paulo,Brazil,2025-02-05,18.0
Sao Paulo,Brazil,2024-11-19,27.1
Sao Paulo,Brazil,2025-03-15,19.5
Sao Paulo,Brazil,2016-05-31,14.9
Sao Paulo,Brazil,2017-06-01,13.2
Sao Paulo,Brazil,2025-10-02,20.3
Sao Paulo,Brazil,2017-02-15,23.4
Sao Paulo,Brazil,2021-11-24,21.6
Sao Paulo,Brazil,2021-02-14,23.1
Sao Paulo,Brazil,2025-10-07,20.8
Sao Paulo,Brazil,2023-05-05,17.7
Sao Paulo,Brazil,2024-10-06,20.5
Sao Paulo,Brazil,2018-12-21,22.0
Sao Paulo,Brazil,2023-04-15,20.6
Sao Paulo,Brazil,2016-11-24,25.5
Sao Paulo,Brazil,2025-08-20,14.4
Sao Paulo,Brazil,2021-12-25,22.3
Sao Paulo,Brazil,2024-01-22,24.2
Sao Paulo,Brazil,2025-12-13,23.8
Sao Paulo,Brazil,2016-05-27,11.9
Sao Paulo,Brazil,2022-12-04,26.0
Sao Paulo,Brazil,2019-03-23,20.8
Sao Paulo,Brazil,2018-07-20,16.0
Sao Paulo,Brazil,2017-02-07,20.2
Sao Paulo,Brazil,2024-07-11,13.1
Sao Paulo,Brazil,2020-12-22,20.6
Sao Paulo,Brazil,2017-11-12,21.2
Sao Paulo,Brazil,2016-07-07,11.7
Sao Paulo,Brazil,2019-08-21,18.0
Sao Paulo,Brazil,2020-03-15,18.5
Sao Paulo,Brazil,2020-10-30,23.6
Sao Paulo,Brazil,2022-05-07,18.7
Sao Paulo,Brazil,2023-08-24,18.1
Sao Paulo,Brazil,2016-11-19,21.8
Sao Paulo,Brazil,2022-11-01,24.1
Sao Paulo,Brazil,2018-09-13,17.0
Sao Paulo,Brazil,2021-07-31,17.4
Sao Paulo,Brazil,2021-03-03,20.4
Sao Paulo,Brazil,2023-02-25,21.3
Sao Paulo,Brazil,2016-02-08,23.8
Sao Paulo,Brazil,2025-01-08,21.8
Sao Paulo,Brazil,2022-02-16,22.2
Sao Paulo,Brazil,2017-10-09,25.1
Sao Paulo,Brazil,2022-08-03,18.8
Sao Paulo,Brazil,2019-05-10,15.3
Sao Paulo,Brazil,2018-10-21,19.9
Sao Paulo,Brazil,2021-02-14,22.7
Sao Paulo,Brazil,2020-04-24,16.3
Sao Paulo,Brazil,2025-07-27,14.8
Sao Paulo,Brazil,2022-05-31,16.0
Sao Paulo,Brazil,2020-01-10,17.8
Sao Paulo,Brazil,2019-04-24,14.6
Sao Paulo,Brazil,2016-03-30,21.9
Sao Paulo,Brazil,2019-01-29,22.3
Sao Paulo,Brazil,2016-02-03,19.7
Sao Paulo,Brazil,2024-05-08,15.5
Sao Paulo,Brazil,2016-07-19,18.9
Sao Paulo,Brazil,2025-05-04,15.2
Sao Paulo,Brazil,2019-03-18,20.2
Sao Paulo,Brazil,2024-12-28,22.1
Sao Paulo,Brazil,2019-12-14,23.8
Sao Paulo,Brazil,2018-10-23,22.9
Sao Paulo,Brazil,2023-08-08,17.0
Sao Paulo,Brazil,2023-08-20,14.1
Sao Paulo,Brazil,2025-05-26,16.6
Sao Paulo,Brazil,2023-01-14,24.0
Sao Paulo,Brazil,2023-04-01,22.4
Sao Paulo,Brazil,2016-05-16,17.2
Sao Paulo,Brazil,2022-07-01,14.9
Sao Paulo,Brazil,2019-04-23,18.3
Sao Paulo,Brazil,2019-08-31,18.1
Sao Paulo,Brazil,2017-06-25,14.4
Sao Paulo,Brazil,2024-10-26,16.7
Sao Paulo,Brazil,2021-12-14,22.3
Sao Paulo,Brazil,2021-08-17,20.5
Sao Paulo,Brazil,2018-11-18,21.0
Sao Paulo,Brazil,2025-03-31,23.9
Sao Paulo,Brazil,2019-04-23,15.8
Sao Paulo,Brazil,2024-05-15,18.9
Sao Paulo,Brazil,2021-04-02,16.3
Sao Paulo,Brazil,2016-11-04,25.7
Sao Paulo,Brazil,2025-08-24,21.8
Sao Paulo,Brazil,2023-08-02,15.7
Sao Paulo,Brazil,2025-06-26,10.1
Sao Paulo,Brazil,2025-01-08,22.6
Sao Paulo,Brazil,2020-06-04,15.5
Sao Paulo,Brazil,2016-02-27,21.1
Sao Paulo,Brazil,2020-02-18,22.8
Sao Paulo,Brazil,2023-07-18,16.0
Sao Paulo,Brazil,2020-04-09,16.8
Sao Paulo,Brazil,2025-03-22,18.4
Sao Paulo,Brazil,2023-07-27,14.8
Sao Paulo,Brazil,2018-08-15,14.5
Sao Paulo,Brazil,2022-04-18,18.3
Sao Paulo,Brazil,2019-09-05,19.7
Sao Paulo,Brazil,2016-09-15,18.5
Sao Paulo,Brazil,2023-02-15,23.9
Sao Paulo,Brazil,2019-05-22,12.2
Sao Paulo,Brazil,2023-04-13,17.2
Sao Paulo,Brazil,2016-06-01,16.4
Sao Paulo,Brazil,2019-05-31,16.9
Sao Paulo,Brazil,2018-08-19,17.4
Sao Paulo,Brazil,2025-12-13,21.6
Sao Paulo,Brazil,2020-02-28,20.7
Sao Paulo,Brazil,2023-07-09,18.7
Sao Paulo,Brazil,2022-01-21,22.1
Sao Paulo,Brazil,2020-09-12,16.3
Sao Paulo,Brazil,2025-12-05,21.8
Sao Paulo,Brazil,2020-08-26,15.8
Sao Paulo,Brazil,2022-11-26,20.1
Sao Paulo,Brazil,2020-07-29,17.9
Sao Paulo,Brazil,2023-09-28,19.5
Sao Paulo,Brazil,2020-02-26,21.7
Sao Paulo,Brazil,2018-08-25,19.9
Sao Paulo,Brazil,2025-08-04,13.0
Sao Paulo,Brazil,2020-02-13,26.3
Sao Paulo,Brazil,2022-02-08,24.6
Sao Paulo,Brazil,2016-09-05,16.9
Sao Paulo,Brazil,2020-06-18,14.8
Sao Paulo,Brazil,2025-07-05,20.9
Sao Paulo,Brazil,2025-03-29,16.3
Sao Paulo,Brazil,2023-03-13,21.1
Sao Paulo,Brazil,2023-03-04,20.5
Sao Paulo,Brazil,2024-10-27,21.7
Sao Paulo,Brazil,2019-09-28,20.1
Sao Paulo,Brazil,2022-05-01,18.1
Sao Paulo,Brazil,2018-04-20,20.8
Sao Paulo,Brazil,2018-04-28,18.7
Sao Paulo,Brazil,2022-07-29,17.2
Sao Paulo,Brazil,2019-09-07,22.6
Sao Paulo,Brazil,2024-09-06,21.2
Sao Paulo,Brazil,2016-01-12,26.8
Sao Paulo,Brazil,2019-02-09,22.9
Sao Paulo,Brazil,2017-06-16,14.8
Sao Paulo,Brazil,2022-01-21,23.1
Sao Paulo,Brazil,2023-05-31,17.1
Sao Paulo,Brazil,2025-09-18,19.7
Sao Paulo,Brazil,2024-11-09,22.7
Sao Paulo,Brazil,2024-11-03,22.5
Sao Paulo,Brazil,2017-12-14,25.3
Sao Paulo,Brazil,2018-12-22,26.7
Sao Paulo,Brazil,2021-11-24,24.2
Sao Paulo,Brazil,2017-04-10,18.3
Sao Paulo,Brazil,2024-09-21,17.4
Sao Paulo,Brazil,2020-01-22,22.1
Sao Paulo,Brazil,2021-08-25,17.7
Sao Paulo,Brazil,2018-06-26,16.2
Sao Paulo,Brazil,2024-10-13,20.9
Sao Paulo,Brazil,2025-09-21,18.7
Sao Paulo,Brazil,2023-03-20,18.4
Sao Paulo,Brazil,2016-05-07,18.9
Sao Paulo,Brazil,2020-07-03,16.5
Sao Paulo,Brazil,2020-10-12,20.2
Sao Paulo,Brazil,2020-12-21,21.5
Sao Paulo,Brazil,2016-10-28,23.4
Sao Paulo,Brazil,2017-08-30,17.1
Sao Paulo,Brazil,2016-09-26,22.0
Sao Paulo,Brazil,2022-07-25,18.2
Sao Paulo,Brazil,2022-02-24,20.9
Sao Paulo,Brazil,2022-09-12,17.1
Sao Paulo,Brazil,2021-12-13,22.9
Sao Paulo,Brazil,2020-10-28,24.3
Sao Paulo,Brazil,2017-02-10,22.4
Sao Paulo,Brazil,2023-05-05,15.9
Sao Paulo,Brazil,2023-04-20,19.5
Sao Paulo,Brazil,2025-09-15,17.4
Sao Paulo,Brazil,2018-05-30,12.1
Sao Paulo,Brazil,2020-08-21,19.4
Sao Paulo,Brazil,2019-10-20,22.4
Sao Paulo,Brazil,2024-03-07,18.8
Sao Paulo,Brazil,2017-01-24,22.3
Sao Paulo,Brazil,2018-11-10,24.2
Sao Paulo,Brazil,2020-03-13,23.1
Sao Paulo,Brazil,2021-04-26,16.5
Sao Paulo,Brazil,2016-10-01,21.0
Sao Paulo,Brazil,2020-11-03,22.8
Sao Paulo,Brazil,2017-01-30,22.6
Sao Paulo,Brazil,2017-06-16,13.7
Sao Paulo,Brazil,2022-03-28,23.9
Sao Paulo,Brazil,2022-04-19,19.6
Sao Paulo,Brazil,2019-09-12,18.0
Sao Paulo,Brazil,2025-10-18,19.6
Sao Paulo,Brazil,2023-06-18,17.6
Sao Paulo,Brazil,2024-02-01,21.9
Sao Paulo,Brazil,2016-07-29,19.1
Sao Paulo,Brazil,2019-12-11,23.0
Sao Paulo,Brazil,2017-02-28,19.9
Sao Paulo,Brazil,2023-05-13,15.9
Sao Paulo,Brazil,2021-05-29,16.1
Sao Paulo,Brazil,2025-06-24,16.5
Sao Paulo,Brazil,2022-03-28,17.0
Sao Paulo,Brazil,2022-06-09,18.2
Sao Paulo,Brazil,2018-07-15,17.3
Sao Paulo,Brazil,2024-08-09,13.3
Sao Paulo,Brazil,2025-03-06,18.6
Sao Paulo,Brazil,2022-03-30,17.0
Sao Paulo,Brazil,2016-04-17,15.6
Sao Paulo,Brazil,2023-10-11,19.1
Sao Paulo,Brazil,2018-12-31,25.1
Sao Paulo,Brazil,2024-07-19,16.3
Sao Paulo,Brazil,2019-06-19,17.2
Sao Paulo,Brazil,2018-01-13,22.4
Sao Paulo,Brazil,2025-10-02,22.2
Sao Paulo,Brazil,2016-10-12,23.4
Sao Paulo,Brazil,2017-08-04,16.3
Sao Paulo,Brazil,2017-01-10,18.0
Sao Paulo,Brazil,2024-05-14,14.5
Sao Paulo,Brazil,2021-02-01,22.2
Sao Paulo,Brazil,2019-10-28,22.9
Sao Paulo,Brazil,2019-08-21,19.0
Sao Paulo,Brazil,2024-09-16,21.8
Sao Paulo,Brazil,2025-11-27,22.3
Sao Paulo,Brazil,2016-08-03,18.5
Sao Paulo,Brazil,2016-07-22,18.9
Sao Paulo,Brazil,2023-07-23,18.0
Sao Paulo,Brazil,2020-10-02,21.5
Sao Paulo,Brazil,2021-06-12,14.0
Sao Paulo,Brazil,2018-06-01,14.6
Sao Paulo,Brazil,2024-06-19,13.8
Sao Paulo,Brazil,2017-03-30,19.0
Sao Paulo,Brazil,2019-03-06,19.6
Sao Paulo,Brazil,2021-11-28,20.9
Sao Paulo,Brazil,2023-06-25,15.1
Sao Paulo,Brazil,2022-09-20,20.8
Sao Paulo,Brazil,2016-08-12,18.8
Sao Paulo,Brazil,2018-05-15,16.5
Sao Paulo,Brazil,2024-08-09,17.9
Sao Paulo,Brazil,2019-09-05,19.7
Sao Paulo,Brazil,2017-05-06,20.1
Sao Paulo,Brazil,2017-12-20,23.8
Sao Paulo,Brazil,2017-06-13,13.4
Sao Paulo,Brazil,2021-08-11,19.1
Sao Paulo,Brazil,2022-04-07,20.4
Sao Paulo,Brazil,2016-10-22,18.5
Sao Paulo,Brazil,2020-06-14,16.0
Sao Paulo,Brazil,2016-03-17,19.5
Sao Paulo,Brazil,2021-02-26,24.8
Sao Paulo,Brazil,2022-06-16,13.7
Sao Paulo,Brazil,2020-10-24,19.0
Sao Paulo,Brazil,2020-09-06,17.2
Sao Paulo,Brazil,2019-03-31,19.3
Sao Paulo,Brazil,2019-08-23,17.9
Sao Paulo,Brazil,2017-12-04,24.3
Sao Paulo,Brazil,2025-04-30,14.5
Sao Paulo,Brazil,2023-09-25,20.6
Sao Paulo,Brazil,2025-06-21,15.2
Sao Paulo,Brazil,2017-03-09,20.6
Sao Paulo,Brazil,2021-11-16,25.5
Sao Paulo,Brazil,2016-11-18,21.6
Sao Paulo,Brazil,2019-10-22,22.7
Sao Paulo,Brazil,2018-06-26,15.0
Sao Paulo,Brazil,2021-09-21,20.6
Sao Paulo,Brazil,2023-02-06,24.2
Sao Paulo,Brazil,2024-09-14,20.7
Sao Paulo,Brazil,2019-12-02,20.4
Sao Paulo,Brazil,2023-03-28,23.3
Sao Paulo,Brazil,2025-02-20,22.2
Sao Paulo,Brazil,2018-11-14,23.5
Sao Paulo,Brazil,2018-03-19,20.4
Sao Paulo,Brazil,2024-07-06,16.8
Sao Paulo,Brazil,2023-05-08,21.1
Sao Paulo,Brazil,2023-01-16,25.5
Sao Paulo,Brazil,2021-07-16,13.4
Sao Paulo,Brazil,2022-07-01,16.2
Sao Paulo,Brazil,2021-01-12,21.6
Sao Paulo,Brazil,2023-03-18,16.2
Sao Paulo,Brazil,2023-02-15,23.7
Sao Paulo,Brazil,2023-01-13,23.2
Sao Paulo,Brazil,2019-07-18,16.4
Sao Paulo,Brazil,2020-12-16,24.2
Sao Paulo,Brazil,2023-01-30,22.2
Sao Paulo,Brazil,2016-08-18,18.9
Sao Paulo,Brazil,2019-12-12,21.8
Sao Paulo,Brazil,2021-01-25,22.8
Sao Paulo,Brazil,2016-06-03,19.3
Sao Paulo,Brazil,2016-11-10,24.0
Sao Paulo,Brazil,2023-03-25,22.0
Sao Paulo,Brazil,2022-11-24,20.2
Sao Paulo,Brazil,2022-08-30,15.9
Sao Paulo,Brazil,2022-03-20,19.7
Sao Paulo,Brazil,2024-11-17,22.9
Sao Paulo,Brazil,2025-01-30,22.1
Sao Paulo,Brazil,2022-05-30,14.9
Sao Paulo,Brazil,2021-05-02,15.6
Sao Paulo,Brazil,2021-08-15,17.6
Sao Paulo,Brazil,2017-02-27,21.8
Sao Paulo,Brazil,2025-02-03,24.0
Sao Paulo,Brazil,2024-01-04,22.4
Sao Paulo,Brazil,2016-12-11,22.3
Sao Paulo,Brazil,2018-10-11,20.9
Sao Paulo,Brazil,2023-12-08,21.5
Sao Paulo,Brazil,2021-11-11,23.5
Sao Paulo,Brazil,2022-11-02,23.3
Sao Paulo,Brazil,2019-03-04,22.5
Sao Paulo,Brazil,2020-05-05,15.3
Sao Paulo,Brazil,2022-09-14,20.1
Sao Paulo,Brazil,2016-08-02,17.3
Sao Paulo,Brazil,2016-09-26,17.2
Sao Paulo,Brazil,2019-09-12,21.5
Sao Paulo,Brazil,2019-03-09,22.2
Sao Paulo,Brazil,2018-10-29,21.5
Sao Paulo,Brazil,2022-10-04,17.6
Sao Paulo,Brazil,2025-10-16,21.7
Sao Paulo,Brazil,2023-06-11,16.3
Sao Paulo,Brazil,2017-08-02,18.0
Sao Paulo,Brazil,2023-05-11,15.7
Sao Paulo,Brazil,2023-10-31,21.6
Sao Paulo,Brazil,2023-12-13,22.7
Sao Paulo,Brazil,2016-12-13,22.9
Sao Paulo,Brazil,2024-11-16,24.7
Sao Paulo,Brazil,2019-09-07,19.8
Sao Paulo,Brazil,2025-04-18,15.1
Sao Paulo,Brazil,2024-04-14,22.5
Sao Paulo,Brazil,2017-01-17,23.1
Sao Paulo,Brazil,2023-03-31,17.9
Sao Paulo,Brazil,2016-03-15,18.0
Sao Paulo,Brazil,2020-01-25,21.1
Sao Paulo,Brazil,2019-10-31,26.7
Sao Paulo,Brazil,2024-08-04,15.3
Sao Paulo,Brazil,2017-07-17,16.1
Sao Paulo,Brazil,2017-09-26,23.3
Sao Paulo,Brazil,2017-02-18,23.5
Sao Paulo,Brazil,2021-09-10,19.3
Sao Paulo,Brazil,2025-11-28,19.5
Sao Paulo,Brazil,2021-11-26,25.0
Sao Paulo,Brazil,2024-08-04,17.1
Sao Paulo,Brazil,2022-12-06,24.8
Sao Paulo,Brazil,2017-10-26,23.3
Sao Paulo,Brazil,2018-01-10,25.1
Sao Paulo,Brazil,2025-01-26,19.9
Sao Paulo,Brazil,2017-11-09,22.5
Sao Paulo,Brazil,2020-02-01,22.0
Sao Paulo,Brazil,2023-08-02,15.6
Sao Paulo,Brazil,2022-11-05,17.2
Sao Paulo,Brazil,2019-03-13,20.3
Sao Paulo,Brazil,2018-08-16,13.8
Sao Paulo,Brazil,2021-12-27,23.9
Sao Paulo,Brazil,2024-10-17,26.6
Sao Paulo,Brazil,2021-04-05,19.8
Sao Paulo,Brazil,2023-08-10,16.2
Sao Paulo,Brazil,2022-05-25,18.3
Sao Paulo,Brazil,2019-02-28,20.9
Sao Paulo,Brazil,2024-09-22,17.9
Sao Paulo,Brazil,2017-10-25,23.4
Sao Paulo,Brazil,2025-02-27,22.0
Sao Paulo,Brazil,2025-10-15,23.8
Sao Paulo,Brazil,2018-10-21,23.7
Sao Paulo,Brazil,2020-02-29,21.8
Sao Paulo,Brazil,2022-03-21,22.6
Sao Paulo,Brazil,2021-10-14,19.9
Sao Paulo,Brazil,2025-07-18,16.6
Sao Paulo,Brazil,2017-10-18,22.0
Sao Paulo,Brazil,2019-01-22,20.7
Sao Paulo,Brazil,2025-04-26,18.1
Sao Paulo,Brazil,2020-11-26,26.9
Sao Paulo,Brazil,2025-02-27,23.6
Sao Paulo,Brazil,2021-01-21,26.5
Sao Paulo,Brazil,2020-08-26,14.9
Sao Paulo,Brazil,2016-08-06,15.2
Sao Paulo,Brazil,2020-04-30,18.3
Sao Paulo,Brazil,2016-11-30,23.0
Sao Paulo,Brazil,2017-02-09,22.6
Sao Paulo,Brazil,2025-05-30,15.5
Sao Paulo,Brazil,2017-08-21,15.8
Sao Paulo,Brazil,2017-07-17,20.3
Sao Paulo,Brazil,2021-04-19,18.9
Sao Paulo,Brazil,2023-10-22,23.3
Sao Paulo,Brazil,2021-04-05,15.7
Sao Paulo,Brazil,2021-01-11,20.1
Sao Paulo,Brazil,2016-03-18,17.0
Sao Paulo,Brazil,2018-11-14,23.0
Sao Paulo,Brazil,2024-02-26,22.4
Sao Paulo,Brazil,2022-10-29,21.1
Sao Paulo,Brazil,2019-03-26,19.2
Sao Paulo,Brazil,2018-08-31,18.0
Sao Paulo,Brazil,2020-09-15,19.8
Sao Paulo,Brazil,2023-03-02,21.6
Sao Paulo,Brazil,2017-03-30,17.0
Sao Paulo,Brazil,2025-05-20,18.5
Sao Paulo,Brazil,2016-03-08,19.0
Sao Paulo,Brazil,2023-02-01,21.1
Sao Paulo,Brazil,2017-08-11,16.8
Sao Paulo,Brazil,2019-04-08,16.0
Sao Paulo,Brazil,2018-09-12,20.2
Sao Paulo,Brazil,2022-05-26,13.5
Sao Paulo,Brazil,2016-12-16,25.1
Sao Paulo,Brazil,2021-11-14,23.5
Sao Paulo,Brazil,2021-11-24,23.0
Sao Paulo,Brazil,2022-02-06,16.4
Sao Paulo,Brazil,2022-03-19,19.6
Sao Paulo,Brazil,2016-03-24,17.7
Sao Paulo,Brazil,2023-02-16,23.3
Sao Paulo,Brazil,2020-05-03,18.5
Sao Paulo,Brazil,2016-03-07,20.4
Sao Paulo,Brazil,2020-01-02,24.0
Sao Paulo,Brazil,2024-03-21,17.9
Sao Paulo,Brazil,2023-05-15,14.0
Sao Paulo,Brazil,2024-03-30,16.6
Sao Paulo,Brazil,2024-06-26,15.3
Sao Paulo,Brazil,2022-02-14,22.5
Sao Paulo,Brazil,2019-10-18,21.9
Sao Paulo,Brazil,2024-09-26,18.8
Sao Paulo,Brazil,2023-09-05,15.5
Sao Paulo,Brazil,2023-01-31,23.3
Sao Paulo,Brazil,2018-01-16,23.5
Sao Paulo,Brazil,2024-09-14,18.5
Sao Paulo,Brazil,2021-02-17,23.1
Sao Paulo,Brazil,2024-11-14,23.1
Sao Paulo,Brazil,2018-03-28,20.5
Sao Paulo,Brazil,2019-06-24,14.5
Sao Paulo,Brazil,2021-10-12,18.0
Sao Paulo,Brazil,2021-04-23,19.7
Sao Paulo,Brazil,2018-11-03,25.1
Sao Paulo,Brazil,2019-03-17,20.6
Sao Paulo,Brazil,2020-01-02,23.9
Sao Paulo,Brazil,2023-05-09,16.2
Sao Paulo,Brazil,2019-09-21,19.1
Sao Paulo,Brazil,2020-11-24,26.7
Sao Paulo,Brazil,2025-12-22,21.9
Sao Paulo,Brazil,2020-05-02,18.3
Sao Paulo,Brazil,2019-10-20,23.8
Sao Paulo,Brazil,2021-07-30,16.0
Sao Paulo,Brazil,2020-02-13,24.2
Sao Paulo,Brazil,2024-12-25,22.5
Sao Paulo,Brazil,2016-12-04,23.3
Sao Paulo,Brazil,2022-10-03,19.6
Sao Paulo,Brazil,2025-03-22,20.4
Sao Paulo,Brazil,2017-02-24,22.9
Sao Paulo,Brazil,2016-11-23,22.4
Sao Paulo,Brazil,2020-12-31,25.0
Sao Paulo,Brazil,2022-10-04,20.2
Sao Paulo,Brazil,2020-12-23,22.4
Sao Paulo,Brazil,2019-12-10,20.5
Sao Paulo,Brazil,2019-12-15,24.6
Sao Paulo,Brazil,2022-11-23,24.7
Sao Paulo,Brazil,2024-11-15,22.9
Sao Paulo,Brazil,2016-08-22,20.2
Sao Paulo,Brazil,2020-01-28,24.1
Sao Paulo,Brazil,2021-10-02,21.3
Sao Paulo,Brazil,2016-05-07,13.9
Sao Paulo,Brazil,2017-08-07,18.5
Sao Paulo,Brazil,2020-11-29,20.9
Sao Paulo,Brazil,2016-05-22,17.2
Sao Paulo,Brazil,2023-03-27,20.3
Sao Paulo,Brazil,2020-02-09,19.1
Sao Paulo,Brazil,2016-05-12,20.2
Sao Paulo,Brazil,2022-10-14,22.4
Sao Paulo,Brazil,2020-02-28,22.9
Sao Paulo,Brazil,2020-03-03,20.1
Sao Paulo,Brazil,2017-07-17,16.2
Sao Paulo,Brazil,2021-12-08,22.3
Sao Paulo,Brazil,2019-02-15,23.2
Sao Paulo,Brazil,2018-10-19,21.9
Sao Paulo,Brazil,2018-02-01,22.5
Sao Paulo,Brazil,2021-08-06,12.3
Sao Paulo,Brazil,2017-04-27,16.8
Sao Paulo,Brazil,2018-12-08,24.0
Sao Paulo,Brazil,2018-05-28,12.9
Sao Paulo,Brazil,2022-11-11,21.7
Sao Paulo,Brazil,2021-07-04,20.0
Sao Paulo,Brazil,2018-03-30,21.9
Sao Paulo,Brazil,2021-01-25,25.6
Sao Paulo,Brazil,2017-12-08,25.2
Sao Paulo,Brazil,2016-12-25,22.3
Sao Paulo,Brazil,2025-02-01,21.0
Sao Paulo,Brazil,2019-08-02,13.0
Sao Paulo,Brazil,2023-06-28,15.2
Sao Paulo,Brazil,2022-01-29,23.3
Sao Paulo,Brazil,2019-04-04,21.8
Sao Paulo,Brazil,2023-12-25,21.1
Sao Paulo,Brazil,2023-12-16,26.1
Sao Paulo,Brazil,2024-11-24,21.9
Rio de Janeiro,Brazil,2020-01-20,27.3
Rio de Janeiro,Brazil,2018-04-03,22.4
Rio de Janeiro,Brazil,2024-11-18,30.4
Rio de Janeiro,Brazil,2016-04-17,23.8
Rio de Janeiro,Brazil,2020-01-18,26.6
Rio de Janeiro,Brazil,2025-01-04,28.2
Rio de Janeiro,Brazil,2022-03-09,27.6
Rio de Janeiro,Brazil,2016-09-26,27.1
Rio de Janeiro,Brazil,2019-06-20,15.5
Rio de Janeiro,Brazil,2021-05-14,21.1
Rio de Janeiro,Brazil,2021-11-23,26.6
Rio de Janeiro,Brazil,2022-06-12,19.2
Rio de Janeiro,Brazil,2016-10-29,28.1
Rio de Janeiro,Brazil,2016-10-30,28.2
Rio de Janeiro,Brazil,2021-01-17,26.1
Rio de Janeiro,Brazil,2017-06-09,18.7
Rio de Janeiro,Brazil,2025-11-05,28.5
Rio de Janeiro,Brazil,2022-08-04,17.2
Rio de Janeiro,Brazil,2018-01-15,28.6
Rio de Janeiro,Brazil,2021-08-21,19.6
Rio de Janeiro,Brazil,2025-09-26,24.9
Rio de Janeiro,Brazil,2017-09-18,23.5
Rio de Janeiro,Brazil,2019-05-30,19.3
Rio de Janeiro,Brazil,2023-12-15,30.5
Rio de Janeiro,Brazil,2018-07-12,15.6
Rio de Janeiro,Brazil,2019-03-09,28.7
Rio de Janeiro,Brazil,2025-06-26,19.2
Rio de Janeiro,Brazil,2022-03-06,25.7
Rio de Janeiro,Brazil,2019-01-29,29.0
Rio de Janeiro,Brazil,2021-12-25,30.2
Rio de Janeiro,Brazil,2017-01-17,27.2
Rio de Janeiro,Brazil,2022-07-06,18.1
Rio de Janeiro,Brazil,2017-09-23,25.0
Rio de Janeiro,Brazil,2022-10-14,28.1
Rio de Janeiro,Brazil,2019-10-14,27.0
Rio de Janeiro,Brazil,2025-04-03,20.3
Rio de Janeiro,Brazil,2025-09-08,22.9
Rio de Janeiro,Brazil,2023-03-12,24.6
Rio de Janeiro,Brazil,2024-08-24,18.4
Rio de Janeiro,Brazil,2024-08-07,18.4
Rio de Janeiro,Brazil,2022-06-01,15.9
Rio de Janeiro,Brazil,2021-08-01,20.7
Rio de Janeiro,Brazil,2025-12-20,27.8
Rio de Janeiro,Brazil,2019-05-22,17.6
Rio de Janeiro,Brazil,2021-06-01,18.5
Rio de Janeiro,Brazil,2020-07-21,22.3
Rio de Janeiro,Brazil,2019-05-03,17.0
Rio de Janeiro,Brazil,2017-10-09,26.0
Rio de Janeiro,Brazil,2020-12-05,26.9
Rio de Janeiro,Brazil,2019-10-25,27.6
Rio de Janeiro,Brazil,2022-10-20,28.6
Rio de Janeiro,Brazil,2019-07-31,22.3
Rio de Janeiro,Brazil,2024-03-26,24.9
Rio de Janeiro,Brazil,2020-06-21,17.9
Rio de Janeiro,Brazil,2017-06-19,18.2
Rio de Janeiro,Brazil,2017-03-10,22.3
Rio de Janeiro,Brazil,2019-07-31,19.2
Rio de Janeiro,Brazil,2021-01-15,29.5
Rio de Janeiro,Brazil,2018-10-12,25.8
Rio de Janeiro,Brazil,2020-04-22,21.2
Rio de Janeiro,Brazil,2025-09-09,21.2
Rio de Janeiro,Brazil,2025-09-14,21.8
Rio de Janeiro,Brazil,2017-10-16,27.6
Rio de Janeiro,Brazil,2024-02-01,23.4
Rio de Janeiro,Brazil,2019-07-04,18.6
Rio de Janeiro,Brazil,2021-10-09,26.2
Rio de Janeiro,Brazil,2021-03-27,21.4
Rio de Janeiro,Brazil,2016-04-04,22.3
Rio de Janeiro,Brazil,2017-01-03,31.1
Rio de Janeiro,Brazil,2018-09-13,21.9
Rio de Janeiro,Brazil,2018-05-31,17.8
Rio de Janeiro,Brazil,2019-02-26,25.5
Rio de Janeiro,Brazil,2021-07-20,15.5
Rio de Janeiro,Brazil,2023-07-17,16.3
Rio de Janeiro,Brazil,2021-04-11,21.6
Rio de Janeiro,Brazil,2017-03-16,24.4
Rio de Janeiro,Brazil,2020-10-31,28.1
Rio de Janeiro,Brazil,2020-02-07,28.4
Rio de Janeiro,Brazil,2024-07-25,18.4
Rio de Janeiro,Brazil,2016-07-28,19.4
Rio de Janeiro,Brazil,2022-05-24,16.9
Rio de Janeiro,Brazil,2019-03-28,22.3
Rio de Janeiro,Brazil,2016-10-28,25.2
Rio de Janeiro,Brazil,2022-03-02,26.8
Rio de Janeiro,Brazil,2019-02-19,27.6
Rio de Janeiro,Brazil,2022-11-07,25.0
Rio de Janeiro,Brazil,2017-05-01,20.7
Rio de Janeiro,Brazil,2020-03-08,25.4
Rio de Janeiro,Brazil,2024-11-29,31.2
Rio de Janeiro,Brazil,2020-02-06,27.1
Rio de Janeiro,Brazil,2024-06-19,19.7
Rio de Janeiro,Brazil,2020-07-02,20.2
Rio de Janeiro,Brazil,2021-08-10,20.4
Rio de Janeiro,Brazil,2024-01-01,29.0
Rio de Janeiro,Brazil,2019-09-26,24.7
Rio de Janeiro,Brazil,2017-09-02,19.4
Rio de Janeiro,Brazil,2022-10-19,26.9
Rio de Janeiro,Brazil,2022-11-16,27.3
Rio de Janeiro,Brazil,2019-07-28,22.2
Rio de Janeiro,Brazil,2024-04-16,26.4
Rio de Janeiro,Brazil,2025-06-13,17.5
Rio de Janeiro,Brazil,2025-04-15,23.1
Rio de Janeiro,Brazil,2021-09-18,20.1
Rio de Janeiro,Brazil,2019-05-12,18.7
Rio de Janeiro,Brazil,2021-04-29,21.0
Rio de Janeiro,Brazil,2023-07-22,17.0
Rio de Janeiro,Brazil,2017-03-24,26.0
Rio de Janeiro,Brazil,2024-12-07,28.5
Rio de Janeiro,Brazil,2024-02-18,28.4
Rio de Janeiro,Brazil,2022-09-10,20.4
Rio de Janeiro,Brazil,2021-04-27,20.1
Rio de Janeiro,Brazil,2024-09-14,25.8
Rio de Janeiro,Brazil,2022-06-27,15.2
Rio de Janeiro,Brazil,2022-07-18,17.0
Rio de Janeiro,Brazil,2021-05-21,20.2
Rio de Janeiro,Brazil,2022-12-13,31.4
Rio de Janeiro,Brazil,2024-09-07,22.9
Rio de Janeiro,Brazil,2023-08-20,19.6
Rio de Janeiro,Brazil,2018-09-19,28.1
Rio de Janeiro,Brazil,2017-03-26,24.1
Rio de Janeiro,Brazil,2018-02-20,28.0
Rio de Janeiro,Brazil,2017-09-12,22.8
Rio de Janeiro,Brazil,2020-08-18,19.8
Rio de Janeiro,Brazil,2024-09-09,20.5
Rio de Janeiro,Brazil,2022-11-09,31.2
Rio de Janeiro,Brazil,2024-04-01,20.6
Rio de Janeiro,Brazil,2024-02-27,26.7
Rio de Janeiro,Brazil,2018-04-29,20.6
Rio de Janeiro,Brazil,2022-04-16,19.9
Rio de Janeiro,Brazil,2021-11-22,30.9
Rio de Janeiro,Brazil,2020-03-23,22.9
Rio de Janeiro,Brazil,2021-12-23,30.1
Rio de Janeiro,Brazil,2019-11-03,24.3
Rio de Janeiro,Brazil,2025-09-23,22.8
Rio de Janeiro,Brazil,2024-01-31,26.2
Rio de Janeiro,Brazil,2018-12-18,25.7
Rio de Janeiro,Brazil,2022-11-03,22.2
Rio de Janeiro,Brazil,2019-02-16,27.1
Rio de Janeiro,Brazil,2022-04-04,20.9
Rio de Janeiro,Brazil,2019-05-04,24.4
Rio de Janeiro,Brazil,2024-08-24,20.7
Rio de Janeiro,Brazil,2023-11-27,29.8
Rio de Janeiro,Brazil,2021-06-25,17.2
Rio de Janeiro,Brazil,2024-12-01,30.4
Rio de Janeiro,Brazil,2024-02-03,27.4
Rio de Janeiro,Brazil,2023-08-03,20.4
Rio de Janeiro,Brazil,2022-02-02,23.5
Rio de Janeiro,Brazil,2025-03-06,28.9
Rio de Janeiro,Brazil,2019-11-14,31.4
Rio de Janeiro,Brazil,2019-04-04,21.3
Rio de Janeiro,Brazil,2016-06-21,17.3
Rio de Janeiro,Brazil,2019-11-19,31.2
Rio de Janeiro,Brazil,2020-12-16,27.1
Rio de Janeiro,Brazil,2018-05-26,15.8
Rio de Janeiro,Brazil,2018-04-07,22.8
Rio de Janeiro,Brazil,2022-04-21,19.4
Rio de Janeiro,Brazil,2023-10-22,26.1
Rio de Janeiro,Brazil,2024-04-22,21.6
Rio de Janeiro,Brazil,2022-07-31,19.2
Rio de Janeiro,Brazil,2021-12-15,29.6
Rio de Janeiro,Brazil,2018-07-13,17.9
Rio de Janeiro,Brazil,2020-08-19,20.1
Rio de Janeiro,Brazil,2019-09-14,22.6
Rio de Janeiro,Brazil,2024-08-23,20.0
Rio de Janeiro,Brazil,2017-07-17,21.0
Rio de Janeiro,Brazil,2017-10-08,25.1
Rio de Janeiro,Brazil,2020-07-24,16.5
Rio de Janeiro,Brazil,2021-05-02,16.6
Rio de Janeiro,Brazil,2021-05-09,17.5
Rio de Janeiro,Brazil,2019-03-22,20.8
Rio de Janeiro,Brazil,2019-08-08,19.5
Rio de Janeiro,Brazil,2024-08-14,20.9
Rio de Janeiro,Brazil,2017-01-01,28.1
Rio de Janeiro,Brazil,2024-04-13,20.3
Rio de Janeiro,Brazil,2024-02-09,27.4
Rio de Janeiro,Brazil,2017-12-18,28.5
Rio de Janeiro,Brazil,2020-09-07,23.2
Rio de Janeiro,Brazil,2016-05-28,17.6
Rio de Janeiro,Brazil,2025-05-18,17.1
Rio de Janeiro,Brazil,2024-05-25,20.0
Rio de Janeiro,Brazil,2025-10-12,29.1
Rio de Janeiro,Brazil,2016-02-07,25.4
Rio de Janeiro,Brazil,2019-05-07,18.8
Rio de Janeiro,Brazil,2019-10-04,24.3
Rio de Janeiro,Brazil,2019-03-11,21.9
Rio de Janeiro,Brazil,2021-11-17,28.9
Rio de Janeiro,Brazil,2021-07-16,19.3
Rio de Janeiro,Brazil,2021-08-27,20.5
Rio de Janeiro,Brazil,2021-04-01,22.1
Rio de Janeiro,Brazil,2019-09-16,26.6
Rio de Janeiro,Brazil,2017-10-27,26.3
Rio de Janeiro,Brazil,2024-01-22,25.3
Rio de Janeiro,Brazil,2018-02-01,29.5
Rio de Janeiro,Brazil,2019-04-23,20.8
Rio de Janeiro,Brazil,2022-05-14,18.6
Rio de Janeiro,Brazil,2022-11-07,26.3
Rio de Janeiro,Brazil,2025-08-07,18.3
Rio de Janeiro,Brazil,2020-10-17,24.4
Rio de Janeiro,Brazil,2021-10-11,24.4
Rio de Janeiro,Brazil,2017-01-25,29.8
Rio de Janeiro,Brazil,2018-01-26,30.3
Rio de Janeiro,Brazil,2018-10-13,25.2
Rio de Janeiro,Brazil,2016-01-28,27.8
Rio de Janeiro,Brazil,2024-06-14,19.5
Rio de Janeiro,Brazil,2018-12-29,30.6
Rio de Janeiro,Brazil,2024-02-08,26.7
Rio de Janeiro,Brazil,2022-06-04,21.2
Rio de Janeiro,Brazil,2023-10-08,25.3
Rio de Janeiro,Brazil,2018-08-25,21.9
Rio de Janeiro,Brazil,2019-06-10,18.5
Rio de Janeiro,Brazil,2017-10-16,23.8
Rio de Janeiro,Brazil,2025-12-15,30.3
Rio de Janeiro,Brazil,2023-11-21,28.6
Rio de Janeiro,Brazil,2023-03-01,22.5
Rio de Janeiro,Brazil,2019-04-23,19.7
Rio de Janeiro,Brazil,2017-07-01,19.1
Rio de Janeiro,Brazil,2021-05-12,21.2
Rio de Janeiro,Brazil,2022-10-17,28.6
Rio de Janeiro,Brazil,2020-03-10,22.4
Rio de Janeiro,Brazil,2021-04-12,22.9
Rio de Janeiro,Brazil,2024-06-29,15.2
Rio de Janeiro,Brazil,2018-06-13,17.4
Rio de Janeiro,Brazil,2024-07-17,18.6
Rio de Janeiro,Brazil,2025-10-16,29.1
Rio de Janeiro,Brazil,2024-10-30,28.9
Rio de Janeiro,Brazil,2023-11-22,29.4
Rio de Janeiro,Brazil,2020-01-21,30.5
Rio de Janeiro,Brazil,2016-09-09,23.7
Rio de Janeiro,Brazil,2025-04-17,18.9
Rio de Janeiro,Brazil,2022-06-03,17.6
Rio de Janeiro,Brazil,2022-01-07,29.8
Rio de Janeiro,Brazil,2021-11-01,28.5
Rio de Janeiro,Brazil,2020-12-14,30.0
Rio de Janeiro,Brazil,2022-07-16,19.4
Rio de Janeiro,Brazil,2021-06-25,20.0
Rio de Janeiro,Brazil,2025-01-25,29.3
Rio de Janeiro,Brazil,2016-08-15,18.0
Rio de Janeiro,Brazil,2021-02-14,27.4
Rio de Janeiro,Brazil,2022-04-28,22.4
Rio de Janeiro,Brazil,2025-01-18,29.2
Rio de Janeiro,Brazil,2019-06-16,17.7
Rio de Janeiro,Brazil,2025-02-26,23.8
Rio de Janeiro,Brazil,2016-01-13,28.5
Rio de Janeiro,Brazil,2016-07-04,15.5
Rio de Janeiro,Brazil,2020-10-01,24.1
Rio de Janeiro,Brazil,2016-09-03,22.5
Rio de Janeiro,Brazil,2016-10-09,27.5
Rio de Janeiro,Brazil,2019-03-21,23.5
Rio de Janeiro,Brazil,2020-08-01,19.8
Rio de Janeiro,Brazil,2023-03-12,25.5
Rio de Janeiro,Brazil,2024-03-06,23.7
Rio de Janeiro,Brazil,2025-12-29,27.3
Rio de Janeiro,Brazil,2020-04-15,17.0
Rio de Janeiro,Brazil,2020-03-26,24.5
Rio de Janeiro,Brazil,2020-03-18,28.4
Rio de Janeiro,Brazil,2025-10-22,28.8
Rio de Janeiro,Brazil,2022-01-17,31.1
Rio de Janeiro,Brazil,2017-04-30,23.1
Rio de Janeiro,Brazil,2018-01-01,30.9
Rio de Janeiro,Brazil,2017-06-05,18.1
Rio de Janeiro,Brazil,2024-02-29,29.3
Rio de Janeiro,Brazil,2024-06-24,17.5
Rio de Janeiro,Brazil,2016-04-03,24.6
Rio de Janeiro,Brazil,2024-01-24,27.8
Rio de Janeiro,Brazil,2022-02-08,25.5
Rio de Janeiro,Brazil,2018-07-29,20.0
Rio de Janeiro,Brazil,2018-10-10,24.1
Rio de Janeiro,Brazil,2018-02-11,27.3
Rio de Janeiro,Brazil,2025-10-24,26.3
Rio de Janeiro,Brazil,2025-01-28,26.9
Rio de Janeiro,Brazil,2023-05-28,15.5
Rio de Janeiro,Brazil,2025-11-28,30.2
Rio de Janeiro,Brazil,2025-12-20,30.4
Rio de Janeiro,Brazil,2017-02-17,26.6
Rio de Janeiro,Brazil,2022-08-29,24.0
Rio de Janeiro,Brazil,2023-11-20,28.8
Rio de Janeiro,Brazil,2025-10-12,28.5
Rio de Janeiro,Brazil,2020-07-05,19.1
Rio de Janeiro,Brazil,2020-12-02,28.9
Rio de Janeiro,Brazil,2025-09-07,23.6
Rio de Janeiro,Brazil,2024-09-13,25.0
Rio de Janeiro,Brazil,2019-03-30,23.6
Rio de Janeiro,Brazil,2018-08-17,21.7
Rio de Janeiro,Brazil,2019-07-30,16.2
Rio de Janeiro,Brazil,2022-06-23,15.6
Rio de Janeiro,Brazil,2019-08-06,17.8
Rio de Janeiro,Brazil,2018-08-28,20.9
Rio de Janeiro,Brazil,2023-05-28,19.6
Rio de Janeiro,Brazil,2021-11-05,27.6
Rio de Janeiro,Brazil,2016-09-06,23.8
Rio de Janeiro,Brazil,2022-03-30,26.7
Rio de Janeiro,Brazil,2017-12-18,27.7
Rio de Janeiro,Brazil,2023-01-08,27.6
Rio de Janeiro,Brazil,2016-07-11,16.0
Rio de Janeiro,Brazil,2019-11-11,30.5
Rio de Janeiro,Brazil,2024-10-23,25.4
Rio de Janeiro,Brazil,2021-11-18,27.2
Rio de Janeiro,Brazil,2017-09-03,23.7
Rio de Janeiro,Brazil,2019-05-13,16.9
Rio de Janeiro,Brazil,2021-04-23,23.0
Rio de Janeiro,Brazil,2018-09-14,23.8
Rio de Janeiro,Brazil,2023-12-08,27.5
Rio de Janeiro,Brazil,2017-08-14,21.7
Rio de Janeiro,Brazil,2022-04-22,16.6
Rio de Janeiro,Brazil,2020-08-17,22.9
Rio de Janeiro,Brazil,2017-07-03,17.6
Rio de Janeiro,Brazil,2020-05-09,19.5
Rio de Janeiro,Brazil,2023-04-02,23.9
Rio de Janeiro,Brazil,2016-11-19,31.6
Rio de Janeiro,Brazil,2017-01-13,26.8
Rio de Janeiro,Brazil,2022-01-02,28.7
Rio de Janeiro,Brazil,2019-01-04,27.6
Rio de Janeiro,Brazil,2020-03-24,22.0
Rio de Janeiro,Brazil,2025-10-18,23.5
Rio de Janeiro,Brazil,2016-10-25,27.9
Rio de Janeiro,Brazil,2024-02-14,29.9
Rio de Janeiro,Brazil,2023-07-13,16.2
Rio de Janeiro,Brazil,2025-10-01,23.6
Rio de Janeiro,Brazil,2019-09-25,22.4
Rio de Janeiro,Brazil,2018-05-17,23.2
Rio de Janeiro,Brazil,2018-02-17,27.5
Rio de Janeiro,Brazil,2024-06-16,17.8
Rio de Janeiro,Brazil,2021-05-15,21.8
Rio de Janeiro,Brazil,2023-11-22,26.7
Rio de Janeiro,Brazil,2018-04-17,20.0
Rio de Janeiro,Brazil,2019-08-10,20.7
Rio de Janeiro,Brazil,2024-09-11,22.2
Rio de Janeiro,Brazil,2023-04-11,23.9
Rio de Janeiro,Brazil,2020-01-11,28.0
Rio de Janeiro,Brazil,2025-11-24,30.2
Rio de Janeiro,Brazil,2021-07-29,15.6
Rio de Janeiro,Brazil,2024-02-07,28.0
Rio de Janeiro,Brazil,2021-04-07,22.2
Rio de Janeiro,Brazil,2018-04-12,19.9
Rio de Janeiro,Brazil,2020-02-27,25.4
Rio de Janeiro,Brazil,2025-09-09,22.9
Rio de Janeiro,Brazil,2018-06-25,18.0
Rio de Janeiro,Brazil,2022-03-16,23.8
Rio de Janeiro,Brazil,2022-07-20,16.8
Rio de Janeiro,Brazil,2017-09-16,22.0
Rio de Janeiro,Brazil,2018-03-14,23.4
Rio de Janeiro,Brazil,2025-05-06,21.4
Rio de Janeiro,Brazil,2018-10-03,21.7
Rio de Janeiro,Brazil,2023-09-06,22.1
Rio de Janeiro,Brazil,2019-10-14,25.4
Rio de Janeiro,Brazil,2024-02-11,30.7
Rio de Janeiro,Brazil,2023-03-13,24.3
Rio de Janeiro,Brazil,2024-03-20,21.4
Rio de Janeiro,Brazil,2024-11-30,28.0
Rio de Janeiro,Brazil,2022-02-16,27.5
Rio de Janeiro,Brazil,2021-06-23,19.7
Rio de Janeiro,Brazil,2023-03-13,28.3
Rio de Janeiro,Brazil,2016-08-28,17.6
Rio de Janeiro,Brazil,2016-10-31,26.5
Rio de Janeiro,Brazil,2025-03-04,23.6
Rio de Janeiro,Brazil,2020-08-16,17.4
Rio de Janeiro,Brazil,2017-07-17,19.3
Rio de Janeiro,Brazil,2023-12-06,27.6
Rio de Janeiro,Brazil,2017-09-10,24.8
Rio de Janeiro,Brazil,2020-03-08,24.9
Rio de Janeiro,Brazil,2016-09-04,19.8
Rio de Janeiro,Brazil,2022-11-30,26.6
Rio de Janeiro,Brazil,2021-06-02,18.1
Rio de Janeiro,Brazil,2021-12-19,28.7
Rio de Janeiro,Brazil,2022-03-09,24.5
Rio de Janeiro,Brazil,2024-02-06,27.5
Rio de Janeiro,Brazil,2019-01-30,26.2
Rio de Janeiro,Brazil,2021-08-19,20.2
Rio de Janeiro,Brazil,2025-02-12,26.2
Rio de Janeiro,Brazil,2018-01-04,26.8
Rio de Janeiro,Brazil,2017-03-14,26.4
Rio de Janeiro,Brazil,2018-09-14,21.6
Rio de Janeiro,Brazil,2018-02-25,24.7
Rio de Janeiro,Brazil,2019-12-22,28.0
Rio de Janeiro,Brazil,2018-12-30,29.2
Rio de Janeiro,Brazil,2020-07-21,17.9
Rio de Janeiro,Brazil,2021-02-23,20.4
Rio de Janeiro,Brazil,2018-07-14,16.0
Rio de Janeiro,Brazil,2019-05-13,17.7
Rio de Janeiro,Brazil,2023-05-01,16.5
Rio de Janeiro,Brazil,2025-08-16,20.0
Rio de Janeiro,Brazil,2020-07-18,18.2
Rio de Janeiro,Brazil,2020-04-02,20.8
Rio de Janeiro,Brazil,2023-02-21,27.8
Rio de Janeiro,Brazil,2016-02-08,26.9
Rio de Janeiro,Brazil,2025-06-24,17.2
Rio de Janeiro,Brazil,2020-11-12,26.7
Rio de Janeiro,Brazil,2025-08-15,18.8
Rio de Janeiro,Brazil,2017-01-25,31.6
Rio de Janeiro,Brazil,2018-07-30,16.4
Rio de Janeiro,Brazil,2018-05-15,21.6
Rio de Janeiro,Brazil,2022-05-10,17.7
Rio de Janeiro,Brazil,2021-05-01,19.5
Rio de Janeiro,Brazil,2023-09-04,26.4
Rio de Janeiro,Brazil,2019-02-22,28.2
Rio de Janeiro,Brazil,2016-05-14,17.6
Rio de Janeiro,Brazil,2018-01-04,30.4
Rio de Janeiro,Brazil,2018-04-28,19.5
Rio de Janeiro,Brazil,2022-08-01,21.5
Rio de Janeiro,Brazil,2025-03-16,27.0
Rio de Janeiro,Brazil,2020-06-19,19.5
Rio de Janeiro,Brazil,2022-04-28,19.6
Rio de Janeiro,Brazil,2018-09-11,19.0
Rio de Janeiro,Brazil,2023-08-05,17.9
Rio de Janeiro,Brazil,2022-01-23,26.5
Rio de Janeiro,Brazil,2017-07-27,21.9
Rio de Janeiro,Brazil,2024-11-11,31.0
Rio de Janeiro,Brazil,2021-08-13,19.8
Rio de Janeiro,Brazil,2024-05-11,20.0
Rio de Janeiro,Brazil,2020-11-25,28.4
Rio de Janeiro,Brazil,2018-08-08,20.7
Rio de Janeiro,Brazil,2024-08-15,18.7
Rio de Janeiro,Brazil,2022-11-19,30.1
Rio de Janeiro,Brazil,2024-09-03,21.3
Rio de Janeiro,Brazil,2019-08-29,22.9
Rio de Janeiro,Brazil,2021-01-19,28.6
Rio de Janeiro,Brazil,2021-07-02,18.4
Rio de Janeiro,Brazil,2020-03-17,26.5
Rio de Janeiro,Brazil,2020-11-03,28.3
Rio de Janeiro,Brazil,2020-04-05,24.6
Rio de Janeiro,Brazil,2016-12-17,29.2
Rio de Janeiro,Brazil,2018-10-06,23.2
Rio de Janeiro,Brazil,2023-12-30,30.4
Rio de Janeiro,Brazil,2020-04-05,22.9
Rio de Janeiro,Brazil,2023-12-25,29.2
Rio de Janeiro,Brazil,2020-05-14,18.0
Rio de Janeiro,Brazil,2019-07-21,18.1
Rio de Janeiro,Brazil,2019-06-16,18.7
Rio de Janeiro,Brazil,2020-12-26,28.0
Rio de Janeiro,Brazil,2017-06-26,19.2
Rio de Janeiro,Brazil,2016-12-23,29.8
Rio de Janeiro,Brazil,2022-03-22,25.6
Rio de Janeiro,Brazil,2021-09-29,23.8
Rio de Janeiro,Brazil,2019-12-20,29.2
Rio de Janeiro,Brazil,2022-03-20,26.0
Rio de Janeiro,Brazil,2019-08-21,22.2
Rio de Janeiro,Brazil,2025-09-07,20.9
Rio de Janeiro,Brazil,2020-05-07,20.7
Rio de Janeiro,Brazil,2024-09-26,27.7
Rio de Janeiro,Brazil,2018-09-21,25.7
Rio de Janeiro,Brazil,2022-05-31,15.4
Rio de Janeiro,Brazil,2017-11-25,28.0
Rio de Janeiro,Brazil,2017-07-22,18.5
Rio de Janeiro,Brazil,2017-08-20,22.2
Rio de Janeiro,Brazil,2016-09-16,23.9
Rio de Janeiro,Brazil,2019-05-12,20.7
Rio de Janeiro,Brazil,2021-06-06,18.6
Rio de Janeiro,Brazil,2018-10-07,23.1
Rio de Janeiro,Brazil,2024-01-31,25.8
Rio de Janeiro,Brazil,2018-03-11,22.7
Rio de Janeiro,Brazil,2021-02-18,27.8
Rio de Janeiro,Brazil,2020-06-08,19.2
Rio de Janeiro,Brazil,2019-09-22,24.6
Rio de Janeiro,Brazil,2025-09-01,20.0
Rio de Janeiro,Brazil,2019-09-11,20.6
Rio de Janeiro,Brazil,2025-03-27,23.9
Rio de Janeiro,Brazil,2025-08-21,19.1
Rio de Janeiro,Brazil,2019-05-15,16.9
Rio de Janeiro,Brazil,2019-08-06,17.1
Rio de Janeiro,Brazil,2021-05-16,17.2
Rio de Janeiro,Brazil,2019-07-10,19.1
Rio de Janeiro,Brazil,2019-07-31,21.0
Rio de Janeiro,Brazil,2019-04-08,21.7
Rio de Janeiro,Brazil,2022-06-16,15.2
Rio de Janeiro,Brazil,2024-10-07,25.1
Rio de Janeiro,Brazil,2025-02-26,27.7
Rio de Janeiro,Brazil,2024-10-23,25.7
Rio de Janeiro,Brazil,2022-04-28,20.9
Rio de Janeiro,Brazil,2018-03-29,20.8
Rio de Janeiro,Brazil,2023-08-24,19.6
Rio de Janeiro,Brazil,2024-08-10,15.2
Rio de Janeiro,Brazil,2021-03-05,23.6
Rio de Janeiro,Brazil,2023-12-11,29.8
Rio de Janeiro,Brazil,2025-04-27,23.8
Rio de Janeiro,Brazil,2023-10-08,28.6
Rio de Janeiro,Brazil,2024-11-30,30.3
Rio de Janeiro,Brazil,2020-08-02,18.9
Rio de Janeiro,Brazil,2019-05-25,17.7
Rio de Janeiro,Brazil,2018-09-18,23.2
Rio de Janeiro,Brazil,2020-09-29,25.5
Rio de Janeiro,Brazil,2024-11-06,25.9
Rio de Janeiro,Brazil,2022-09-15,24.4
Rio de Janeiro,Brazil,2021-05-16,16.9
Rio de Janeiro,Brazil,2025-10-02,23.3
Rio de Janeiro,Brazil,2023-10-04,24.2
Rio de Janeiro,Brazil,2020-01-12,28.9
Rio de Janeiro,Brazil,2023-11-13,29.8
Rio de Janeiro,Brazil,2023-02-26,24.3
Rio de Janeiro,Brazil,2016-12-14,30.1
Rio de Janeiro,Brazil,2023-06-15,19.0
Rio de Janeiro,Brazil,2019-12-25,30.4
Rio de Janeiro,Brazil,2022-04-25,22.9
Rio de Janeiro,Brazil,2023-03-27,22.2
Rio de Janeiro,Brazil,2024-06-09,16.3
Rio de Janeiro,Brazil,2019-09-20,25.4
Rio de Janeiro,Brazil,2016-02-13,26.4
Rio de Janeiro,Brazil,2017-02-07,27.1
Rio de Janeiro,Brazil,2021-10-25,28.9
Rio de Janeiro,Brazil,2022-04-04,20.1
Rio de Janeiro,Brazil,2020-12-30,27.7
Rio de Janeiro,Brazil,2020-03-12,21.7
Rio de Janeiro,Brazil,2022-08-07,21.8
Rio de Janeiro,Brazil,2023-09-29,22.4
Rio de Janeiro,Brazil,2016-04-10,21.7
Rio de Janeiro,Brazil,2021-05-31,20.0
Rio de Janeiro,Brazil,2016-12-17,30.3
Rio de Janeiro,Brazil,2017-04-20,22.5
Rio de Janeiro,Brazil,2019-11-27,25.7
Rio de Janeiro,Brazil,2019-07-01,16.1
Rio de Janeiro,Brazil,2021-11-04,30.2
Rio de Janeiro,Brazil,2021-06-01,17.8
Rio de Janeiro,Brazil,2024-02-05,28.1
Rio de Janeiro,Brazil,2023-10-24,25.7
Rio de Janeiro,Brazil,2016-07-02,18.3
Rio de Janeiro,Brazil,2025-01-31,27.6
Rio de Janeiro,Brazil,2019-11-06,27.0
Rio de Janeiro,Brazil,2023-04-08,24.8
Rio de Janeiro,Brazil,2024-04-21,23.0
Rio de Janeiro,Brazil,2018-09-26,21.4
Rio de Janeiro,Brazil,2019-09-17,22.8
Rio de Janeiro,Brazil,2022-04-12,19.6
Rio de Janeiro,Brazil,2024-12-11,29.9
Rio de Janeiro,Brazil,2020-07-17,17.7
Rio de Janeiro,Brazil,2023-05-16,18.1
Rio de Janeiro,Brazil,2020-11-05,24.8
Rio de Janeiro,Brazil,2025-11-26,30.5
Rio de Janeiro,Brazil,2018-03-19,21.8
Rio de Janeiro,Brazil,2016-01-19,29.0
Rio de Janeiro,Brazil,2023-11-26,28.8
Rio de Janeiro,Brazil,2023-11-22,29.9
Rio de Janeiro,Brazil,2025-01-25,28.8
Rio de Janeiro,Brazil,2024-12-18,26.5
Rio de Janeiro,Brazil,2025-10-11,23.5
Rio de Janeiro,Brazil,2018-03-18,23.5
Rio de Janeiro,Brazil,2021-02-17,28.8
Rio de Janeiro,Brazil,2021-06-27,20.0
Rio de Janeiro,Brazil,2021-12-01,30.4
Rio de Janeiro,Brazil,2020-05-10,19.0
Rio de Janeiro,Brazil,2022-11-08,26.8
Rio de Janeiro,Brazil,2019-12-12,29.5
Rio de Janeiro,Brazil,2025-06-25,16.8
Rio de Janeiro,Brazil,2023-07-22,19.0
Rio de Janeiro,Brazil,2023-12-01,30.1
Rio de Janeiro,Brazil,2022-08-14,15.9
Rio de Janeiro,Brazil,2016-12-13,28.1
Rio de Janeiro,Brazil,2018-09-04,20.4
Rio de Janeiro,Brazil,2019-06-04,19.7
Rio de Janeiro,Brazil,2017-08-02,20.6
Rio de Janeiro,Brazil,2021-09-23,21.6
Rio de Janeiro,Brazil,2022-06-12,19.8
Rio de Janeiro,Brazil,2020-04-20,18.8
Rio de Janeiro,Brazil,2022-01-10,29.8
Rio de Janeiro,Brazil,2023-10-11,29.4
Rio de Janeiro,Brazil,2017-12-10,26.6
Rio de Janeiro,Brazil,2022-03-22,24.4
Rio de Janeiro,Brazil,2018-02-05,28.8
Rio de Janeiro,Brazil,2019-07-12,19.8
Rio de Janeiro,Brazil,2025-09-15,20.6
Rio de Janeiro,Brazil,2020-01-10,30.9
Rio de Janeiro,Brazil,2018-03-10,24.0
Rio de Janeiro,Brazil,2025-02-21,24.3
Rio de Janeiro,Brazil,2023-04-28,22.0
Rio de Janeiro,Brazil,2021-07-20,16.7
Rio de Janeiro,Brazil,2023-12-18,30.2
Rio de Janeiro,Brazil,2025-06-02,17.2
Rio de Janeiro,Brazil,2022-05-04,20.3
Rio de Janeiro,Brazil,2016-05-06,20.0
Rio de Janeiro,Brazil,2016-05-13,17.8
Rio de Janeiro,Brazil,2019-01-30,28.0
Rio de Janeiro,Brazil,2024-10-02,26.2
Rio de Janeiro,Brazil,2021-02-16,23.4
Rio de Janeiro,Brazil,2021-07-21,17.3
Rio de Janeiro,Brazil,2022-03-01,22.9
Rio de Janeiro,Brazil,2019-01-02,28.7
Rio de Janeiro,Brazil,2024-09-09,16.5
Rio de Janeiro,Brazil,2022-01-29,26.2
Rio de Janeiro,Brazil,2025-03-23,23.6
Rio de Janeiro,Brazil,2020-12-12,25.6
Rio de Janeiro,Brazil,2022-02-15,27.1
Rio de Janeiro,Brazil,2024-04-02,24.5
Rio de Janeiro,Brazil,2025-04-22,19.9
Rio de Janeiro,Brazil,2025-10-23,25.1
Rio de Janeiro,Brazil,2016-05-12,17.5
Rio de Janeiro,Brazil,2025-02-27,26.3
Rio de Janeiro,Brazil,2016-12-22,23.1
Rio de Janeiro,Brazil,2024-09-11,25.0
Rio de Janeiro,Brazil,2025-02-07,27.6
Rio de Janeiro,Brazil,2022-08-05,23.1
Rio de Janeiro,Brazil,2023-09-23,21.8
Rio de Janeiro,Brazil,2023-02-04,30.0
Rio de Janeiro,Brazil,2020-10-19,26.7
Rio de Janeiro,Brazil,2018-04-26,21.4
Rio de Janeiro,Brazil,2025-02-14,26.9
Rio de Janeiro,Brazil,2019-12-07,29.5
Rio de Janeiro,Brazil,2021-12-20,28.5
Rio de Janeiro,Brazil,2019-08-18,22.9
Rio de Janeiro,Brazil,2023-11-23,27.7
Rio de Janeiro,Brazil,2025-08-15,22.7
Rio de Janeiro,Brazil,2021-10-08,28.1
Rio de Janeiro,Brazil,2017-01-25,27.8
Rio de Janeiro,Brazil,2017-07-09,21.6
Rio de Janeiro,Brazil,2016-08-30,20.7
Rio de Janeiro,Brazil,2019-02-09,27.8
Rio de Janeiro,Brazil,2025-09-17,22.3
Rio de Janeiro,Brazil,2017-06-27,18.0
Rio de Janeiro,Brazil,2025-04-16,24.4
Rio de Janeiro,Brazil,2018-10-10,25.5
Rio de Janeiro,Brazil,2021-06-27,15.0
Rio de Janeiro,Brazil,2017-08-05,18.1
Rio de Janeiro,Brazil,2020-08-23,20.2
Rio de Janeiro,Brazil,2020-03-16,21.3
Rio de Janeiro,Brazil,2025-11-13,28.7
Rio de Janeiro,Brazil,2024-08-15,22.3
Rio de Janeiro,Brazil,2019-02-13,28.2
Rio de Janeiro,Brazil,2023-10-16,27.5
Rio de Janeiro,Brazil,2021-06-22,17.3
Rio de Janeiro,Brazil,2019-09-02,18.2
Rio de Janeiro,Brazil,2025-07-01,16.1
Rio de Janeiro,Brazil,2024-03-20,28.1
Rio de Janeiro,Brazil,2023-02-13,29.8
Rio de Janeiro,Brazil,2023-06-13,16.8
Rio de Janeiro,Brazil,2024-12-03,25.1
Rio de Janeiro,Brazil,2021-12-29,24.8
Rio de Janeiro,Brazil,2025-04-01,25.8
Rio de Janeiro,Brazil,2018-05-17,17.3
Rio de Janeiro,Brazil,2019-03-07,25.0
Rio de Janeiro,Brazil,2019-10-15,24.7
Rio de Janeiro,Brazil,2025-07-23,18.5
Rio de Janeiro,Brazil,2021-06-10,19.1
Rio de Janeiro,Brazil,2024-07-19,14.5
Rio de Janeiro,Brazil,2016-07-17,21.2
Rio de Janeiro,Brazil,2025-05-20,19.7
Rio de Janeiro,Brazil,2021-02-25,30.4
Rio de Janeiro,Brazil,2017-10-09,25.6
Rio de Janeiro,Brazil,2020-12-12,23.0
Rio de Janeiro,Brazil,2020-10-18,27.7
Rio de Janeiro,Brazil,2018-04-08,26.4
Rio de Janeiro,Brazil,2025-11-22,28.2
Rio de Janeiro,Brazil,2023-04-16,20.0
Rio de Janeiro,Brazil,2025-10-30,30.8
Rio de Janeiro,Brazil,2019-01-27,29.5
Rio de Janeiro,Brazil,2016-12-03,29.8
Rio de Janeiro,Brazil,2020-03-03,23.8
Rio de Janeiro,Brazil,2016-07-31,16.8
Rio de Janeiro,Brazil,2020-06-11,15.8
Rio de Janeiro,Brazil,2024-06-20,15.7
Rio de Janeiro,Brazil,2018-08-17,19.6
Rio de Janeiro,Brazil,2017-01-24,28.5
Rio de Janeiro,Brazil,2016-01-05,29.0
Rio de Janeiro,Brazil,2022-08-28,22.1
Rio de Janeiro,Brazil,2018-07-15,16.3
Rio de Janeiro,Brazil,2016-02-03,27.3
Rio de Janeiro,Brazil,2023-10-20,25.5
Rio de Janeiro,Brazil,2025-08-24,21.8
Rio de Janeiro,Brazil,2020-09-25,23.2
Rio de Janeiro,Brazil,2018-07-26,16.8
Rio de Janeiro,Brazil,2020-04-18,24.1
Rio de Janeiro,Brazil,2017-02-26,27.7
Rio de Janeiro,Brazil,2019-07-07,17.0
Rio de Janeiro,Brazil,2020-04-16,22.4
Rio de Janeiro,Brazil,2024-09-03,23.5
Rio de Janeiro,Brazil,2023-03-12,20.7
Rio de Janeiro,Brazil,2023-08-05,21.0
Rio de Janeiro,Brazil,2016-02-04,29.4
Rio de Janeiro,Brazil,2022-11-04,26.0
Rio de Janeiro,Brazil,2024-02-07,25.5
Rio de Janeiro,Brazil,2018-05-22,18.0
Rio de Janeiro,Brazil,2020-08-13,19.3
Rio de Janeiro,Brazil,2022-11-28,27.0
Rio de Janeiro,Brazil,2016-12-21,25.3
Rio de Janeiro,Brazil,2017-02-15,27.3
Rio de Janeiro,Brazil,2024-03-09,25.5
Rio de Janeiro,Brazil,2020-04-21,19.5
Rio de Janeiro,Brazil,2024-11-14,29.6
Rio de Janeiro,Brazil,2017-07-26,19.0
Rio de Janeiro,Brazil,2018-10-13,28.4
Rio de Janeiro,Brazil,2022-03-16,21.6
Rio de Janeiro,Brazil,2019-03-13,22.5
Rio de Janeiro,Brazil,2024-09-25,24.4
Rio de Janeiro,Brazil,2025-07-01,17.9
Rio de Janeiro,Brazil,2023-05-20,19.8
Rio de Janeiro,Brazil,2022-10-21,25.2
Rio de Janeiro,Brazil,2021-09-18,23.9
Rio de Janeiro,Brazil,2023-03-31,24.6
Rio de Janeiro,Brazil,2016-08-11,20.7
Rio de Janeiro,Brazil,2018-09-07,18.7
Rio de Janeiro,Brazil,2021-07-20,17.5
Rio de Janeiro,Brazil,2023-02-26,26.7
Rio de Janeiro,Brazil,2022-08-29,25.1
Rio de Janeiro,Brazil,2016-02-19,28.2
Rio de Janeiro,Brazil,2020-01-19,29.3
Rio de Janeiro,Brazil,2025-08-26,20.7
Rio de Janeiro,Brazil,2025-05-29,16.7
Rio de Janeiro,Brazil,2023-08-29,20.6
Rio de Janeiro,Brazil,2017-12-08,29.2
Rio de Janeiro,Brazil,2024-08-21,15.8
Rio de Janeiro,Brazil,2016-10-25,27.3
Rio de Janeiro,Brazil,2018-12-09,28.9
Rio de Janeiro,Brazil,2018-06-02,19.0
Rio de Janeiro,Brazil,2024-11-06,27.6
Rio de Janeiro,Brazil,2020-06-18,15.2
Rio de Janeiro,Brazil,2021-08-14,20.0
Rio de Janeiro,Brazil,2024-08-08,17.1
Rio de Janeiro,Brazil,2016-12-03,30.3
Rio de Janeiro,Brazil,2023-03-08,22.2
Rio de Janeiro,Brazil,2019-02-10,26.4
Rio de Janeiro,Brazil,2016-12-08,28.0
Rio de Janeiro,Brazil,2018-04-12,23.8
Rio de Janeiro,Brazil,2025-01-22,29.2
Rio de Janeiro,Brazil,2022-07-30,20.6
Rio de Janeiro,Brazil,2023-02-11,27.2
Rio de Janeiro,Brazil,2023-03-19,21.0
Rio de Janeiro,Brazil,2016-09-27,23.3
Rio de Janeiro,Brazil,2025-06-29,20.0
Rio de Janeiro,Brazil,2018-09-04,22.7
Rio de Janeiro,Brazil,2020-11-14,28.2
Rio de Janeiro,Brazil,2017-04-20,18.3
Rio de Janeiro,Brazil,2019-06-20,18.8
Rio de Janeiro,Brazil,2023-06-21,17.8
Rio de Janeiro,Brazil,2017-05-04,16.6
Rio de Janeiro,Brazil,2016-02-21,25.4
Rio de Janeiro,Brazil,2017-11-02,24.1
Rio de Janeiro,Brazil,2021-07-26,21.2
Rio de Janeiro,Brazil,2024-10-12,24.8
Rio de Janeiro,Brazil,2025-03-22,23.3
Rio de Janeiro,Brazil,2017-06-03,17.1
Rio de Janeiro,Brazil,2024-05-29,18.7
Rio de Janeiro,Brazil,2025-12-09,27.3
Rio de Janeiro,Brazil,2017-04-28,20.3
Rio de Janeiro,Brazil,2025-01-18,27.9
Rio de Janeiro,Brazil,2020-10-24,26.4
Rio de Janeiro,Brazil,2023-12-27,29.7
Rio de Janeiro,Brazil,2022-06-19,16.4
Rio de Janeiro,Brazil,2021-09-23,22.0
Rio de Janeiro,Brazil,2020-01-15,32.2
Rio de Janeiro,Brazil,2017-11-14,29.2
Rio de Janeiro,Brazil,2020-02-15,28.6
Rio de Janeiro,Brazil,2022-06-08,21.0
Rio de Janeiro,Brazil,2023-07-24,18.6
Rio de Janeiro,Brazil,2021-09-15,21.5
Rio de Janeiro,Brazil,2016-01-11,32.5
Rio de Janeiro,Brazil,2018-09-28,25.2
Rio de Janeiro,Brazil,2016-07-07,16.3
Rio de Janeiro,Brazil,2017-09-06,22.4
Rio de Janeiro,Brazil,2018-01-03,32.5
Rio de Janeiro,Brazil,2022-03-14,22.7
Rio de Janeiro,Brazil,2025-01-02,31.7
Rio de Janeiro,Brazil,2020-09-13,21.1
Rio de Janeiro,Brazil,2018-07-08,17.3
Rio de Janeiro,Brazil,2024-01-29,29.7
Rio de Janeiro,Brazil,2019-08-03,19.3
Rio de Janeiro,Brazil,2020-03-07,25.7
Rio de Janeiro,Brazil,2017-05-04,15.5
Rio de Janeiro,Brazil,2018-01-04,28.8
Rio de Janeiro,Brazil,2018-07-03,20.0
Rio de Janeiro,Brazil,2020-06-30,12.7
Rio de Janeiro,Brazil,2016-10-09,28.1
Rio de Janeiro,Brazil,2024-09-03,19.1
Rio de Janeiro,Brazil,2025-06-22,17.7
Rio de Janeiro,Brazil,2021-02-13,27.6
Rio de Janeiro,Brazil,2016-02-02,26.5
Rio de Janeiro,Brazil,2024-10-18,27.2
Rio de Janeiro,Brazil,2019-05-29,18.4
Rio de Janeiro,Brazil,2020-02-17,25.0
Rio de Janeiro,Brazil,2022-08-20,27.5
Rio de Janeiro,Brazil,2024-09-13,21.6
Rio de Janeiro,Brazil,2018-03-11,24.3
Rio de Janeiro,Brazil,2024-12-04,26.3
Rio de Janeiro,Brazil,2018-10-01,27.1
Rio de Janeiro,Brazil,2016-04-07,25.7
Rio de Janeiro,Brazil,2018-08-12,17.2
Rio de Janeiro,Brazil,2023-10-11,24.6
Rio de Janeiro,Brazil,2025-11-02,28.9
Rio de Janeiro,Brazil,2024-07-05,18.3
Rio de Janeiro,Brazil,2023-05-16,16.7
Rio de Janeiro,Brazil,2019-06-13,20.4
Rio de Janeiro,Brazil,2017-03-01,27.1
Rio de Janeiro,Brazil,2020-09-15,28.5
Rio de Janeiro,Brazil,2021-07-08,23.4
Rio de Janeiro,Brazil,2017-08-06,18.3
Rio de Janeiro,Brazil,2023-12-24,28.9
Rio de Janeiro,Brazil,2018-08-06,20.2
Rio de Janeiro,Brazil,2025-06-25,14.9
Rio de Janeiro,Brazil,2020-03-05,24.7
Rio de Janeiro,Brazil,2021-02-20,27.1
Rio de Janeiro,Brazil,2017-01-26,27.9
Rio de Janeiro,Brazil,2021-09-01,24.1
Rio de Janeiro,Brazil,2016-11-02,29.9
Rio de Janeiro,Brazil,2022-08-21,18.7
Rio de Janeiro,Brazil,2017-06-19,17.1
Rio de Janeiro,Brazil,2018-08-27,20.2
Rio de Janeiro,Brazil,2024-12-24,32.8
Rio de Janeiro,Brazil,2020-05-28,17.5
Rio de Janeiro,Brazil,2019-07-26,15.8
Rio de Janeiro,Brazil,2021-01-28,27.8
Rio de Janeiro,Brazil,2018-04-10,22.6
Rio de Janeiro,Brazil,2017-07-11,18.8
Rio de Janeiro,Brazil,2017-09-28,21.5
Rio de Janeiro,Brazil,2017-03-08,26.0
Rio de Janeiro,Brazil,2020-07-23,20.7
Rio de Janeiro,Brazil,2017-05-09,14.5
Rio de Janeiro,Brazil,2018-04-30,19.0
Rio de Janeiro,Brazil,2021-01-25,27.5
Rio de Janeiro,Brazil,2017-05-06,21.2
Rio de Janeiro,Brazil,2017-01-05,30.5
Rio de Janeiro,Brazil,2025-04-07,24.6
Rio de Janeiro,Brazil,2023-11-26,28.3
Rio de Janeiro,Brazil,2025-05-16,18.5
Rio de Janeiro,Brazil,2025-08-09,19.4
Rio de Janeiro,Brazil,2018-10-13,26.3
Rio de Janeiro,Brazil,2019-12-28,28.5
Rio de Janeiro,Brazil,2019-05-09,19.9
Rio de Janeiro,Brazil,2018-12-01,29.2
Rio de Janeiro,Brazil,2020-07-14,17.3
Rio de Janeiro,Brazil,2025-08-01,16.1
Rio de Janeiro,Brazil,2018-10-20,27.1
Rio de Janeiro,Brazil,2017-01-22,24.7
Rio de Janeiro,Brazil,2017-07-26,19.8
Rio de Janeiro,Brazil,2017-05-12,23.1
Rio de Janeiro,Brazil,2018-06-29,18.3
Rio de Janeiro,Brazil,2017-06-19,18.7
Rio de Janeiro,Brazil,2023-09-12,24.5
Rio de Janeiro,Brazil,2023-01-25,28.8
Rio de Janeiro,Brazil,2022-07-28,18.7
Rio de Janeiro,Brazil,2018-11-26,29.2
Rio de Janeiro,Brazil,2016-09-21,23.2
Rio de Janeiro,Brazil,2018-03-20,25.5
Rio de Janeiro,Brazil,2017-06-11,16.9
Rio de Janeiro,Brazil,2017-01-11,31.8
Rio de Janeiro,Brazil,2019-09-20,21.3
Rio de Janeiro,Brazil,2017-05-16,21.2
Rio de Janeiro,Brazil,2017-11-19,28.7
Rio de Janeiro,Brazil,2022-06-08,15.2
Rio de Janeiro,Brazil,2021-07-25,20.2
Rio de Janeiro,Brazil,2016-04-30,18.5
Rio de Janeiro,Brazil,2019-12-20,30.4
Rio de Janeiro,Brazil,2018-05-29,19.8
Rio de Janeiro,Brazil,2020-12-31,28.0
Rio de Janeiro,Brazil,2025-11-27,30.2
Rio de Janeiro,Brazil,2022-12-02,30.9
Rio de Janeiro,Brazil,2018-10-03,23.2
Rio de Janeiro,Brazil,2025-11-24,26.5
Rio de Janeiro,Brazil,2022-03-05,24.3
Rio de Janeiro,Brazil,2020-04-17,21.2
Rio de Janeiro,Brazil,2017-07-16,16.0
Rio de Janeiro,Brazil,2024-12-09,30.3
Rio de Janeiro,Brazil,2021-11-23,28.4
Rio de Janeiro,Brazil,2022-02-04,33.9
Rio de Janeiro,Brazil,2024-11-29,30.6
Rio de Janeiro,Brazil,2023-12-31,29.2
Rio de Janeiro,Brazil,2020-01-10,25.2
Rio de Janeiro,Brazil,2019-11-10,28.1
Rio de Janeiro,Brazil,2022-05-05,17.8
Rio de Janeiro,Brazil,2018-01-06,28.8
Rio de Janeiro,Brazil,2016-04-16,20.6
Rio de Janeiro,Brazil,2025-02-02,28.9
Rio de Janeiro,Brazil,2024-09-23,23.1
Rio de Janeiro,Brazil,2021-04-16,24.8
Rio de Janeiro,Brazil,2021-12-08,27.2
Rio de Janeiro,Brazil,2018-08-11,22.0
Rio de Janeiro,Brazil,2017-10-15,28.0
Rio de Janeiro,Brazil,2018-12-27,30.7
Rio de Janeiro,Brazil,2021-12-25,30.8
Rio de Janeiro,Brazil,2016-08-17,16.4
Rio de Janeiro,Brazil,2024-07-26,20.4
Rio de Janeiro,Brazil,2025-06-29,18.0
Rio de Janeiro,Brazil,2024-12-10,25.3
Rio de Janeiro,Brazil,2025-06-24,21.0
Rio de Janeiro,Brazil,2017-12-12,30.1
Rio de Janeiro,Brazil,2025-01-15,30.9
Rio de Janeiro,Brazil,2024-04-11,20.2
Rio de Janeiro,Brazil,2016-04-25,16.2
Rio de Janeiro,Brazil,2023-11-21,26.8
Rio de Janeiro,Brazil,2022-04-27,15.7
Rio de Janeiro,Brazil,2017-08-05,18.3
Rio de Janeiro,Brazil,2025-02-01,27.2
Rio de Janeiro,Brazil,2025-11-20,30.7
Rio de Janeiro,Brazil,2017-12-20,28.5
Rio de Janeiro,Brazil,2021-07-01,18.7
Rio de Janeiro,Brazil,2022-09-30,24.5
Rio de Janeiro,Brazil,2018-06-15,20.3
Rio de Janeiro,Brazil,2019-09-20,23.7
Rio de Janeiro,Brazil,2022-11-20,28.5
Rio de Janeiro,Brazil,2024-01-15,29.5
Rio de Janeiro,Brazil,2017-12-27,32.3
Rio de Janeiro,Brazil,2019-08-18,18.6
Rio de Janeiro,Brazil,2016-08-31,24.3
Rio de Janeiro,Brazil,2017-08-03,19.7
Rio de Janeiro,Brazil,2024-09-06,24.0
Rio de Janeiro,Brazil,2020-02-03,29.1
Rio de Janeiro,Brazil,2016-10-24,23.2
Rio de Janeiro,Brazil,2020-06-08,21.5
Rio de Janeiro,Brazil,2022-07-28,20.4
Rio de Janeiro,Brazil,2017-07-12,19.3
Rio de Janeiro,Brazil,2017-10-07,24.7
Rio de Janeiro,Brazil,2023-03-03,23.2
Rio de Janeiro,Brazil,2021-06-18,17.3
Rio de Janeiro,Brazil,2022-04-20,19.9
Rio de Janeiro,Brazil,2023-10-11,27.4
Rio de Janeiro,Brazil,2020-01-01,27.1
Rio de Janeiro,Brazil,2018-07-03,16.2
Rio de Janeiro,Brazil,2020-03-29,19.6
Rio de Janeiro,Brazil,2019-06-10,17.9
Rio de Janeiro,Brazil,2017-12-28,27.3
Rio de Janeiro,Brazil,2024-03-04,28.3
Rio de Janeiro,Brazil,2022-06-04,18.3
Rio de Janeiro,Brazil,2020-05-22,20.7
Rio de Janeiro,Brazil,2022-05-13,16.5
Rio de Janeiro,Brazil,2016-05-12,20.0
Rio de Janeiro,Brazil,2025-01-25,29.6
Rio de Janeiro,Brazil,2022-11-09,28.1
Rio de Janeiro,Brazil,2021-07-25,21.4
Rio de Janeiro,Brazil,2017-07-30,18.7
Rio de Janeiro,Brazil,2019-11-21,29.0
Rio de Janeiro,Brazil,2019-08-01,21.3
Rio de Janeiro,Brazil,2016-12-29,32.6
Rio de Janeiro,Brazil,2025-03-19,23.1
Rio de Janeiro,Brazil,2025-12-10,26.1
Rio de Janeiro,Brazil,2019-10-07,23.5
Rio de Janeiro,Brazil,2018-10-19,26.5
Rio de Janeiro,Brazil,2023-10-10,26.6
Rio de Janeiro,Brazil,2017-03-18,24.6
Rio de Janeiro,Brazil,2024-01-29,29.8
Rio de Janeiro,Brazil,2024-03-19,23.8
Rio de Janeiro,Brazil,2020-09-14,27.0
Rio de Janeiro,Brazil,2021-07-12,17.5
Rio de Janeiro,Brazil,2025-11-20,26.4
Rio de Janeiro,Brazil,2017-02-19,28.1
Rio de Janeiro,Brazil,2025-04-17,17.2
Rio de Janeiro,Brazil,2023-04-20,21.4
Rio de Janeiro,Brazil,2024-07-02,17.6
Rio de Janeiro,Brazil,2016-10-28,25.7
Rio de Janeiro,Brazil,2024-12-17,29.9
Rio de Janeiro,Brazil,2019-07-29,17.7
Rio de Janeiro,Brazil,2018-12-05,29.5
Rio de Janeiro,Brazil,2017-11-27,28.3
Rio de Janeiro,Brazil,2025-12-15,26.7
Rio de Janeiro,Brazil,2022-02-18,28.7
Rio de Janeiro,Brazil,2017-01-16,25.4
Rio de Janeiro,Brazil,2021-05-31,23.3
Rio de Janeiro,Brazil,2023-11-25,33.1
Rio de Janeiro,Brazil,2017-11-06,28.3
Rio de Janeiro,Brazil,2022-10-23,27.3
Rio de Janeiro,Brazil,2017-02-18,25.7
Rio de Janeiro,Brazil,2019-09-18,23.5
Rio de Janeiro,Brazil,2023-10-26,27.8
Rio de Janeiro,Brazil,2022-03-19,23.3
Rio de Janeiro,Brazil,2018-12-22,25.8
Rio de Janeiro,Brazil,2023-05-29,18.2
Rio de Janeiro,Brazil,2016-07-22,20.2
Rio de Janeiro,Brazil,2020-05-28,15.0
Rio de Janeiro,Brazil,2017-09-21,21.8
Rio de Janeiro,Brazil,2016-08-11,18.6
Rio de Janeiro,Brazil,2019-04-21,22.5
Rio de Janeiro,Brazil,2025-03-28,21.6
Rio de Janeiro,Brazil,2018-03-28,20.7
Rio de Janeiro,Brazil,2017-02-01,28.9
Rio de Janeiro,Brazil,2019-04-10,22.0
Rio de Janeiro,Brazil,2016-12-01,27.7
Rio de Janeiro,Brazil,2024-10-19,26.3
Rio de Janeiro,Brazil,2020-06-16,13.8
Rio de Janeiro,Brazil,2018-12-21,29.8
Rio de Janeiro,Brazil,2017-01-08,27.5
Rio de Janeiro,Brazil,2020-02-28,24.1
Rio de Janeiro,Brazil,2025-12-05,27.8
Rio de Janeiro,Brazil,2016-07-01,19.0
Rio de Janeiro,Brazil,2018-12-14,27.5
Rio de Janeiro,Brazil,2025-05-21,19.4
Rio de Janeiro,Brazil,2019-01-05,27.8
Rio de Janeiro,Brazil,2023-10-23,25.9
Rio de Janeiro,Brazil,2023-06-26,20.5
Rio de Janeiro,Brazil,2025-01-23,29.9
Rio de Janeiro,Brazil,2022-01-26,25.1
Rio de Janeiro,Brazil,2018-07-20,20.4
Rio de Janeiro,Brazil,2022-03-17,25.9
Rio de Janeiro,Brazil,2021-11-10,28.4
Rio de Janeiro,Brazil,2020-09-10,25.5
Rio de Janeiro,Brazil,2021-04-28,19.6
Rio de Janeiro,Brazil,2022-06-03,20.0
Rio de Janeiro,Brazil,2016-11-19,26.7
Rio de Janeiro,Brazil,2020-06-05,20.8
Rio de Janeiro,Brazil,2021-08-18,18.6
Rio de Janeiro,Brazil,2022-05-28,21.4
Rio de Janeiro,Brazil,2023-08-07,17.5
Rio de Janeiro,Brazil,2022-12-15,31.9
Rio de Janeiro,Brazil,2021-01-13,32.5
Rio de Janeiro,Brazil,2017-12-09,30.0
Rio de Janeiro,Brazil,2018-05-17,18.6
Rio de Janeiro,Brazil,2025-01-24,28.3
Rio de Janeiro,Brazil,2016-11-16,28.6
Rio de Janeiro,Brazil,2023-08-30,15.1
Rio de Janeiro,Brazil,2023-01-13,31.3
Rio de Janeiro,Brazil,2017-08-28,22.0
Rio de Janeiro,Brazil,2024-02-26,24.4
Rio de Janeiro,Brazil,2025-01-19,30.2
Rio de Janeiro,Brazil,2020-06-15,18.8
Rio de Janeiro,Brazil,2022-03-11,23.9
Rio de Janeiro,Brazil,2021-02-19,27.8
Rio de Janeiro,Brazil,2025-10-17,28.9
Rio de Janeiro,Brazil,2022-08-03,19.6
New York,United States,2021-11-10,2.9
New York,United States,2017-09-04,15.4
New York,United States,2017-08-30,15.0
New York,United States,2017-02-14,3.8
New York,United States,2017-03-08,8.4
New York,United States,2019-03-17,10.9
New York,United States,2025-09-23,10.3
New York,United States,2020-08-10,20.6
New York,United States,2018-12-17,-2.2
New York,United States,2022-10-30,6.0
New York,United States,2021-04-21,20.3
New York,United States,2017-08-12,21.2
New York,United States,2022-12-07,-2.5
New York,United States,2016-06-07,23.2
New York,United States,2020-06-09,26.6
New York,United States,2018-08-31,16.0
New York,United States,2016-07-20,23.8
New York,United States,2020-03-05,4.3
New York,United States,2016-03-23,10.9
New York,United States,2019-06-27,28.5
New York,United States,2019-02-22,8.5
New York,United States,2023-09-06,12.6
New York,United States,2017-02-06,4.9
New York,United States,2019-05-15,22.6
New York,United States,2024-05-04,17.8
New York,United States,2019-01-08,1.4
New York,United States,2024-03-04,6.1
New York,United States,2018-02-08,5.2
New York,United States,2020-12-14,0.5
New York,United States,2024-04-22,22.8
New York,United States,2021-06-07,25.3
New York,United States,2025-03-16,7.0
New York,United States,2016-08-18,18.4
New York,United States,2019-06-28,25.3
New York,United States,2023-12-16,-1.5
New York,United States,2025-07-18,24.2
New York,United States,2021-11-17,2.1
New York,United States,2018-02-28,7.2
New York,United States,2025-10-24,7.5
New York,United States,2018-10-18,3.4
New York,United States,2016-05-15,18.6
New York,United States,2023-11-26,2.0
New York,United States,2018-03-26,12.7
New York,United States,2021-08-30,21.1
New York,United States,2020-06-13,24.7
New York,United States,2016-05-05,20.7
New York,United States,2018-09-17,11.6
New York,United States,2017-12-28,1.5
New York,United States,2025-10-05,7.0
New York,United States,2019-11-11,3.0
New York,United States,2017-10-31,5.1
New York,United States,2025-04-26,18.4
New York,United States,2023-09-22,12.7
New York,United States,2016-07-22,23.9
New York,United States,2017-10-29,6.8
New York,United States,2018-05-27,21.5
New York,United States,2025-08-11,21.2
New York,United States,2018-04-26,21.1
New York,United States,2019-01-07,-1.4
New York,United States,2025-09-11,12.8
New York,United States,2024-10-01,13.1
New York,United States,2021-04-25,18.9
New York,United States,2017-06-25,23.9
New York,United States,2016-02-04,1.0
New York,United States,2018-07-05,25.1
New York,United States,2019-06-05,28.6
New York,United States,2023-12-29,2.4
New York,United States,2020-10-01,9.5
New York,United States,2020-03-22,13.9
New York,United States,2018-06-12,23.5
New York,United States,2021-03-26,12.5
New York,United States,2022-12-29,1.9
New York,United States,2020-06-14,25.2
New York,United States,2023-06-06,24.9
New York,United States,2025-06-16,26.8
New York,United States,2022-08-29,15.4
New York,United States,2022-10-30,3.9
New York,United States,2021-05-27,27.2
New York,United States,2016-09-18,12.2
New York,United States,2019-08-24,20.0
New York,United States,2025-08-29,17.1
New York,United States,2023-04-22,21.9
New York,United States,2019-05-08,22.7
New York,United States,2018-09-11,17.0
New York,United States,2016-08-20,20.4
New York,United States,2022-09-23,8.7
New York,United States,2020-07-13,23.0
New York,United States,2024-02-02,0.3
New York,United States,2016-04-14,13.7
New York,United States,2018-11-28,-5.2
New York,United States,2020-09-10,12.1
New York,United States,2022-07-16,26.3
New York,United States,2023-12-10,3.4
New York,United States,2019-11-06,3.2
New York,United States,2024-02-23,5.8
New York,United States,2023-02-27,4.4
New York,United States,2024-10-19,1.6
New York,United States,2020-01-08,0.8
New York,United States,2021-09-08,15.1
New York,United States,2023-05-17,24.2
New York,United States,2025-10-30,2.9
New York,United States,2021-04-12,16.4
New York,United States,2017-06-08,24.9
New York,United States,2022-04-08,12.9
New York,United States,2024-07-21,27.9
New York,United States,2019-10-06,6.7
New York,United States,2023-05-04,22.7
New York,United States,2024-05-06,22.6
New York,United States,2025-10-09,7.4
New York,United States,2019-09-19,16.3
New York,United States,2020-03-02,8.1
New York,United States,2025-07-18,25.9
New York,United States,2017-04-27,16.0
New York,United States,2022-07-18,25.0
New York,United States,2022-07-04,25.9
New York,United States,2025-12-22,-0.8
New York,United States,2018-03-07,5.0
New York,United States,2020-04-12,17.1
New York,United States,2021-12-10,-0.4
New York,United States,2025-07-30,23.5
New York,United States,2017-09-09,16.1
New York,United States,2020-08-03,23.1
New York,United States,2022-05-21,28.2
New York,United States,2017-08-09,17.7
New York,United States,2019-07-19,24.9
New York,United States,2016-11-27,-0.4
New York,United States,2021-06-20,22.6
New York,United States,2019-07-07,30.2
New York,United States,2023-02-11,6.3
New York,United States,2018-05-07,22.4
New York,United States,2024-07-14,24.9
New York,United States,2017-10-10,5.8
New York,United States,2021-06-28,26.2
New York,United States,2017-06-14,22.0
New York,United States,2022-11-21,-0.7
New York,United States,2020-10-23,6.4
New York,United States,2021-05-09,21.5
New York,United States,2018-03-27,13.8
New York,United States,2024-03-11,9.9
New York,United States,2019-08-12,21.1
New York,United States,2024-06-27,26.1
New York,United States,2023-08-03,21.1
New York,United States,2016-01-17,-0.2
New York,United States,2023-10-11,7.1
New York,United States,2025-11-01,3.5
New York,United States,2020-04-20,19.7
New York,United States,2021-08-23,17.8
New York,United States,2025-03-28,13.0
New York,United States,2016-07-06,24.6
New York,United States,2024-02-29,9.3
New York,United States,2021-11-01,2.6
New York,United States,2025-12-16,-1.5
New York,United States,2023-09-14,16.0
New York,United States,2021-06-30,25.3
New York,United States,2020-01-11,0.3
New York,United States,2025-02-07,2.4
New York,United States,2020-07-10,26.2
New York,United States,2017-06-21,25.7
New York,United States,2018-05-15,22.6
New York,United States,2017-11-23,-1.6
New York,United States,2017-05-19,21.4
New York,United States,2016-06-02,27.0
New York,United States,2020-03-16,12.3
New York,United States,2021-12-30,-1.4
New York,United States,2022-12-27,5.7
New York,United States,2023-06-04,26.8
New York,United States,2017-03-18,11.2
New York,United States,2023-09-26,11.1
New York,United States,2017-04-19,16.7
New York,United States,2022-02-19,6.7
New York,United States,2018-11-01,3.0
New York,United States,2023-10-18,6.9
New York,United States,2023-09-09,14.1
New York,United States,2023-06-03,23.6
New York,United States,2017-02-17,4.6
New York,United States,2022-10-16,5.8
New York,United States,2023-11-10,5.1
New York,United States,2017-03-05,11.5
New York,United States,2021-09-26,11.3
New York,United States,2017-04-11,15.8
New York,United States,2024-10-19,7.4
New York,United States,2018-03-29,14.7
New York,United States,2024-09-21,12.1
New York,United States,2018-04-06,18.1
New York,United States,2020-01-06,-0.5
New York,United States,2016-06-10,23.7
New York,United States,2022-02-23,5.2
New York,United States,2021-05-22,23.7
New York,United States,2019-09-16,13.7
New York,United States,2016-12-30,-0.0
New York,United States,2017-03-28,15.2
New York,United States,2017-09-02,14.2
New York,United States,2017-01-03,-0.0
New York,United States,2024-02-11,3.5
New York,United States,2017-02-18,7.9
New York,United States,2021-02-13,3.0
New York,United States,2019-04-27,19.9
New York,United States,2025-02-12,5.1
New York,United States,2017-12-16,2.3
New York,United States,2020-01-15,-2.1
New York,United States,2024-12-27,-1.4
New York,United States,2017-04-19,16.5
New York,United States,2017-01-24,4.1
New York,United States,2016-02-09,0.6
New York,United States,2025-07-21,25.8
New York,United States,2019-09-08,17.7
New York,United States,2020-01-04,3.8
New York,United States,2019-01-03,-3.3
New York,United States,2025-11-07,2.9
New York,United States,2019-11-04,1.7
New York,United States,2018-01-19,2.6
New York,United States,2021-02-12,5.8
New York,United States,2019-01-18,2.5
New York,United States,2021-05-12,19.8
New York,United States,2024-12-20,-4.2
New York,United States,2017-11-14,4.1
New York,United States,2017-04-08,18.3
New York,United States,2025-06-20,27.9
New York,United States,2017-10-14,11.1
New York,United States,2021-05-31,27.2
New York,United States,2024-12-30,-2.3
New York,United States,2022-11-08,2.1
New York,United States,2020-04-04,16.0
New York,United States,2025-09-03,13.8
New York,United States,2023-09-04,18.7
New York,United States,2025-12-31,-2.5
New York,United States,2017-06-19,23.2
New York,United States,2025-12-14,-0.1
New York,United States,2020-08-11,20.1
New York,United States,2023-05-06,21.7
New York,United States,2019-07-11,28.8
New York,United States,2021-11-19,1.8
New York,United States,2024-08-09,21.0
New York,United States,2018-07-06,21.9
New York,United States,2023-07-06,26.8
New York,United States,2023-09-20,11.1
New York,United States,2023-11-09,1.3
New York,United States,2024-02-24,5.3
New York,United States,2018-10-15,4.4
New York,United States,2023-03-12,10.5
New York,United States,2020-04-25,22.0
New York,United States,2022-11-15,5.0
New York,United States,2016-08-11,25.5
New York,United States,2021-09-01,17.3
New York,United States,2025-07-08,22.7
New York,United States,2017-11-08,3.4
New York,United States,2016-11-02,3.8
New York,United States,2019-09-17,11.7
New York,United States,2019-02-13,6.0
New York,United States,2023-03-20,12.3
New York,United States,2020-03-30,13.2
New York,United States,2021-02-23,7.4
New York,United States,2020-12-24,0.2
New York,United States,2025-08-09,19.2
New York,United States,2021-08-03,21.3
New York,United States,2021-07-30,23.1
New York,United States,2024-05-10,21.7
New York,United States,2020-08-15,19.3
New York,United States,2016-05-26,24.2
New York,United States,2017-01-07,0.0
New York,United States,2024-11-17,-0.6
New York,United States,2019-06-01,23.0
New York,United States,2025-12-24,-1.8
New York,United States,2023-07-13,24.6
New York,United States,2021-02-11,6.1
New York,United States,2016-08-10,20.4
New York,United States,2025-02-26,7.5
New York,United States,2022-04-13,19.3
New York,United States,2024-08-09,19.5
New York,United States,2023-05-15,21.3
New York,United States,2020-01-28,1.9
New York,United States,2024-07-07,24.0
New York,United States,2023-05-22,24.0
New York,United States,2025-04-22,20.8
New York,United States,2023-02-08,5.4
New York,United States,2021-11-08,2.6
New York,United States,2020-03-11,9.9
New York,United States,2017-11-03,3.2
New York,United States,2021-07-09,27.0
New York,United States,2024-02-03,5.4
New York,United States,2020-08-03,24.3
New York,United States,2018-02-07,5.3
New York,United States,2017-05-09,23.8
New York,United States,2021-02-15,4.2
New York,United States,2025-03-31,15.0
New York,United States,2017-03-17,8.1
New York,United States,2024-06-28,21.5
New York,United States,2025-05-23,26.1
New York,United States,2023-07-16,21.5
New York,United States,2021-01-19,-0.8
New York,United States,2021-02-16,2.5
New York,United States,2017-07-05,21.0
New York,United States,2021-08-05,25.2
New York,United States,2022-03-16,11.1
New York,United States,2020-11-07,4.2
New York,United States,2021-09-13,12.4
New York,United States,2024-10-04,10.6
New York,United States,2022-06-27,24.9
New York,United States,2017-12-12,-0.5
New York,United States,2020-05-05,20.4
New York,United States,2023-05-17,19.7
New York,United States,2021-08-26,15.7
New York,United States,2025-11-19,-2.7
New York,United States,2023-10-07,12.7
New York,United States,2024-07-19,24.0
New York,United States,2019-11-05,5.5
New York,United States,2019-04-19,17.4
New York,United States,2020-08-17,20.0
New York,United States,2022-10-03,8.9
New York,United States,2019-05-09,18.8
New York,United States,2025-06-15,24.2
New York,United States,2023-12-25,-4.3
New York,United States,2024-04-06,18.5
New York,United States,2018-04-02,13.7
New York,United States,2018-05-08,20.6
New York,United States,2019-11-15,0.8
New York,United States,2023-07-17,26.4
New York,United States,2017-12-29,1.9
New York,United States,2021-08-25,15.6
New York,United States,2023-12-19,-1.2
New York,United States,2017-04-17,18.2
New York,United States,2022-07-15,21.9
New York,United States,2022-05-26,27.1
New York,United States,2023-07-24,22.5
New York,United States,2024-05-21,25.6
New York,United States,2025-11-03,2.3
New York,United States,2025-07-02,25.0
New York,United States,2017-03-12,10.3
New York,United States,2016-04-13,16.9
New York,United States,2016-08-19,19.8
New York,United States,2018-03-29,13.5
New York,United States,2019-03-19,15.2
New York,United States,2023-08-31,17.1
New York,United States,2023-09-29,14.6
New York,United States,2024-10-17,5.8
New York,United States,2016-05-12,25.8
New York,United States,2020-01-09,0.5
New York,United States,2025-09-25,10.8
New York,United States,2023-07-29,22.7
New York,United States,2024-04-28,16.3
New York,United States,2023-04-04,13.9
New York,United States,2024-10-17,6.2
New York,United States,2024-12-07,0.4
New York,United States,2023-06-14,23.8
New York,United States,2016-07-11,26.5
New York,United States,2024-11-02,2.9
New York,United States,2023-09-07,14.7
New York,United States,2016-02-23,8.9
New York,United States,2024-05-04,21.3
New York,United States,2024-10-03,12.5
New York,United States,2025-08-25,21.0
New York,United States,2023-02-08,1.0
New York,United States,2023-11-26,0.3
New York,United States,2022-08-07,19.8
New York,United States,2022-02-16,5.1
New York,United States,2024-02-17,4.1
New York,United States,2018-03-03,7.8
New York,United States,2023-08-28,19.0
New York,United States,2016-11-01,4.4
New York,United States,2021-10-05,10.6
New York,United States,2017-05-03,19.5
New York,United States,2022-03-29,15.4
New York,United States,2018-12-18,1.3
New York,United States,2018-11-10,4.6
New York,United States,2016-01-24,0.1
New York,United States,2017-09-26,14.2
New York,United States,2016-06-12,26.3
New York,United States,2016-07-27,24.5
New York,United States,2024-09-03,18.8
New York,United States,2023-06-04,23.7
New York,United States,2019-05-18,20.6
New York,United States,2020-01-06,0.1
New York,United States,2016-10-25,5.6
New York,United States,2018-06-19,23.8
New York,United States,2018-01-23,-2.0
New York,United States,2017-10-14,7.1
New York,United States,2020-08-30,15.2
New York,United States,2019-12-02,-0.3
New York,United States,2018-06-25,27.7
New York,United States,2019-09-18,11.3
New York,United States,2020-01-17,-0.5
New York,United States,2022-12-07,4.6
New York,United States,2021-12-12,-2.9
New York,United States,2024-06-07,25.5
New York,United States,2023-04-13,20.1
New York,United States,2020-12-30,-0.2
New York,United States,2018-09-11,17.1
New York,United States,2022-12-19,-2.0
New York,United States,2018-09-25,14.6
New York,United States,2019-08-07,20.9
New York,United States,2020-04-11,21.1
New York,United States,2020-04-29,18.0
New York,United States,2018-11-16,0.3
New York,United States,2021-10-18,6.3
New York,United States,2025-03-21,12.4
New York,United States,2021-09-14,11.7
New York,United States,2020-12-30,-2.0
New York,United States,2023-04-22,19.1
New York,United States,2018-02-27,7.0
New York,United States,2017-01-28,2.9
New York,United States,2017-11-16,5.3
New York,United States,2021-12-24,-1.1
New York,United States,2016-01-31,1.6
New York,United States,2023-01-22,0.4
New York,United States,2024-09-03,17.0
New York,United States,2025-05-15,25.8
New York,United States,2017-03-01,8.8
New York,United States,2025-11-07,6.8
New York,United States,2024-04-24,20.0
New York,United States,2016-10-22,2.9
New York,United States,2024-05-17,23.0
New York,United States,2024-01-15,0.2
New York,United States,2019-09-20,13.6
New York,United States,2017-12-30,-0.2
New York,United States,2024-11-27,0.5
New York,United States,2025-03-19,12.4
New York,United States,2018-07-21,25.7
New York,United States,2021-01-21,0.2
New York,United States,2023-01-25,0.3
New York,United States,2020-05-14,23.8
New York,United States,2023-07-20,24.2
New York,United States,2024-01-29,2.4
New York,United States,2022-12-07,3.0
New York,United States,2016-07-05,26.4
New York,United States,2023-11-10,3.8
New York,United States,2021-08-21,17.6
New York,United States,2017-03-10,8.9
New York,United States,2022-10-20,9.3
New York,United States,2016-12-20,-1.4
New York,United States,2020-04-11,21.4
New York,United States,2020-06-06,25.3
New York,United States,2017-10-02,9.7
New York,United States,2021-12-25,0.1
New York,United States,2024-12-07,3.1
New York,United States,2024-12-10,0.7
New York,United States,2023-02-10,2.8
New York,United States,2017-08-13,19.4
New York,United States,2024-11-30,4.3
New York,United States,2025-09-21,12.3
New York,United States,2016-02-15,3.1
New York,United States,2022-03-17,12.0
New York,United States,2016-06-20,24.7
New York,United States,2016-01-21,-0.5
New York,United States,2022-02-20,5.1
New York,United States,2016-12-14,-1.5
New York,United States,2024-02-21,9.3
New York,United States,2019-11-09,3.9
New York,United States,2025-07-19,28.3
New York,United States,2021-09-30,11.4
New York,United States,2022-12-01,1.3
New York,United States,2025-05-12,22.4
New York,United States,2023-07-11,25.8
New York,United States,2024-12-19,-1.1
New York,United States,2024-06-03,24.6
New York,United States,2022-02-26,4.7
New York,United States,2019-04-05,16.1
New York,United States,2023-07-14,25.4
New York,United States,2024-02-20,6.3
New York,United States,2022-07-06,23.3
New York,United States,2017-06-09,25.3
New York,United States,2023-07-12,24.2
New York,United States,2022-12-12,-1.1
New York,United States,2016-10-12,9.2
New York,United States,2021-01-19,0.0
New York,United States,2019-09-06,14.6
New York,United States,2022-07-20,22.9
New York,United States,2017-09-16,11.9
New York,United States,2019-07-19,23.4
New York,United States,2020-10-20,7.0
New York,United States,2024-10-23,7.1
New York,United States,2018-06-26,24.8
New York,United States,2019-02-07,0.8
New York,United States,2025-06-03,22.9
New York,United States,2019-09-20,15.1
New York,United States,2025-11-04,1.5
New York,United States,2024-09-08,15.5
New York,United States,2019-06-05,24.0
New York,United States,2023-03-29,14.0
New York,United States,2022-10-20,7.8
New York,United States,2025-04-08,16.9
New York,United States,2017-07-27,24.2
New York,United States,2024-03-23,12.0
New York,United States,2025-12-09,-2.5
New York,United States,2016-03-17,9.1
New York,United States,2025-07-11,24.3
New York,United States,2022-07-11,24.8
New York,United States,2022-06-29,23.2
New York,United States,2016-05-30,26.1
New York,United States,2022-03-09,9.2
New York,United States,2022-01-19,5.3
New York,United States,2021-04-17,17.3
New York,United States,2020-05-26,23.3
New York,United States,2018-07-03,27.3
New York,United States,2025-08-11,19.3
New York,United States,2019-04-06,17.2
New York,United States,2017-01-05,1.7
New York,United States,2020-06-13,25.2
New York,United States,2018-09-05,16.3
New York,United States,2025-07-05,30.7
New York,United States,2023-09-03,15.3
New York,United States,2017-11-10,2.7
New York,United States,2017-10-14,6.5
New York,United States,2018-01-03,-2.6
New York,United States,2025-10-12,6.9
New York,United States,2017-08-21,19.0
New York,United States,2020-01-09,-2.1
New York,United States,2016-06-14,25.9
New York,United States,2016-09-14,16.2
New York,United States,2018-12-18,-0.9
New York,United States,2018-04-26,20.2
New York,United States,2021-10-22,7.5
New York,United States,2021-04-07,14.8
New York,United States,2021-02-05,3.7
New York,United States,2023-04-10,16.1
New York,United States,2019-08-20,23.6
New York,United States,2023-02-08,7.0
New York,United States,2025-04-21,18.3
New York,United States,2022-06-28,28.7
New York,United States,2022-02-07,1.9
New York,United States,2020-03-30,13.5
New York,United States,2020-02-05,-0.3
New York,United States,2016-11-14,-0.2
New York,United States,2021-10-17,6.9
New York,United States,2018-07-01,30.7
New York,United States,2021-10-16,4.1
New York,United States,2019-11-14,4.2
New York,United States,2021-06-17,26.6
New York,United States,2016-01-28,-1.9
New York,United States,2021-08-17,21.5
New York,United States,2018-07-31,21.2
New York,United States,2016-11-11,0.8
New York,United States,2017-09-07,15.5
New York,United States,2018-02-04,4.6
New York,United States,2025-02-28,9.8
New York,United States,2017-04-29,19.2
New York,United States,2019-09-14,12.4
New York,United States,2024-01-29,4.5
New York,United States,2021-05-16,24.9
New York,United States,2018-05-13,20.1
New York,United States,2020-08-10,19.4
New York,United States,2016-04-01,14.8
New York,United States,2022-08-23,19.8
New York,United States,2017-10-21,7.7
New York,United States,2025-12-27,1.4
New York,United States,2022-06-02,25.5
New York,United States,2018-01-07,1.0
New York,United States,2021-10-17,9.6
New York,United States,2022-04-27,19.2
New York,United States,2023-02-24,9.9
New York,United States,2023-06-03,25.2
New York,United States,2025-03-18,11.3
New York,United States,2021-01-13,1.3
New York,United States,2022-10-20,10.4
New York,United States,2017-11-29,0.3
New York,United States,2018-06-17,26.8
New York,United States,2024-11-28,-1.9
New York,United States,2022-07-14,25.1
New York,United States,2023-05-25,22.9
New York,United States,2021-09-23,11.8
New York,United States,2019-11-04,6.8
New York,United States,2021-01-31,1.9
New York,United States,2020-03-29,13.7
New York,United States,2020-04-27,20.3
New York,United States,2021-11-11,2.8
New York,United States,2025-08-21,21.7
New York,United States,2025-04-08,14.5
New York,United States,2017-09-04,15.3
New York,United States,2022-11-23,0.3
New York,United States,2022-09-22,15.7
New York,United States,2021-08-23,19.6
New York,United States,2024-06-08,26.9
New York,United States,2017-06-17,27.0
New York,United States,2022-10-07,8.9
New York,United States,2024-09-08,15.2
New York,United States,2023-08-11,19.5
New York,United States,2020-02-26,5.2
New York,United States,2025-10-23,8.1
New York,United States,2018-07-28,23.7
New York,United States,2024-12-30,-3.7
New York,United States,2019-12-06,0.4
New York,United States,2022-08-09,22.8
New York,United States,2025-05-22,19.6
New York,United States,2023-10-24,3.7
New York,United States,2018-11-08,2.0
New York,United States,2021-05-08,22.2
New York,United States,2016-12-09,-4.6
New York,United States,2019-03-06,6.8
New York,United States,2018-11-21,-0.2
New York,United States,2018-02-13,7.9
New York,United States,2016-01-30,2.5
New York,United States,2022-06-25,23.1
New York,United States,2020-03-16,10.9
New York,United States,2023-05-05,22.3
New York,United States,2020-08-01,25.9
New York,United States,2020-01-23,3.1
New York,United States,2022-07-25,24.8
New York,United States,2018-11-04,3.4
New York,United States,2022-05-01,23.1
New York,United States,2020-02-06,-1.3
New York,United States,2020-06-15,21.4
New York,United States,2024-06-19,26.2
New York,United States,2022-04-02,17.2
New York,United States,2021-05-30,25.6
New York,United States,2021-06-04,27.2
New York,United States,2018-11-05,6.1
New York,United States,2024-09-06,15.5
New York,United States,2023-11-29,-0.4
New York,United States,2025-09-08,16.1
New York,United States,2023-05-24,25.0
New York,United States,2024-10-12,8.7
New York,United States,2023-11-04,4.5
New York,United States,2021-09-13,14.1
New York,United States,2020-06-28,26.2
New York,United States,2022-11-20,-2.1
New York,United States,2023-10-26,4.9
New York,United States,2020-05-12,21.9
New York,United States,2023-02-17,6.3
New York,United States,2017-08-18,19.8
New York,United States,2021-04-15,19.5
New York,United States,2016-09-19,11.8
New York,United States,2018-12-13,-0.2
New York,United States,2016-06-03,25.7
New York,United States,2024-02-15,0.7
New York,United States,2022-11-19,5.3
New York,United States,2023-05-11,19.1
New York,United States,2022-09-13,13.9
New York,United States,2016-08-23,22.1
New York,United States,2023-03-07,7.8
New York,United States,2021-07-17,23.1
New York,United States,2023-05-14,23.2
New York,United States,2025-01-05,-1.4
New York,United States,2024-10-16,6.8
New York,United States,2022-09-21,9.5
New York,United States,2022-11-24,0.7
New York,United States,2017-11-25,-0.0
New York,United States,2023-05-06,19.8
New York,United States,2016-01-02,0.6
New York,United States,2019-02-04,3.0
New York,United States,2024-09-28,8.4
New York,United States,2020-07-18,25.9
New York,United States,2022-07-28,23.2
New York,United States,2023-11-22,1.5
New York,United States,2016-10-08,10.8
New York,United States,2024-02-22,5.1
New York,United States,2025-04-21,16.3
New York,United States,2019-11-24,-0.0
New York,United States,2025-02-22,5.9
New York,United States,2018-03-07,11.7
New York,United States,2021-02-05,5.7
New York,United States,2018-12-05,-1.1
New York,United States,2017-12-17,-1.3
New York,United States,2016-10-23,6.1
New York,United States,2021-08-22,17.6
New York,United States,2025-01-01,4.4
New York,United States,2021-10-03,13.8
New York,United States,2025-02-12,3.4
New York,United States,2024-11-23,-1.8
New York,United States,2020-03-24,11.6
New York,United States,2022-04-25,18.1
New York,United States,2019-10-23,5.9
New York,United States,2024-09-11,12.4
New York,United States,2022-07-31,23.3
New York,United States,2025-08-31,18.1
New York,United States,2016-10-03,9.9
New York,United States,2020-04-16,13.7
New York,United States,2023-08-04,17.3
New York,United States,2023-11-12,2.6
New York,United States,2019-12-17,1.3
New York,United States,2021-10-16,4.1
New York,United States,2018-12-14,-1.1
New York,United States,2018-10-13,7.3
New York,United States,2024-05-25,26.1
New York,United States,2025-03-17,9.8
New York,United States,2018-01-01,1.8
New York,United States,2021-05-05,20.8
New York,United States,2022-06-07,26.4
New York,United States,2019-01-07,1.4
New York,United States,2018-02-17,8.4
New York,United States,2021-08-05,21.8
New York,United States,2018-09-18,11.8
New York,United States,2025-10-14,7.4
New York,United States,2025-05-12,23.8
New York,United States,2018-10-19,7.5
New York,United States,2024-09-25,9.8
New York,United States,2017-03-12,10.7
New York,United States,2023-06-10,25.8
New York,United States,2021-07-10,22.3
New York,United States,2022-01-26,-0.4
New York,United States,2016-06-22,26.6
New York,United States,2019-07-15,22.9
New York,United States,2021-07-09,28.3
New York,United States,2022-06-11,22.8
New York,United States,2025-09-28,10.8
New York,United States,2024-07-27,24.3
New York,United States,2021-09-24,11.6
New York,United States,2022-06-20,26.9
New York,United States,2017-06-09,28.6
New York,United States,2021-05-13,23.7
New York,United States,2022-01-23,3.3
New York,United States,2025-08-25,18.8
New York,United States,2023-09-12,14.9
New York,United States,2017-05-08,19.6
New York,United States,2023-10-31,2.6
New York,United States,2016-02-04,2.9
New York,United States,2016-02-18,4.7
New York,United States,2017-02-16,3.5
New York,United States,2019-08-25,15.8
New York,United States,2018-02-05,6.3
New York,United States,2022-02-24,6.6
New York,United States,2022-11-16,3.4
New York,United States,2019-11-06,1.7
New York,United States,2018-05-12,24.2
New York,United States,2020-09-12,13.8
New York,United States,2025-07-31,20.8
New York,United States,2020-06-28,25.2
New York,United States,2017-06-21,26.7
New York,United States,2022-06-16,24.0
New York,United States,2024-01-31,-0.8
New York,United States,2019-01-10,1.1
New York,United States,2025-08-08,19.1
New York,United States,2020-04-09,17.7
New York,United States,2024-04-13,20.8
New York,United States,2017-09-04,16.0
New York,United States,2020-09-22,12.2
New York,United States,2021-08-08,24.3
New York,United States,2023-01-27,5.2
New York,United States,2021-10-18,5.0
New York,United States,2021-06-16,25.1
New York,United States,2019-05-13,22.5
New York,United States,2016-07-14,28.5
New York,United States,2020-06-19,26.5
New York,United States,2018-06-01,25.4
New York,United States,2025-02-15,4.9
New York,United States,2017-01-29,6.1
New York,United States,2021-01-16,0.7
New York,United States,2020-01-15,-0.9
New York,United States,2022-04-14,14.0
New York,United States,2019-11-10,1.4
New York,United States,2016-03-22,11.0
New York,United States,2023-08-15,21.3
New York,United States,2022-10-16,8.0
New York,United States,2023-04-12,19.4
New York,United States,2022-01-14,2.1
New York,United States,2019-12-25,2.6
New York,United States,2019-08-24,17.5
New York,United States,2024-04-04,13.4
New York,United States,2021-01-04,1.4
New York,United States,2019-03-19,10.4
New York,United States,2021-03-14,9.8
New York,United States,2017-11-17,0.9
New York,United States,2023-03-08,9.9
New York,United States,2023-01-29,0.6
New York,United States,2022-11-13,-1.2
New York,United States,2016-10-19,4.7
New York,United States,2016-11-20,2.0
New York,United States,2019-07-21,25.1
New York,United States,2023-04-28,19.7
New York,United States,2023-03-25,14.5
New York,United States,2020-06-07,24.8
New York,United States,2025-09-04,18.5
New York,United States,2020-01-27,2.0
New York,United States,2021-01-18,-1.5
New York,United States,2020-08-22,20.7
New York,United States,2017-05-27,27.6
New York,United States,2024-02-28,7.7
New York,United States,2024-05-04,22.8
New York,United States,2023-11-10,2.7
New York,United States,2020-06-14,24.0
New York,United States,2017-02-25,10.8
New York,United States,2021-04-22,21.6
New York,United States,2022-02-24,10.0
New York,United States,2021-11-16,3.0
New York,United States,2024-07-30,23.6
New York,United States,2022-12-06,-0.1
New York,United States,2017-09-28,15.0
New York,United States,2020-05-15,25.3
New York,United States,2019-06-21,25.9
New York,United States,2020-12-20,2.7
New York,United States,2023-01-10,1.9
New York,United States,2017-11-29,2.2
New York,United States,2016-04-27,21.9
New York,United States,2019-08-25,18.8
New York,United States,2025-09-09,9.9
New York,United States,2022-01-23,2.3
New York,United States,2019-01-20,0.1
New York,United States,2023-10-28,4.5
New York,United States,2022-01-17,2.0
New York,United States,2023-01-28,4.5
New York,United States,2024-05-25,22.4
New York,United States,2021-11-14,0.2
New York,United States,2023-03-05,7.5
New York,United States,2019-11-23,-0.3
New York,United States,2021-05-26,20.6
New York,United States,2020-12-14,-1.3
New York,United States,2019-06-15,24.4
New York,United States,2019-05-28,25.5
New York,United States,2016-02-13,8.3
New York,United States,2025-07-05,25.2
New York,United States,2017-07-12,23.5
New York,United States,2016-02-04,5.0
New York,United States,2023-09-18,17.5
New York,United States,2021-05-08,19.5
New York,United States,2019-05-12,24.5
New York,United States,2019-04-14,17.5
New York,United States,2022-09-11,14.8
New York,United States,2020-03-10,10.1
New York,United States,2018-02-11,2.1
New York,United States,2020-06-04,26.3
New York,United States,2018-10-20,8.0
New York,United States,2020-05-15,25.8
New York,United States,2025-04-16,16.7
New York,United States,2020-09-25,12.5
New York,United States,2023-01-05,0.1
New York,United States,2022-11-16,5.3
New York,United States,2025-01-20,0.6
New York,United States,2023-04-10,15.0
New York,United States,2024-05-01,19.3
New York,United States,2018-02-09,3.6
New York,United States,2025-07-27,24.2
New York,United States,2017-03-28,14.1
New York,United States,2023-02-21,4.0
New York,United States,2023-11-09,3.4
New York,United States,2022-12-25,-2.2
New York,United States,2017-09-15,14.0
New York,United States,2016-07-22,24.1
New York,United States,2017-02-22,6.3
New York,United States,2019-03-01,7.4
New York,United States,2024-02-26,10.3
New York,United States,2016-02-03,3.1
New York,United States,2021-07-14,25.7
New York,United States,2018-06-08,24.2
New York,United States,2024-12-18,1.0
New York,United States,2021-08-03,24.5
New York,United States,2024-11-15,1.8
New York,United States,2016-05-09,20.2
New York,United States,2017-08-21,22.5
New York,United States,2016-08-17,19.5
New York,United States,2022-02-02,4.8
New York,United States,2021-04-09,18.1
New York,United States,2018-10-21,10.0
New York,United States,2025-03-01,7.5
New York,United States,2024-08-12,20.9
New York,United States,2024-01-06,-0.0
New York,United States,2020-12-19,2.9
New York,United States,2018-10-09,8.6
New York,United States,2021-03-02,7.5
New York,United States,2024-03-30,14.7
New York,United States,2018-05-03,18.6
New York,United States,2021-04-20,14.7
New York,United States,2019-08-16,23.4
New York,United States,2017-10-11,7.8
New York,United States,2022-03-01,7.3
New York,United States,2021-11-03,5.4
New York,United States,2019-05-08,23.4
New York,United States,2018-03-24,12.4
New York,United States,2023-06-23,26.0
New York,United States,2018-06-11,26.7
New York,United States,2020-11-13,1.9
New York,United States,2019-08-22,22.5
New York,United States,2022-07-22,24.1
New York,United States,2017-05-05,20.1
New York,United States,2016-06-21,26.4
New York,United States,2022-07-08,25.5
New York,United States,2022-09-08,13.2
New York,United States,2017-09-26,10.9
New York,United States,2017-10-07,9.7
New York,United States,2021-08-09,23.6
New York,United States,2024-07-08,26.5
New York,United States,2023-01-04,1.6
New York,United States,2017-09-22,13.0
New York,United States,2023-11-12,1.5
New York,United States,2021-06-21,25.3
New York,United States,2018-08-11,19.9
New York,United States,2023-03-25,15.4
New York,United States,2024-06-26,23.0
New York,United States,2024-03-22,16.0
New York,United States,2018-03-01,9.7
New York,United States,2024-02-15,5.3
New York,United States,2017-07-05,25.2
New York,United States,2023-12-04,0.7
New York,United States,2020-11-27,-1.8
New York,United States,2021-06-30,24.5
New York,United States,2018-02-16,2.9
New York,United States,2019-08-18,18.7
New York,United States,2024-03-18,7.7
New York,United States,2022-09-18,14.0
New York,United States,2025-08-25,17.7
New York,United States,2017-09-26,11.2
New York,United States,2021-01-14,0.1
New York,United States,2020-02-12,6.0
New York,United States,2021-02-02,5.7
New York,United States,2020-04-01,14.8
New York,United States,2024-03-24,13.2
New York,United States,2025-08-10,21.5
New York,United States,2020-01-31,2.8
New York,United States,2024-02-01,1.2
New York,United States,2016-09-16,12.1
New York,United States,2020-05-06,19.6
New York,United States,2018-02-16,2.9
New York,United States,2022-03-08,8.9
New York,United States,2017-09-23,10.8
New York,United States,2023-03-10,8.5
New York,United States,2019-08-12,22.7
New York,United States,2016-09-30,11.9
New York,United States,2016-06-28,25.9
New York,United States,2025-10-17,6.0
New York,United States,2016-05-08,22.6
New York,United States,2017-02-08,6.0
New York,United States,2016-05-10,18.8
New York,United States,2023-05-18,21.6
New York,United States,2021-06-29,22.3
New York,United States,2018-11-14,1.6
New York,United States,2016-07-20,22.1
New York,United States,2016-10-17,8.8
New York,United States,2016-02-23,7.8
New York,United States,2021-07-05,24.6
New York,United States,2025-12-23,0.6
New York,United States,2023-03-02,6.0
New York,United States,2016-09-05,13.8
New York,United States,2025-12-26,2.1
New York,United States,2020-08-30,18.7
New York,United States,2016-08-26,14.8
New York,United States,2025-03-27,11.6
New York,United States,2024-03-26,11.8
New York,United States,2016-10-15,7.6
New York,United States,2018-06-03,24.1
New York,United States,2021-10-28,7.5
New York,United States,2021-12-17,1.4
New York,United States,2020-04-27,21.0
New York,United States,2018-10-15,9.6
New York,United States,2022-05-23,22.9
New York,United States,2024-05-26,23.3
New York,United States,2022-04-05,14.6
New York,United States,2023-02-28,8.0
New York,United States,2022-06-19,24.1
New York,United States,2023-06-17,27.2
New York,United States,2020-10-15,8.0
New York,United States,2018-01-08,-0.7
New York,United States,2022-03-02,6.5
New York,United States,2017-10-09,9.7
New York,United States,2021-12-26,1.7
New York,United States,2019-12-14,-0.4
New York,United States,2019-07-14,18.1
New York,United States,2025-06-22,23.4
New York,United States,2020-03-02,5.8
New York,United States,2025-04-06,17.2
New York,United States,2024-02-21,5.5
New York,United States,2022-02-12,5.8
New York,United States,2018-05-26,22.3
New York,United States,2024-05-07,23.6
New York,United States,2018-11-06,1.9
New York,United States,2020-06-14,27.1
New York,United States,2016-01-01,-1.1
New York,United States,2022-09-06,10.2
New York,United States,2016-03-07,3.0
New York,United States,2019-05-21,22.9
New York,United States,2016-01-27,1.6
New York,United States,2025-08-06,23.1
New York,United States,2019-07-13,28.3
New York,United States,2023-09-26,12.0
New York,United States,2025-03-22,11.9
New York,United States,2022-03-28,16.2
New York,United States,2022-05-26,25.2
New York,United States,2016-06-03,24.4
New York,United States,2021-02-28,6.9
New York,United States,2020-02-12,5.3
New York,United States,2025-12-22,-1.8
New York,United States,2025-02-04,2.4
New York,United States,2019-05-15,24.5
New York,United States,2018-06-09,26.3
New York,United States,2024-03-26,15.0
New York,United States,2021-05-30,25.3
New York,United States,2017-12-09,-4.5
New York,United States,2023-11-18,1.9
New York,United States,2022-06-18,25.8
New York,United States,2023-03-15,10.0
New York,United States,2019-05-15,26.4
New York,United States,2020-04-11,17.8
New York,United States,2016-11-17,2.5
New York,United States,2019-10-01,5.9
New York,United States,2019-11-26,2.3
New York,United States,2025-09-24,10.4
New York,United States,2017-05-08,22.8
New York,United States,2023-04-27,18.9
New York,United States,2025-07-11,24.6
New York,United States,2024-09-19,12.6
New York,United States,2023-02-02,1.6
New York,United States,2016-06-17,26.6
New York,United States,2019-07-31,21.6
New York,United States,2021-08-19,19.3
New York,United States,2023-10-29,4.8
New York,United States,2024-03-15,11.6
New York,United States,2020-05-28,27.7
New York,United States,2022-06-14,24.8
New York,United States,2021-08-29,19.4
New York,United States,2024-10-25,6.3
New York,United States,2020-06-03,26.0
New York,United States,2021-05-03,22.4
New York,United States,2022-05-29,24.3
New York,United States,2018-12-11,-2.8
London,United Kingdom,2016-12-14,1.8
London,United Kingdom,2023-10-29,7.9
London,United Kingdom,2017-06-18,19.7
London,United Kingdom,2018-03-22,9.1
London,United Kingdom,2021-06-21,17.4
London,United Kingdom,2022-04-17,16.5
London,United Kingdom,2022-11-28,6.6
London,United Kingdom,2018-09-19,11.8
London,United Kingdom,2016-10-20,7.4
London,United Kingdom,2023-09-05,15.8
London,United Kingdom,2022-06-17,22.0
London,United Kingdom,2020-09-30,11.8
London,United Kingdom,2020-02-05,4.8
London,United Kingdom,2022-08-29,16.1
London,United Kingdom,2023-05-08,18.9
London,United Kingdom,2019-12-03,4.2
London,United Kingdom,2022-11-29,5.7
London,United Kingdom,2022-12-27,0.3
London,United Kingdom,2017-08-20,11.5
London,United Kingdom,2018-08-14,18.1
London,United Kingdom,2018-03-28,11.8
London,United Kingdom,2024-03-02,7.8
London,United Kingdom,2025-07-24,21.1
London,United Kingdom,2018-09-22,13.1
London,United Kingdom,2022-12-18,7.1
London,United Kingdom,2025-03-13,8.4
London,United Kingdom,2019-03-24,14.7
London,United Kingdom,2017-03-31,12.9
London,United Kingdom,2019-06-03,18.7
London,United Kingdom,2018-05-06,17.2
London,United Kingdom,2024-04-19,13.9
London,United Kingdom,2021-11-13,4.9
London,United Kingdom,2024-05-31,18.9
London,United Kingdom,2024-03-08,11.9
London,United Kingdom,2017-08-01,16.7
London,United Kingdom,2020-03-22,8.7
London,United Kingdom,2022-07-15,20.9
London,United Kingdom,2018-11-12,3.9
London,United Kingdom,2017-11-28,5.4
London,United Kingdom,2023-10-23,7.8
London,United Kingdom,2022-12-06,3.5
London,United Kingdom,2016-02-04,8.0
London,United Kingdom,2016-09-29,9.1
London,United Kingdom,2025-07-22,19.5
London,United Kingdom,2023-05-27,18.1
London,United Kingdom,2019-04-13,15.1
London,United Kingdom,2025-09-22,12.9
London,United Kingdom,2020-04-08,12.5
London,United Kingdom,2021-09-13,13.5
London,United Kingdom,2019-07-16,18.7
London,United Kingdom,2021-06-08,20.9
London,United Kingdom,2018-02-02,3.7
London,United Kingdom,2018-03-25,9.6
London,United Kingdom,2023-12-28,3.5
London,United Kingdom,2016-03-29,16.9
London,United Kingdom,2019-06-02,20.1
London,United Kingdom,2019-09-28,7.3
London,United Kingdom,2016-03-16,10.9
London,United Kingdom,2019-11-21,3.8
London,United Kingdom,2019-05-23,16.7
London,United Kingdom,2018-08-25,20.7
London,United Kingdom,2019-02-03,5.5
London,United Kingdom,2025-02-07,7.5
London,United Kingdom,2020-05-04,17.5
London,United Kingdom,2025-12-26,9.6
London,United Kingdom,2022-03-23,11.5
London,United Kingdom,2019-02-21,7.9
London,United Kingdom,2020-05-28,20.6
London,United Kingdom,2023-05-14,19.9
London,United Kingdom,2021-11-02,8.7
London,United Kingdom,2023-08-09,14.8
London,United Kingdom,2018-07-20,16.8
London,United Kingdom,2020-09-05,13.7
London,United Kingdom,2019-07-03,20.5
London,United Kingdom,2022-10-15,7.1
London,United Kingdom,2018-04-26,18.1
London,United Kingdom,2023-04-26,17.6
London,United Kingdom,2024-12-21,5.4
London,United Kingdom,2018-04-08,14.8
London,United Kingdom,2023-11-28,2.8
London,United Kingdom,2021-11-15,6.8
London,United Kingdom,2024-08-20,14.5
London,United Kingdom,2017-08-17,14.6
London,United Kingdom,2017-10-09,7.0
London,United Kingdom,2019-07-24,20.6
London,United Kingdom,2024-01-25,5.9
London,United Kingdom,2017-04-29,17.8
London,United Kingdom,2017-08-19,19.3
London,United Kingdom,2024-02-26,9.9
London,United Kingdom,2020-08-22,15.7
London,United Kingdom,2020-08-11,15.5
London,United Kingdom,2025-03-19,14.1
London,United Kingdom,2023-02-21,9.1
London,United Kingdom,2024-09-26,10.1
London,United Kingdom,2018-02-08,7.1
London,United Kingdom,2024-07-19,19.4
London,United Kingdom,2022-11-11,3.4
London,United Kingdom,2022-11-13,3.4
London,United Kingdom,2018-08-03,16.3
London,United Kingdom,2016-04-16,14.0
London,United Kingdom,2020-01-11,7.1
London,United Kingdom,2017-07-03,21.0
London,United Kingdom,2021-08-19,17.1
London,United Kingdom,2023-04-14,12.6
London,United Kingdom,2020-03-11,10.8
London,United Kingdom,2021-04-24,17.5
London,United Kingdom,2017-07-17,19.5
London,United Kingdom,2020-07-31,18.9
London,United Kingdom,2024-07-28,22.4
London,United Kingdom,2020-08-18,15.0
London,United Kingdom,2018-06-30,19.1
London,United Kingdom,2024-06-30,13.4
London,United Kingdom,2018-04-17,19.1
London,United Kingdom,2020-12-04,5.7
London,United Kingdom,2025-09-21,9.3
London,United Kingdom,2025-09-20,9.6
London,United Kingdom,2021-02-17,8.7
London,United Kingdom,2024-09-14,11.0
London,United Kingdom,2016-06-20,16.6
London,United Kingdom,2024-01-28,2.8
London,United Kingdom,2019-07-05,15.6
London,United Kingdom,2022-05-31,21.9
London,United Kingdom,2022-08-29,11.8
London,United Kingdom,2023-11-24,3.7
London,United Kingdom,2024-10-28,7.6
London,United Kingdom,2021-02-14,7.0
London,United Kingdom,2025-04-10,16.9
London,United Kingdom,2018-10-03,7.1
London,United Kingdom,2021-10-25,1.5
London,United Kingdom,2016-06-09,18.0
London,United Kingdom,2022-04-03,10.5
London,United Kingdom,2016-07-20,20.7
London,United Kingdom,2018-02-16,6.5
London,United Kingdom,2019-06-01,20.9
London,United Kingdom,2024-09-03,14.9
London,United Kingdom,2020-09-26,8.8
London,United Kingdom,2019-04-20,14.7
London,United Kingdom,2021-10-18,7.5
London,United Kingdom,2017-08-05,14.5
London,United Kingdom,2017-01-05,4.4
London,United Kingdom,2024-02-07,4.8
London,United Kingdom,2022-07-25,18.2
London,United Kingdom,2023-10-22,5.6
London,United Kingdom,2019-08-17,15.5
London,United Kingdom,2021-01-20,6.7
London,United Kingdom,2023-12-28,3.9
London,United Kingdom,2018-04-07,14.2
London,United Kingdom,2019-08-20,15.1
London,United Kingdom,2023-10-04,7.9
London,United Kingdom,2017-11-02,3.7
London,United Kingdom,2024-01-21,4.5
London,United Kingdom,2023-12-02,3.1
London,United Kingdom,2021-01-14,3.6
London,United Kingdom,2023-12-07,3.1
London,United Kingdom,2020-04-22,14.8
London,United Kingdom,2022-11-12,-0.1
London,United Kingdom,2017-10-16,6.8
London,United Kingdom,2024-08-12,17.9
London,United Kingdom,2017-11-30,6.2
London,United Kingdom,2023-05-25,17.2
London,United Kingdom,2025-09-03,16.3
London,United Kingdom,2018-01-02,6.9
London,United Kingdom,2024-08-16,15.6
London,United Kingdom,2019-06-21,17.5
London,United Kingdom,2024-03-09,10.0
London,United Kingdom,2023-01-09,1.7
London,United Kingdom,2018-01-10,4.7
London,United Kingdom,2018-04-10,14.7
London,United Kingdom,2016-01-15,3.1
London,United Kingdom,2021-02-21,6.5
London,United Kingdom,2021-07-31,19.3
London,United Kingdom,2016-01-24,2.8
London,United Kingdom,2022-10-26,8.1
London,United Kingdom,2022-08-08,16.0
London,United Kingdom,2023-05-25,16.6
London,United Kingdom,2016-11-21,4.8
London,United Kingdom,2022-09-28,9.4
London,United Kingdom,2022-02-19,6.5
London,United Kingdom,2019-02-13,4.8
London,United Kingdom,2025-04-03,11.3
London,United Kingdom,2018-04-30,17.5
London,United Kingdom,2023-04-29,16.6
London,United Kingdom,2019-11-30,7.9
London,United Kingdom,2023-06-25,20.4
London,United Kingdom,2022-06-25,20.4
London,United Kingdom,2016-12-25,2.1
London,United Kingdom,2016-07-19,23.5
London,United Kingdom,2017-10-22,11.5
London,United Kingdom,2023-07-15,18.3
London,United Kingdom,2023-11-06,8.7
London,United Kingdom,2022-09-02,11.8
London,United Kingdom,2021-02-08,5.0
London,United Kingdom,2024-05-27,14.7
London,United Kingdom,2017-01-16,2.1
London,United Kingdom,2024-08-13,15.8
London,United Kingdom,2020-04-01,14.7
London,United Kingdom,2025-03-13,12.1
London,United Kingdom,2022-03-04,9.8
London,United Kingdom,2016-09-22,11.0
London,United Kingdom,2023-10-16,9.2
London,United Kingdom,2025-08-21,15.2
London,United Kingdom,2021-11-18,7.2
London,United Kingdom,2018-05-09,16.4
London,United Kingdom,2017-03-23,8.9
London,United Kingdom,2022-05-29,18.5
London,United Kingdom,2016-12-25,0.7
London,United Kingdom,2021-06-04,18.7
London,United Kingdom,2024-11-02,3.5
London,United Kingdom,2023-12-05,3.2
London,United Kingdom,2019-07-20,21.3
London,United Kingdom,2018-11-29,-2.3
London,United Kingdom,2019-12-20,2.5
London,United Kingdom,2017-06-15,17.7
London,United Kingdom,2024-03-05,7.7
London,United Kingdom,2023-02-01,1.8
London,United Kingdom,2025-11-28,4.2
London,United Kingdom,2022-11-01,6.5
London,United Kingdom,2018-03-03,10.5
London,United Kingdom,2016-01-07,5.5
London,United Kingdom,2024-12-07,5.2
London,United Kingdom,2017-04-28,16.1
London,United Kingdom,2022-11-25,3.0
London,United Kingdom,2020-08-25,13.5
London,United Kingdom,2022-04-14,15.4
London,United Kingdom,2025-01-14,4.0
London,United Kingdom,2018-04-04,13.0
London,United Kingdom,2023-09-27,10.0
London,United Kingdom,2019-06-14,22.9
London,United Kingdom,2019-05-14,16.0
London,United Kingdom,2016-01-26,4.9
London,United Kingdom,2017-04-11,13.4
London,United Kingdom,2024-02-15,5.2
London,United Kingdom,2022-05-19,17.8
London,United Kingdom,2017-12-20,3.2
London,United Kingdom,2018-03-05,8.2
London,United Kingdom,2023-07-17,20.4
London,United Kingdom,2021-05-16,21.0
London,United Kingdom,2023-03-29,10.6
London,United Kingdom,2017-07-10,16.3
London,United Kingdom,2025-09-13,13.0
London,United Kingdom,2022-01-08,5.6
London,United Kingdom,2025-02-16,5.6
London,United Kingdom,2020-08-22,16.0
London,United Kingdom,2021-11-04,5.7
London,United Kingdom,2019-05-11,14.7
London,United Kingdom,2022-03-24,10.5
London,United Kingdom,2022-01-03,6.3
London,United Kingdom,2019-09-20,12.0
London,United Kingdom,2024-12-18,6.6
London,United Kingdom,2016-09-28,8.7
London,United Kingdom,2017-09-03,13.9
London,United Kingdom,2020-03-16,11.2
London,United Kingdom,2023-01-10,2.8
London,United Kingdom,2022-10-16,7.9
London,United Kingdom,2020-05-14,18.2
London,United Kingdom,2024-10-09,9.9
London,United Kingdom,2024-06-05,17.8
London,United Kingdom,2023-12-17,7.2
London,United Kingdom,2016-05-09,17.3
London,United Kingdom,2025-11-01,7.2
London,United Kingdom,2018-08-31,11.8
London,United Kingdom,2019-05-24,21.2
London,United Kingdom,2018-06-04,17.9
London,United Kingdom,2020-03-12,10.0
London,United Kingdom,2024-10-20,8.9
London,United Kingdom,2017-01-14,4.5
London,United Kingdom,2020-12-22,-0.1
London,United Kingdom,2021-08-10,16.7
London,United Kingdom,2017-09-23,12.9
London,United Kingdom,2024-03-19,15.4
London,United Kingdom,2025-10-19,4.4
London,United Kingdom,2017-08-09,16.4
London,United Kingdom,2024-08-17,18.5
London,United Kingdom,2021-10-15,5.6
London,United Kingdom,2023-08-03,18.9
London,United Kingdom,2016-05-29,18.8
London,United Kingdom,2021-02-24,4.9
London,United Kingdom,2017-04-19,17.7
London,United Kingdom,2016-01-17,4.1
London,United Kingdom,2025-07-05,19.9
London,United Kingdom,2022-08-31,15.6
London,United Kingdom,2025-12-21,2.2
London,United Kingdom,2016-07-07,21.9
London,United Kingdom,2024-05-11,19.6
London,United Kingdom,2019-07-03,22.7
London,United Kingdom,2023-03-01,9.1
London,United Kingdom,2018-05-09,16.8
London,United Kingdom,2019-02-07,7.2
London,United Kingdom,2021-12-20,2.6
London,United Kingdom,2017-04-26,17.9
London,United Kingdom,2019-01-21,5.5
London,United Kingdom,2016-03-03,10.3
London,United Kingdom,2022-12-26,2.7
London,United Kingdom,2022-01-31,5.0
London,United Kingdom,2019-12-05,2.3
London,United Kingdom,2023-11-25,3.8
London,United Kingdom,2025-01-06,3.5
London,United Kingdom,2016-10-18,9.3
London,United Kingdom,2019-06-29,18.1
London,United Kingdom,2020-12-22,2.3
London,United Kingdom,2016-07-26,19.6
London,United Kingdom,2023-07-29,19.6
London,United Kingdom,2016-07-25,18.7
London,United Kingdom,2020-10-12,9.0
London,United Kingdom,2020-05-24,19.8
London,United Kingdom,2022-08-24,17.7
London,United Kingdom,2023-01-22,6.3
London,United Kingdom,2022-11-29,1.4
London,United Kingdom,2019-12-27,2.1
London,United Kingdom,2023-12-30,7.0
London,United Kingdom,2024-07-03,18.2
London,United Kingdom,2024-06-22,17.3
London,United Kingdom,2024-07-28,16.9
London,United Kingdom,2025-02-11,6.7
London,United Kingdom,2024-12-30,5.6
London,United Kingdom,2021-02-09,5.2
London,United Kingdom,2019-06-25,18.2
London,United Kingdom,2021-03-21,8.4
London,United Kingdom,2021-04-11,14.3
London,United Kingdom,2025-08-28,16.2
London,United Kingdom,2022-12-01,3.9
London,United Kingdom,2018-01-21,6.5
London,United Kingdom,2023-11-05,7.5
London,United Kingdom,2025-08-26,14.1
London,United Kingdom,2025-11-23,3.4
London,United Kingdom,2016-09-24,13.1
London,United Kingdom,2021-04-30,18.1
London,United Kingdom,2025-06-26,21.0
London,United Kingdom,2017-11-30,3.7
London,United Kingdom,2022-06-11,21.2
London,United Kingdom,2017-06-05,17.1
London,United Kingdom,2024-01-04,3.6
London,United Kingdom,2024-12-07,5.7
London,United Kingdom,2016-10-17,9.5
London,United Kingdom,2024-11-19,3.9
London,United Kingdom,2022-08-15,18.4
London,United Kingdom,2020-08-20,15.7
London,United Kingdom,2017-10-13,10.1
London,United Kingdom,2021-05-29,17.5
London,United Kingdom,2025-02-15,8.1
London,United Kingdom,2023-10-13,5.6
London,United Kingdom,2020-11-18,2.8
London,United Kingdom,2022-05-12,18.2
London,United Kingdom,2018-08-25,12.7
London,United Kingdom,2017-12-09,3.3
London,United Kingdom,2023-12-25,2.8
London,United Kingdom,2022-06-09,19.8
London,United Kingdom,2022-09-07,12.6
London,United Kingdom,2021-03-11,9.5
London,United Kingdom,2020-12-28,4.4
London,United Kingdom,2017-12-22,2.8
London,United Kingdom,2022-09-16,14.1
London,United Kingdom,2017-03-21,10.2
London,United Kingdom,2025-03-12,7.6
London,United Kingdom,2020-04-01,11.6
London,United Kingdom,2016-09-08,15.7
London,United Kingdom,2017-01-05,4.0
London,United Kingdom,2022-07-06,20.3
London,United Kingdom,2024-06-19,19.5
London,United Kingdom,2017-08-23,15.3
London,United Kingdom,2023-05-30,20.3
London,United Kingdom,2020-05-16,20.0
London,United Kingdom,2022-11-26,3.1
London,United Kingdom,2023-08-23,14.7
London,United Kingdom,2025-11-02,5.2
London,United Kingdom,2023-08-15,18.7
London,United Kingdom,2019-06-01,23.1
London,United Kingdom,2024-01-19,2.1
London,United Kingdom,2019-11-11,8.0
London,United Kingdom,2022-11-09,5.4
London,United Kingdom,2021-09-21,10.7
London,United Kingdom,2019-04-19,15.7
London,United Kingdom,2016-09-12,10.9
London,United Kingdom,2016-08-05,19.1
London,United Kingdom,2016-01-04,2.6
London,United Kingdom,2020-01-11,0.4
London,United Kingdom,2017-03-25,14.4
London,United Kingdom,2018-08-21,12.5
London,United Kingdom,2020-11-03,5.4
London,United Kingdom,2019-07-27,16.2
London,United Kingdom,2023-12-25,2.1
London,United Kingdom,2022-02-10,7.7
London,United Kingdom,2018-05-15,16.7
London,United Kingdom,2018-02-09,4.3
London,United Kingdom,2022-03-25,8.4
London,United Kingdom,2025-06-02,22.0
London,United Kingdom,2020-09-04,17.6
London,United Kingdom,2023-07-07,24.9
London,United Kingdom,2017-05-29,19.3
London,United Kingdom,2016-03-05,9.8
London,United Kingdom,2017-08-12,16.2
London,United Kingdom,2020-11-23,2.1
London,United Kingdom,2017-07-10,21.6
London,United Kingdom,2020-08-30,15.8
London,United Kingdom,2025-08-24,11.9
London,United Kingdom,2022-10-11,9.8
London,United Kingdom,2020-10-09,7.4
London,United Kingdom,2020-10-03,8.2
London,United Kingdom,2022-03-11,10.7
London,United Kingdom,2018-07-13,17.2
London,United Kingdom,2018-01-31,5.2
London,United Kingdom,2021-08-02,17.7
London,United Kingdom,2025-06-30,19.0
London,United Kingdom,2019-01-07,0.7
London,United Kingdom,2020-08-09,19.2
London,United Kingdom,2016-05-17,16.9
London,United Kingdom,2016-06-04,16.3
London,United Kingdom,2017-04-08,12.4
London,United Kingdom,2022-07-04,16.3
London,United Kingdom,2017-08-04,17.8
London,United Kingdom,2024-03-09,9.1
London,United Kingdom,2024-06-01,13.3
London,United Kingdom,2024-09-25,10.4
London,United Kingdom,2021-11-13,7.6
London,United Kingdom,2025-12-24,2.4
London,United Kingdom,2023-01-27,4.1
London,United Kingdom,2024-04-25,14.4
London,United Kingdom,2023-09-02,11.6
London,United Kingdom,2023-02-08,3.6
London,United Kingdom,2022-11-16,4.3
London,United Kingdom,2016-08-04,19.4
London,United Kingdom,2016-02-14,5.4
London,United Kingdom,2021-04-04,9.0
London,United Kingdom,2022-06-08,20.5
London,United Kingdom,2024-03-24,10.9
London,United Kingdom,2024-12-13,5.2
London,United Kingdom,2019-04-21,15.2
London,United Kingdom,2022-09-13,13.2
London,United Kingdom,2024-05-27,17.6
London,United Kingdom,2018-12-02,7.3
London,United Kingdom,2016-09-08,11.4
London,United Kingdom,2022-06-04,17.2
London,United Kingdom,2016-07-30,16.8
London,United Kingdom,2024-04-08,12.5
London,United Kingdom,2023-01-01,5.9
London,United Kingdom,2017-06-03,19.5
London,United Kingdom,2021-09-01,17.3
London,United Kingdom,2018-10-29,8.3
London,United Kingdom,2017-06-26,18.3
London,United Kingdom,2018-11-18,3.7
London,United Kingdom,2016-02-28,8.3
London,United Kingdom,2022-08-20,13.0
London,United Kingdom,2024-04-14,15.9
London,United Kingdom,2025-01-21,6.4
London,United Kingdom,2017-12-19,3.3
London,United Kingdom,2021-06-09,22.4
London,United Kingdom,2018-01-10,5.2
London,United Kingdom,2019-11-05,2.1
London,United Kingdom,2016-12-11,6.2
London,United Kingdom,2025-03-19,10.4
London,United Kingdom,2017-09-23,13.0
London,United Kingdom,2020-08-18,13.0
London,United Kingdom,2024-08-21,13.3
London,United Kingdom,2024-02-21,9.6
London,United Kingdom,2023-02-24,9.3
London,United Kingdom,2025-06-10,21.6
London,United Kingdom,2019-11-14,6.6
London,United Kingdom,2025-03-10,10.3
London,United Kingdom,2017-04-20,17.4
London,United Kingdom,2021-05-04,17.5
London,United Kingdom,2019-05-19,13.4
London,United Kingdom,2021-12-21,4.2
London,United Kingdom,2018-08-15,14.0
London,United Kingdom,2021-04-27,18.2
London,United Kingdom,2018-12-11,6.1
London,United Kingdom,2016-02-18,10.4
London,United Kingdom,2019-03-28,14.2
London,United Kingdom,2023-08-11,15.8
London,United Kingdom,2019-07-17,21.7
London,United Kingdom,2016-06-17,18.8
London,United Kingdom,2017-02-02,8.0
London,United Kingdom,2025-06-20,18.1
London,United Kingdom,2020-11-03,3.8
London,United Kingdom,2019-01-21,2.7
London,United Kingdom,2019-10-04,9.3
London,United Kingdom,2018-11-11,8.9
London,United Kingdom,2023-05-04,14.9
London,United Kingdom,2023-07-28,16.9
London,United Kingdom,2024-05-26,18.9
London,United Kingdom,2024-08-21,18.5
London,United Kingdom,2018-03-09,6.6
London,United Kingdom,2018-01-06,3.4
London,United Kingdom,2019-07-07,16.4
London,United Kingdom,2025-04-29,15.4
London,United Kingdom,2016-10-05,10.4
London,United Kingdom,2017-03-01,8.7
London,United Kingdom,2023-09-08,12.0
London,United Kingdom,2019-03-06,9.7
London,United Kingdom,2018-10-28,6.9
London,United Kingdom,2017-01-11,4.4
London,United Kingdom,2016-08-20,18.3
London,United Kingdom,2025-05-15,16.7
London,United Kingdom,2018-06-07,21.9
London,United Kingdom,2023-12-10,2.8
London,United Kingdom,2017-05-06,19.4
London,United Kingdom,2020-03-19,12.5
London,United Kingdom,2023-05-12,17.8
London,United Kingdom,2025-01-02,0.8
London,United Kingdom,2018-01-26,7.4
London,United Kingdom,2018-11-03,4.3
London,United Kingdom,2019-04-21,10.8
London,United Kingdom,2023-03-01,9.6
London,United Kingdom,2021-01-31,6.8
London,United Kingdom,2020-10-14,7.6
London,United Kingdom,2023-10-06,12.3
London,United Kingdom,2019-08-17,14.1
London,United Kingdom,2018-11-20,5.1
London,United Kingdom,2024-09-18,12.5
London,United Kingdom,2016-09-12,11.3
London,United Kingdom,2016-09-03,15.1
London,United Kingdom,2018-11-23,6.0
London,United Kingdom,2020-12-09,3.2
London,United Kingdom,2016-10-11,4.1
London,United Kingdom,2022-11-04,6.3
London,United Kingdom,2020-05-27,19.8
London,United Kingdom,2017-08-12,18.7
London,United Kingdom,2022-01-23,4.9
London,United Kingdom,2023-03-20,9.7
London,United Kingdom,2017-03-11,12.6
London,United Kingdom,2017-02-27,6.7
London,United Kingdom,2016-05-22,20.8
London,United Kingdom,2018-10-23,8.5
London,United Kingdom,2024-09-18,7.8
London,United Kingdom,2017-09-01,15.7
London,United Kingdom,2023-04-28,13.2
London,United Kingdom,2023-06-15,15.9
London,United Kingdom,2020-05-18,17.9
London,United Kingdom,2020-05-21,21.5
London,United Kingdom,2022-06-11,22.5
London,United Kingdom,2024-08-23,15.3
London,United Kingdom,2021-07-02,17.4
London,United Kingdom,2024-02-28,8.7
London,United Kingdom,2024-10-03,10.1
London,United Kingdom,2018-07-14,18.2
London,United Kingdom,2016-01-14,1.9
London,United Kingdom,2024-09-29,12.3
London,United Kingdom,2021-05-28,20.6
London,United Kingdom,2020-01-10,5.7
London,United Kingdom,2019-09-27,9.9
London,United Kingdom,2023-02-02,3.7
London,United Kingdom,2023-04-04,15.3
London,United Kingdom,2019-10-24,8.6
London,United Kingdom,2016-11-25,6.1
London,United Kingdom,2019-04-02,10.1
London,United Kingdom,2023-04-07,14.3
London,United Kingdom,2020-04-22,18.0
London,United Kingdom,2023-05-30,20.0
London,United Kingdom,2017-03-13,13.0
London,United Kingdom,2023-01-27,4.2
London,United Kingdom,2025-12-04,1.7
London,United Kingdom,2023-02-04,4.5
London,United Kingdom,2016-05-26,19.2
London,United Kingdom,2018-03-01,15.2
London,United Kingdom,2018-09-03,15.0
London,United Kingdom,2021-06-26,16.8
London,United Kingdom,2023-03-20,13.4
London,United Kingdom,2019-06-14,14.2
London,United Kingdom,2025-02-07,6.0
London,United Kingdom,2021-01-14,4.5
London,United Kingdom,2019-10-21,7.5
London,United Kingdom,2016-08-17,14.3
London,United Kingdom,2020-07-18,21.4
London,United Kingdom,2017-04-29,17.0
London,United Kingdom,2021-11-12,8.1
London,United Kingdom,2021-02-20,11.2
London,United Kingdom,2022-01-06,2.3
London,United Kingdom,2017-09-02,14.0
London,United Kingdom,2016-10-22,5.9
London,United Kingdom,2016-05-31,18.8
London,United Kingdom,2016-03-19,8.8
London,United Kingdom,2021-04-14,16.8
London,United Kingdom,2018-09-21,10.0
London,United Kingdom,2023-11-12,5.1
London,United Kingdom,2023-02-04,5.5
London,United Kingdom,2016-07-23,21.4
London,United Kingdom,2017-02-02,3.5
London,United Kingdom,2021-02-11,3.5
London,United Kingdom,2016-09-18,9.4
London,United Kingdom,2025-03-03,9.2
London,United Kingdom,2022-09-03,13.1
London,United Kingdom,2024-12-17,3.0
London,United Kingdom,2018-04-10,13.5
London,United Kingdom,2020-10-11,6.7
London,United Kingdom,2024-04-10,17.4
London,United Kingdom,2023-08-10,16.0
London,United Kingdom,2023-09-03,14.6
London,United Kingdom,2022-06-17,17.8
London,United Kingdom,2024-11-22,3.9
London,United Kingdom,2018-05-23,18.7
London,United Kingdom,2019-10-06,6.8
London,United Kingdom,2016-09-15,13.0
London,United Kingdom,2020-08-27,15.5
London,United Kingdom,2017-11-19,3.9
London,United Kingdom,2020-12-01,1.6
London,United Kingdom,2018-09-24,11.6
London,United Kingdom,2017-02-13,6.4
London,United Kingdom,2024-11-14,6.6
London,United Kingdom,2024-09-20,9.3
London,United Kingdom,2017-10-08,11.5
London,United Kingdom,2016-01-27,5.3
London,United Kingdom,2016-01-30,5.7
London,United Kingdom,2023-04-23,16.4
London,United Kingdom,2022-08-28,16.3
London,United Kingdom,2025-01-20,3.2
London,United Kingdom,2024-11-19,5.1
London,United Kingdom,2018-04-24,12.7
London,United Kingdom,2017-08-09,15.4
London,United Kingdom,2020-08-14,14.4
London,United Kingdom,2018-09-06,16.1
London,United Kingdom,2016-06-03,18.1
London,United Kingdom,2022-09-08,14.3
London,United Kingdom,2016-12-26,5.7
London,United Kingdom,2023-01-12,4.8
London,United Kingdom,2020-09-11,11.3
London,United Kingdom,2016-01-19,3.2
London,United Kingdom,2021-12-11,3.2
London,United Kingdom,2017-01-26,2.0
London,United Kingdom,2022-01-19,1.7
London,United Kingdom,2021-09-09,13.8
London,United Kingdom,2023-05-24,21.9
London,United Kingdom,2018-05-02,16.4
London,United Kingdom,2024-12-06,5.0
London,United Kingdom,2017-09-03,11.9
London,United Kingdom,2021-04-27,11.2
London,United Kingdom,2021-07-30,19.2
London,United Kingdom,2016-06-25,22.1
London,United Kingdom,2016-08-09,15.8
London,United Kingdom,2020-11-15,3.7
London,United Kingdom,2018-10-26,5.2
London,United Kingdom,2024-07-03,22.5
London,United Kingdom,2021-01-30,8.5
London,United Kingdom,2022-01-10,4.8
London,United Kingdom,2017-12-21,3.8
London,United Kingdom,2021-10-10,9.4
London,United Kingdom,2017-04-20,16.6
London,United Kingdom,2020-12-26,4.2
London,United Kingdom,2022-08-24,13.4
London,United Kingdom,2024-05-18,17.2
London,United Kingdom,2023-08-04,18.6
London,United Kingdom,2017-03-27,11.2
London,United Kingdom,2019-08-28,15.0
London,United Kingdom,2020-08-16,17.5
London,United Kingdom,2025-10-03,11.2
London,United Kingdom,2016-10-28,10.7
London,United Kingdom,2021-04-13,13.8
London,United Kingdom,2020-11-20,4.2
London,United Kingdom,2017-08-16,16.8
London,United Kingdom,2017-12-30,6.3
London,United Kingdom,2020-05-05,15.5
London,United Kingdom,2018-03-06,10.8
London,United Kingdom,2023-02-01,4.5
London,United Kingdom,2019-10-07,10.6
London,United Kingdom,2017-06-05,21.7
London,United Kingdom,2019-02-23,8.4
London,United Kingdom,2017-07-13,20.7
London,United Kingdom,2020-09-09,14.5
London,United Kingdom,2017-12-02,4.0
London,United Kingdom,2019-04-23,14.2
London,United Kingdom,2022-10-08,11.2
London,United Kingdom,2022-11-09,8.5
London,United Kingdom,2017-11-27,2.0
London,United Kingdom,2018-07-29,16.7
London,United Kingdom,2016-12-20,1.4
London,United Kingdom,2025-09-01,15.5
London,United Kingdom,2018-06-05,16.0
London,United Kingdom,2019-02-17,5.0
London,United Kingdom,2016-02-29,8.2
London,United Kingdom,2018-10-07,6.1
London,United Kingdom,2018-10-12,7.5
London,United Kingdom,2025-12-31,5.9
London,United Kingdom,2022-08-20,19.9
London,United Kingdom,2016-01-21,3.1
London,United Kingdom,2020-09-07,13.9
London,United Kingdom,2021-04-11,14.0
London,United Kingdom,2024-03-23,11.7
London,United Kingdom,2021-12-15,3.0
London,United Kingdom,2020-06-03,15.6
London,United Kingdom,2025-03-18,11.3
London,United Kingdom,2017-02-05,4.4
London,United Kingdom,2022-04-06,13.9
London,United Kingdom,2024-06-11,22.6
London,United Kingdom,2018-06-11,19.6
London,United Kingdom,2017-06-27,18.5
London,United Kingdom,2017-01-06,4.9
London,United Kingdom,2016-03-06,7.7
London,United Kingdom,2023-11-20,4.9
London,United Kingdom,2021-02-24,10.0
London,United Kingdom,2016-04-09,11.4
London,United Kingdom,2021-02-06,4.9
London,United Kingdom,2023-11-20,4.9
London,United Kingdom,2020-07-18,20.3
London,United Kingdom,2023-01-11,7.7
London,United Kingdom,2021-03-16,10.6
London,United Kingdom,2023-01-13,4.0
London,United Kingdom,2016-10-16,5.8
London,United Kingdom,2021-12-14,5.6
London,United Kingdom,2016-05-13,16.8
London,United Kingdom,2023-10-30,9.8
London,United Kingdom,2022-11-13,1.8
London,United Kingdom,2024-10-31,5.4
London,United Kingdom,2023-09-05,17.3
London,United Kingdom,2024-04-01,14.9
London,United Kingdom,2016-08-12,12.1
London,United Kingdom,2020-01-30,4.9
London,United Kingdom,2025-12-16,5.4
London,United Kingdom,2021-03-21,11.9
London,United Kingdom,2022-12-10,5.5
London,United Kingdom,2023-04-08,14.2
London,United Kingdom,2022-04-07,12.9
London,United Kingdom,2024-09-03,11.4
London,United Kingdom,2018-04-18,16.2
London,United Kingdom,2022-01-19,5.8
London,United Kingdom,2017-04-10,12.0
London,United Kingdom,2024-06-08,16.7
London,United Kingdom,2022-07-04,21.5
London,United Kingdom,2024-06-11,17.1
London,United Kingdom,2024-05-09,17.5
London,United Kingdom,2018-12-31,1.8
London,United Kingdom,2021-08-24,14.6
London,United Kingdom,2016-09-16,10.6
London,United Kingdom,2020-03-07,8.2
London,United Kingdom,2021-11-27,6.1
London,United Kingdom,2025-04-20,17.5
London,United Kingdom,2023-08-10,19.0
London,United Kingdom,2025-04-03,11.4
London,United Kingdom,2022-12-18,3.2
London,United Kingdom,2020-02-16,8.5
London,United Kingdom,2025-01-25,0.3
London,United Kingdom,2025-11-26,8.1
London,United Kingdom,2021-02-18,8.9
London,United Kingdom,2016-12-23,7.2
London,United Kingdom,2019-03-27,14.2
London,United Kingdom,2016-11-11,6.5
London,United Kingdom,2023-10-26,8.0
London,United Kingdom,2017-08-29,10.5
London,United Kingdom,2021-11-02,6.3
London,United Kingdom,2023-01-13,6.2
London,United Kingdom,2023-08-27,15.2
London,United Kingdom,2022-01-26,7.0
London,United Kingdom,2020-09-16,11.2
London,United Kingdom,2020-12-23,3.5
London,United Kingdom,2018-02-13,6.3
London,United Kingdom,2016-09-14,15.9
London,United Kingdom,2025-05-12,18.1
London,United Kingdom,2021-10-29,5.4
London,United Kingdom,2019-11-05,4.3
London,United Kingdom,2023-05-09,16.2
London,United Kingdom,2022-08-27,13.5
London,United Kingdom,2023-06-20,18.2
London,United Kingdom,2020-12-28,-0.1
London,United Kingdom,2021-02-18,6.9
London,United Kingdom,2024-11-07,6.7
London,United Kingdom,2019-06-09,20.0
London,United Kingdom,2021-06-06,20.6
London,United Kingdom,2020-03-03,12.3
London,United Kingdom,2016-07-12,18.4
London,United Kingdom,2017-08-30,13.2
London,United Kingdom,2017-11-12,7.0
London,United Kingdom,2022-12-08,6.5
London,United Kingdom,2019-03-14,8.9
London,United Kingdom,2018-01-16,8.0
London,United Kingdom,2023-10-08,8.6
London,United Kingdom,2023-06-22,19.8
London,United Kingdom,2017-04-23,14.5
London,United Kingdom,2016-06-17,22.1
London,United Kingdom,2020-12-10,3.5
London,United Kingdom,2018-12-02,3.0
London,United Kingdom,2023-12-06,4.8
London,United Kingdom,2016-05-22,15.7
London,United Kingdom,2017-08-28,10.0
London,United Kingdom,2020-03-07,4.3
London,United Kingdom,2021-12-25,5.2
London,United Kingdom,2019-05-20,18.6
London,United Kingdom,2021-08-07,17.4
London,United Kingdom,2024-08-13,17.8
London,United Kingdom,2019-08-04,19.2
London,United Kingdom,2017-10-01,13.4
London,United Kingdom,2021-09-09,13.3
London,United Kingdom,2019-09-18,10.9
London,United Kingdom,2019-04-02,11.6
London,United Kingdom,2024-06-16,22.1
London,United Kingdom,2017-08-25,14.8
London,United Kingdom,2024-12-19,-0.5
London,United Kingdom,2020-12-15,1.8
London,United Kingdom,2019-10-19,6.6
London,United Kingdom,2016-06-13,16.4
London,United Kingdom,2017-07-25,17.8
London,United Kingdom,2016-04-11,13.3
London,United Kingdom,2020-07-03,18.3
London,United Kingdom,2020-01-03,2.7
London,United Kingdom,2017-01-13,2.8
London,United Kingdom,2018-03-10,12.2
London,United Kingdom,2022-07-17,15.3
London,United Kingdom,2024-08-08,16.3
London,United Kingdom,2019-02-12,6.8
London,United Kingdom,2025-07-11,19.9
London,United Kingdom,2020-12-29,1.4
London,United Kingdom,2021-09-27,6.2
London,United Kingdom,2020-06-03,19.7
London,United Kingdom,2022-10-14,10.1
London,United Kingdom,2021-09-26,15.0
London,United Kingdom,2020-01-18,2.9
London,United Kingdom,2020-06-16,21.8
London,United Kingdom,2020-02-23,11.0
London,United Kingdom,2020-04-30,15.4
London,United Kingdom,2019-12-10,4.8
London,United Kingdom,2019-06-15,23.5
London,United Kingdom,2016-12-24,2.9
London,United Kingdom,2018-06-02,18.7
London,United Kingdom,2020-08-29,12.3
London,United Kingdom,2025-01-04,2.6
London,United Kingdom,2024-02-29,9.0
London,United Kingdom,2020-10-02,9.6
London,United Kingdom,2025-05-15,15.8
London,United Kingdom,2022-08-02,16.7
London,United Kingdom,2019-05-27,18.1
London,United Kingdom,2021-04-28,18.6
London,United Kingdom,2019-10-05,9.5
London,United Kingdom,2016-09-27,13.0
London,United Kingdom,2020-03-19,10.0
London,United Kingdom,2016-12-28,6.4
London,United Kingdom,2019-01-24,4.9
London,United Kingdom,2020-08-24,16.1
London,United Kingdom,2022-05-15,19.8
London,United Kingdom,2024-06-20,20.6
London,United Kingdom,2025-05-02,15.9
London,United Kingdom,2020-04-12,13.8
London,United Kingdom,2025-03-24,13.9
London,United Kingdom,2025-04-07,12.7
London,United Kingdom,2021-07-16,21.3
London,United Kingdom,2022-04-09,13.8
London,United Kingdom,2024-11-14,3.6
London,United Kingdom,2016-01-11,5.0
London,United Kingdom,2023-03-08,10.9
London,United Kingdom,2025-05-10,16.7
London,United Kingdom,2023-06-20,18.7
London,United Kingdom,2019-03-24,9.7
London,United Kingdom,2023-09-18,13.1
London,United Kingdom,2023-03-26,12.0
London,United Kingdom,2019-02-09,7.3
London,United Kingdom,2021-07-12,19.8
London,United Kingdom,2024-05-11,17.6
London,United Kingdom,2020-01-21,2.3
London,United Kingdom,2025-09-26,9.6
London,United Kingdom,2018-11-22,2.9
London,United Kingdom,2023-10-14,6.8
London,United Kingdom,2025-03-05,10.9
London,United Kingdom,2022-06-14,21.1
London,United Kingdom,2016-03-12,10.8
London,United Kingdom,2016-08-27,13.8
London,United Kingdom,2017-08-21,13.9
London,United Kingdom,2017-07-08,22.9
London,United Kingdom,2020-01-03,4.5
London,United Kingdom,2020-09-14,13.7
London,United Kingdom,2023-02-19,8.9
London,United Kingdom,2019-04-02,11.9
London,United Kingdom,2019-04-09,9.2
London,United Kingdom,2021-10-05,8.8
London,United Kingdom,2018-03-04,9.1
London,United Kingdom,2017-01-22,3.4
London,United Kingdom,2022-09-18,12.0
London,United Kingdom,2025-10-13,6.1
London,United Kingdom,2019-07-19,20.1
London,United Kingdom,2019-05-18,15.4
London,United Kingdom,2019-01-16,3.1
London,United Kingdom,2017-01-27,2.2
London,United Kingdom,2021-12-28,0.3
London,United Kingdom,2016-02-22,5.9
London,United Kingdom,2017-07-14,17.0
London,United Kingdom,2021-06-09,19.1
London,United Kingdom,2020-08-14,13.9
London,United Kingdom,2017-02-23,11.5
London,United Kingdom,2018-06-11,20.2
London,United Kingdom,2018-02-10,7.5
London,United Kingdom,2024-11-30,6.2
London,United Kingdom,2025-04-28,14.5
London,United Kingdom,2021-11-23,6.2
London,United Kingdom,2023-11-16,2.4
London,United Kingdom,2024-06-24,20.2
London,United Kingdom,2016-11-08,3.6
London,United Kingdom,2017-04-22,17.4
London,United Kingdom,2021-05-18,14.0
London,United Kingdom,2019-11-27,3.5
London,United Kingdom,2025-02-28,10.2
London,United Kingdom,2020-12-15,5.6
London,United Kingdom,2024-07-24,16.5
London,United Kingdom,2019-11-02,7.0
London,United Kingdom,2024-05-07,18.7
London,United Kingdom,2025-02-18,8.0
London,United Kingdom,2023-10-14,9.2
London,United Kingdom,2017-08-06,16.6
London,United Kingdom,2018-05-09,15.7
London,United Kingdom,2017-06-17,21.6
London,United Kingdom,2024-07-22,18.1
London,United Kingdom,2024-10-16,8.4
London,United Kingdom,2021-06-06,19.5
London,United Kingdom,2024-06-29,18.2
London,United Kingdom,2016-05-14,18.4
London,United Kingdom,2024-11-22,3.0
London,United Kingdom,2021-04-05,11.1
London,United Kingdom,2017-05-02,17.1
London,United Kingdom,2019-05-20,17.9
London,United Kingdom,2023-06-27,20.4
London,United Kingdom,2017-05-22,18.4
London,United Kingdom,2022-09-30,11.5
London,United Kingdom,2018-01-26,9.1
London,United Kingdom,2023-07-09,18.6
London,United Kingdom,2025-06-26,20.2
London,United Kingdom,2024-05-14,22.4
London,United Kingdom,2019-11-25,2.6
London,United Kingdom,2019-12-13,4.8
London,United Kingdom,2024-03-03,11.0
London,United Kingdom,2022-11-15,5.2
London,United Kingdom,2017-02-09,8.8
London,United Kingdom,2025-03-11,9.6
London,United Kingdom,2018-06-07,19.1
London,United Kingdom,2024-01-10,4.5
London,United Kingdom,2024-06-15,21.0
London,United Kingdom,2022-01-09,7.1
London,United Kingdom,2018-05-26,18.7
London,United Kingdom,2021-08-27,16.2
London,United Kingdom,2023-10-30,4.7
London,United Kingdom,2022-08-11,17.9
London,United Kingdom,2017-03-15,13.2
London,United Kingdom,2018-01-10,6.8
London,United Kingdom,2020-10-03,4.9
London,United Kingdom,2018-05-27,16.7
London,United Kingdom,2024-07-15,18.6
London,United Kingdom,2019-07-11,19.8
London,United Kingdom,2017-07-10,19.8
London,United Kingdom,2021-07-23,18.6
London,United Kingdom,2022-04-01,9.7
London,United Kingdom,2024-02-05,7.6
London,United Kingdom,2017-04-18,15.4
London,United Kingdom,2020-04-25,15.4
London,United Kingdom,2019-07-01,22.1
London,United Kingdom,2023-09-15,14.5
London,United Kingdom,2022-03-18,10.5
London,United Kingdom,2020-07-26,17.1
London,United Kingdom,2018-02-12,10.4
London,United Kingdom,2025-08-10,20.3
London,United Kingdom,2021-05-02,18.2
London,United Kingdom,2023-08-13,16.3
London,United Kingdom,2023-07-24,18.6
London,United Kingdom,2021-07-06,18.3
London,United Kingdom,2021-11-10,3.7
London,United Kingdom,2023-05-21,17.9
London,United Kingdom,2020-06-05,18.3
London,United Kingdom,2020-06-28,17.6
London,United Kingdom,2024-04-24,10.7
London,United Kingdom,2017-11-22,9.5
London,United Kingdom,2019-10-19,10.0
London,United Kingdom,2018-03-31,7.6
London,United Kingdom,2017-05-17,14.6
London,United Kingdom,2018-08-11,18.4
London,United Kingdom,2019-02-14,4.0
London,United Kingdom,2024-07-29,17.3
London,United Kingdom,2019-01-23,2.2
London,United Kingdom,2024-06-24,20.2
London,United Kingdom,2020-06-27,16.7
London,United Kingdom,2019-12-29,0.9
London,United Kingdom,2020-07-14,19.3
London,United Kingdom,2021-06-07,18.1
London,United Kingdom,2021-02-05,5.8
London,United Kingdom,2017-03-18,12.5
London,United Kingdom,2018-08-03,19.1
London,United Kingdom,2023-01-17,4.8
London,United Kingdom,2024-04-10,13.9
London,United Kingdom,2016-08-04,18.5
London,United Kingdom,2016-04-19,13.2
London,United Kingdom,2018-01-03,1.5
London,United Kingdom,2017-09-17,14.1
London,United Kingdom,2019-05-25,17.9
London,United Kingdom,2016-11-09,4.8
London,United Kingdom,2023-05-31,19.0
London,United Kingdom,2024-11-21,1.1
London,United Kingdom,2021-03-23,12.4
London,United Kingdom,2021-07-01,22.2
London,United Kingdom,2021-08-29,14.5
London,United Kingdom,2025-08-22,17.3
London,United Kingdom,2022-01-23,-0.0
London,United Kingdom,2016-05-09,16.0
London,United Kingdom,2020-10-28,7.4
London,United Kingdom,2021-01-17,3.6
London,United Kingdom,2019-07-12,20.3
London,United Kingdom,2016-05-27,17.0
London,United Kingdom,2016-05-14,19.2
London,United Kingdom,2024-09-27,13.2
London,United Kingdom,2019-05-26,19.5
London,United Kingdom,2020-10-30,5.7
London,United Kingdom,2017-07-04,18.6
London,United Kingdom,2024-07-26,19.9
London,United Kingdom,2017-03-24,9.6
London,United Kingdom,2022-03-18,9.9
London,United Kingdom,2023-09-08,11.1
London,United Kingdom,2022-04-21,14.8
London,United Kingdom,2025-07-31,18.1
London,United Kingdom,2018-12-14,4.1
London,United Kingdom,2021-07-19,17.0
London,United Kingdom,2023-08-02,16.5
Tokyo,Japan,2019-12-15,4.2
Tokyo,Japan,2016-09-08,16.9
Tokyo,Japan,2016-04-25,21.8
Tokyo,Japan,2020-02-09,7.5
Tokyo,Japan,2019-11-29,5.9
Tokyo,Japan,2024-07-31,22.8
Tokyo,Japan,2025-12-29,2.7
Tokyo,Japan,2020-10-19,8.9
Tokyo,Japan,2019-11-14,8.5
Tokyo,Japan,2016-08-19,22.2
Tokyo,Japan,2023-06-01,27.3
Tokyo,Japan,2019-07-02,29.3
Tokyo,Japan,2022-08-24,24.2
Tokyo,Japan,2025-09-29,16.0
Tokyo,Japan,2019-06-02,28.2
Tokyo,Japan,2022-01-14,5.8
Tokyo,Japan,2019-08-28,23.7
Tokyo,Japan,2020-09-26,15.5
Tokyo,Japan,2022-05-15,23.4
Tokyo,Japan,2016-03-24,16.3
Tokyo,Japan,2023-10-21,9.7
Tokyo,Japan,2019-07-20,26.7
Tokyo,Japan,2020-03-27,15.5
Tokyo,Japan,2017-02-04,6.6
Tokyo,Japan,2025-01-23,2.8
Tokyo,Japan,2018-04-23,22.4
Tokyo,Japan,2019-10-08,8.9
Tokyo,Japan,2023-06-26,28.0
Tokyo,Japan,2019-10-22,10.8
Tokyo,Japan,2020-11-20,7.1
Tokyo,Japan,2018-04-06,15.0
Tokyo,Japan,2024-10-29,8.7
Tokyo,Japan,2016-11-04,9.0
Tokyo,Japan,2019-03-23,14.0
Tokyo,Japan,2018-12-22,10.4
Tokyo,Japan,2020-07-04,29.7
Tokyo,Japan,2025-01-08,5.0
Tokyo,Japan,2017-01-11,8.0
Tokyo,Japan,2024-01-18,5.8
Tokyo,Japan,2019-10-11,11.3
Tokyo,Japan,2019-01-24,9.2
Tokyo,Japan,2021-04-30,24.8
Tokyo,Japan,2020-10-15,11.9
Tokyo,Japan,2023-04-22,25.4
Tokyo,Japan,2025-03-28,15.9
Tokyo,Japan,2020-11-08,10.5
Tokyo,Japan,2023-06-10,26.5
Tokyo,Japan,2020-07-05,27.3
Tokyo,Japan,2018-10-26,7.7
Tokyo,Japan,2024-07-24,24.6
Tokyo,Japan,2022-02-20,10.1
Tokyo,Japan,2023-11-20,6.1
Tokyo,Japan,2021-10-15,13.0
Tokyo,Japan,2018-05-22,24.3
Tokyo,Japan,2023-05-30,30.3
Tokyo,Japan,2021-03-29,16.5
Tokyo,Japan,2019-01-02,6.5
Tokyo,Japan,2022-11-21,4.7
Tokyo,Japan,2025-07-24,26.5
Tokyo,Japan,2022-05-07,22.3
Tokyo,Japan,2024-02-24,9.0
Tokyo,Japan,2020-02-01,5.2
Tokyo,Japan,2021-03-09,13.9
Tokyo,Japan,2023-09-08,19.6
Tokyo,Japan,2024-08-01,24.5
Tokyo,Japan,2019-07-29,27.7
Tokyo,Japan,2025-08-24,22.0
Tokyo,Japan,2018-04-13,19.7
Tokyo,Japan,2025-06-27,24.8
Tokyo,Japan,2023-03-31,19.7
Tokyo,Japan,2017-10-19,10.4
Tokyo,Japan,2020-07-20,29.2
Tokyo,Japan,2018-09-03,20.7
Tokyo,Japan,2018-10-02,14.7
Tokyo,Japan,2024-12-08,5.3
Tokyo,Japan,2022-04-12,18.1
Tokyo,Japan,2020-11-21,1.7
Tokyo,Japan,2018-04-07,21.2
Tokyo,Japan,2017-10-14,11.4
Tokyo,Japan,2024-11-08,7.6
Tokyo,Japan,2025-01-04,3.9
Tokyo,Japan,2023-03-24,18.8
Tokyo,Japan,2025-07-23,29.4
Tokyo,Japan,2024-10-09,13.0
Tokyo,Japan,2016-03-22,20.1
Tokyo,Japan,2019-07-09,28.9
Tokyo,Japan,2022-09-30,14.0
Tokyo,Japan,2020-07-25,26.7
Tokyo,Japan,2020-01-28,4.5
Tokyo,Japan,2020-06-13,24.2
Tokyo,Japan,2025-06-01,27.0
Tokyo,Japan,2017-04-03,17.2
Tokyo,Japan,2022-05-27,26.4
Tokyo,Japan,2021-11-07,2.7
Tokyo,Japan,2023-06-13,30.2
Tokyo,Japan,2021-11-21,1.3
Tokyo,Japan,2018-10-28,8.0
Tokyo,Japan,2022-09-22,15.9
Tokyo,Japan,2017-05-15,25.8
Tokyo,Japan,2025-05-02,22.0
Tokyo,Japan,2022-07-21,26.2
Tokyo,Japan,2024-05-05,20.7
Tokyo,Japan,2018-08-24,22.9
Tokyo,Japan,2017-03-13,13.5
Tokyo,Japan,2017-12-18,4.4
Tokyo,Japan,2020-07-30,27.0
Tokyo,Japan,2018-11-07,7.8
Tokyo,Japan,2021-12-25,3.5
Tokyo,Japan,2020-03-14,14.1
Tokyo,Japan,2022-02-13,7.8
Tokyo,Japan,2020-10-01,12.3
Tokyo,Japan,2019-02-11,8.7
Tokyo,Japan,2025-11-11,7.1
Tokyo,Japan,2021-04-30,22.3
Tokyo,Japan,2024-01-10,3.5
Tokyo,Japan,2023-03-28,18.4
Tokyo,Japan,2022-10-17,14.1
Tokyo,Japan,2024-12-16,4.7
Tokyo,Japan,2016-08-11,22.4
Tokyo,Japan,2018-09-08,15.4
Tokyo,Japan,2018-11-02,6.5
Tokyo,Japan,2023-11-09,6.5
Tokyo,Japan,2020-01-26,8.7
Tokyo,Japan,2021-12-30,2.4
Tokyo,Japan,2025-09-21,16.2
Tokyo,Japan,2016-02-02,9.2
Tokyo,Japan,2020-05-28,31.0
Tokyo,Japan,2019-05-17,23.8
Tokyo,Japan,2017-01-04,7.4
Tokyo,Japan,2019-05-03,22.5
Tokyo,Japan,2018-05-11,25.8
Tokyo,Japan,2020-12-02,3.7
Tokyo,Japan,2023-01-30,5.2
Tokyo,Japan,2023-03-24,19.6
Tokyo,Japan,2020-07-22,26.7
Tokyo,Japan,2016-11-24,3.7
Tokyo,Japan,2025-03-25,16.9
Tokyo,Japan,2024-04-06,16.8
Tokyo,Japan,2020-08-18,24.1
Tokyo,Japan,2020-09-26,14.0
Tokyo,Japan,2025-10-31,9.2
Tokyo,Japan,2017-10-18,10.2
Tokyo,Japan,2023-10-31,8.4
Tokyo,Japan,2020-09-19,17.0
Tokyo,Japan,2022-10-02,13.5
Tokyo,Japan,2019-08-31,17.8
Tokyo,Japan,2021-01-30,5.5
Tokyo,Japan,2023-03-12,10.6
Tokyo,Japan,2023-03-12,14.7
Tokyo,Japan,2023-03-10,15.4
Tokyo,Japan,2017-07-11,28.7
Tokyo,Japan,2019-06-05,27.5
Tokyo,Japan,2019-07-09,26.6
Tokyo,Japan,2018-10-19,10.1
Tokyo,Japan,2021-10-16,10.3
Tokyo,Japan,2023-04-13,17.0
Tokyo,Japan,2024-07-22,28.2
Tokyo,Japan,2020-08-07,26.2
Tokyo,Japan,2024-11-20,7.7
Tokyo,Japan,2025-10-17,10.1
Tokyo,Japan,2024-03-30,18.5
Tokyo,Japan,2022-08-26,22.2
Tokyo,Japan,2025-04-09,18.8
Tokyo,Japan,2016-12-11,5.6
Tokyo,Japan,2020-08-24,20.1
Tokyo,Japan,2020-03-25,18.2
Tokyo,Japan,2025-05-11,26.1
Tokyo,Japan,2016-04-04,17.8
Tokyo,Japan,2022-04-06,17.2
Tokyo,Japan,2016-12-30,1.9
Tokyo,Japan,2021-03-09,14.2
Tokyo,Japan,2017-11-22,8.5
Tokyo,Japan,2016-07-22,24.6
Tokyo,Japan,2018-12-01,6.0
Tokyo,Japan,2017-09-03,21.3
Tokyo,Japan,2022-05-12,26.2
Tokyo,Japan,2017-04-25,24.9
Tokyo,Japan,2024-09-02,19.9
Tokyo,Japan,2021-02-01,8.0
Tokyo,Japan,2018-07-08,25.5
Tokyo,Japan,2024-01-01,5.6
Tokyo,Japan,2025-02-13,13.4
Tokyo,Japan,2024-10-08,12.1
Tokyo,Japan,2020-04-13,23.8
Tokyo,Japan,2017-06-17,26.7
Tokyo,Japan,2018-06-01,27.8
Tokyo,Japan,2025-03-29,16.7
Tokyo,Japan,2020-09-09,21.3
Tokyo,Japan,2018-01-08,3.6
Tokyo,Japan,2019-04-03,18.9
Tokyo,Japan,2018-12-08,4.5
Tokyo,Japan,2018-10-14,13.6
Tokyo,Japan,2020-02-23,8.0
Tokyo,Japan,2016-12-17,2.6
Tokyo,Japan,2016-02-12,4.6
Tokyo,Japan,2023-10-09,13.2
Tokyo,Japan,2020-06-16,26.7
Tokyo,Japan,2023-12-11,1.3
Tokyo,Japan,2020-09-29,14.1
Tokyo,Japan,2017-01-25,4.5
Tokyo,Japan,2022-03-31,19.4
Tokyo,Japan,2018-08-19,23.2
Tokyo,Japan,2021-04-12,25.8
Tokyo,Japan,2023-07-10,23.7
Tokyo,Japan,2024-12-30,1.4
Tokyo,Japan,2016-07-05,25.7
Tokyo,Japan,2016-01-22,5.7
Tokyo,Japan,2019-05-24,29.3
Tokyo,Japan,2020-06-04,27.0
Tokyo,Japan,2022-04-10,18.8
Tokyo,Japan,2016-06-17,26.6
Tokyo,Japan,2021-08-25,20.7
Tokyo,Japan,2021-07-11,31.1
Tokyo,Japan,2017-06-24,26.3
Tokyo,Japan,2017-01-02,3.2
Tokyo,Japan,2017-08-03,27.2
Tokyo,Japan,2018-12-02,5.1
Tokyo,Japan,2017-06-07,28.0
Tokyo,Japan,2021-08-06,27.2
Tokyo,Japan,2024-05-21,23.6
Tokyo,Japan,2020-01-16,6.6
Tokyo,Japan,2025-10-31,7.7
Tokyo,Japan,2018-12-14,1.5
Tokyo,Japan,2018-12-16,1.8
Tokyo,Japan,2021-10-18,9.1
Tokyo,Japan,2019-07-16,30.9
Tokyo,Japan,2024-04-06,22.5
Tokyo,Japan,2017-09-11,18.0
Tokyo,Japan,2022-03-26,18.4
Tokyo,Japan,2024-12-13,1.8
Tokyo,Japan,2020-12-07,5.4
Tokyo,Japan,2018-07-30,25.9
Tokyo,Japan,2018-01-20,7.0
Tokyo,Japan,2023-12-01,5.1
Tokyo,Japan,2021-03-28,11.1
Tokyo,Japan,2021-07-20,29.2
Tokyo,Japan,2016-06-16,22.4
Tokyo,Japan,2022-04-16,23.0
Tokyo,Japan,2021-06-10,26.8
Tokyo,Japan,2024-01-27,6.6
Tokyo,Japan,2025-09-20,17.4
Tokyo,Japan,2018-04-14,22.0
Tokyo,Japan,2025-09-26,14.2
Tokyo,Japan,2024-05-29,30.8
Tokyo,Japan,2021-09-14,18.6
Tokyo,Japan,2023-06-09,25.4
Tokyo,Japan,2022-07-26,27.7
Tokyo,Japan,2016-01-17,12.1
Tokyo,Japan,2021-11-24,5.5
Tokyo,Japan,2016-11-10,5.6
Tokyo,Japan,2018-10-05,13.5
Tokyo,Japan,2025-12-13,1.1
Tokyo,Japan,2019-09-08,21.7
Tokyo,Japan,2023-08-19,23.0
Tokyo,Japan,2017-05-14,23.3
Tokyo,Japan,2017-03-10,15.1
Tokyo,Japan,2025-05-21,26.0
Tokyo,Japan,2021-02-28,11.9
Tokyo,Japan,2025-04-25,21.9
Tokyo,Japan,2023-01-17,3.0
Tokyo,Japan,2019-01-08,4.4
Tokyo,Japan,2016-06-28,27.8
Tokyo,Japan,2023-05-11,23.4
Tokyo,Japan,2024-03-15,13.1
Tokyo,Japan,2024-03-26,19.9
Tokyo,Japan,2017-06-13,25.9
Tokyo,Japan,2018-05-15,27.9
Tokyo,Japan,2019-03-04,9.5
Tokyo,Japan,2019-08-16,24.0
Tokyo,Japan,2022-02-19,6.6
Tokyo,Japan,2022-10-02,12.3
Tokyo,Japan,2017-12-30,5.5
Tokyo,Japan,2018-09-10,22.2
Tokyo,Japan,2016-12-31,3.3
Tokyo,Japan,2016-03-25,17.4
Tokyo,Japan,2024-09-27,13.7
Tokyo,Japan,2020-07-06,26.9
Tokyo,Japan,2023-05-03,27.1
Tokyo,Japan,2017-09-23,17.3
Tokyo,Japan,2020-11-05,9.1
Tokyo,Japan,2024-04-02,18.9
Tokyo,Japan,2023-09-06,17.5
Tokyo,Japan,2022-10-07,14.8
Tokyo,Japan,2025-05-01,25.7
Tokyo,Japan,2020-02-14,6.6
Tokyo,Japan,2025-12-05,4.3
Tokyo,Japan,2020-05-08,22.2
Tokyo,Japan,2020-09-28,14.8
Tokyo,Japan,2017-01-04,4.5
Tokyo,Japan,2022-11-19,2.2
Tokyo,Japan,2018-02-02,5.2
Tokyo,Japan,2016-06-14,28.8
Tokyo,Japan,2021-10-03,12.4
Tokyo,Japan,2018-07-07,29.5
Tokyo,Japan,2023-04-06,18.5
Tokyo,Japan,2021-07-21,25.5
Tokyo,Japan,2021-11-29,3.2
Tokyo,Japan,2019-04-05,17.0
Tokyo,Japan,2021-04-01,13.9
Tokyo,Japan,2021-05-10,26.5
Tokyo,Japan,2019-05-15,26.1
Tokyo,Japan,2019-05-15,26.4
Tokyo,Japan,2025-06-08,27.7
Tokyo,Japan,2022-05-17,27.9
Tokyo,Japan,2016-07-14,22.8
Tokyo,Japan,2021-10-03,12.2
Tokyo,Japan,2017-03-16,12.6
Tokyo,Japan,2021-03-18,14.9
Tokyo,Japan,2023-05-30,26.4
Tokyo,Japan,2019-12-26,0.4
Tokyo,Japan,2018-11-09,4.1
Tokyo,Japan,2016-03-07,11.2
Tokyo,Japan,2017-04-11,19.8
Tokyo,Japan,2024-10-25,7.0
Tokyo,Japan,2018-01-16,5.5
Tokyo,Japan,2020-08-31,19.6
Tokyo,Japan,2025-10-31,7.9
Tokyo,Japan,2024-02-13,7.1
Tokyo,Japan,2021-02-06,7.8
Tokyo,Japan,2025-01-21,3.4
Tokyo,Japan,2018-12-21,1.6
Tokyo,Japan,2025-01-30,10.4
Tokyo,Japan,2018-02-05,7.7
Tokyo,Japan,2022-10-10,13.0
Tokyo,Japan,2018-11-28,5.6
Tokyo,Japan,2021-12-28,3.4
Tokyo,Japan,2016-03-14,15.4
Tokyo,Japan,2017-12-04,4.6
Tokyo,Japan,2023-05-10,21.8
Tokyo,Japan,2025-09-28,15.1
Tokyo,Japan,2023-05-18,28.5
Tokyo,Japan,2021-06-16,27.4
Tokyo,Japan,2019-05-25,22.7
Tokyo,Japan,2020-01-17,1.6
Tokyo,Japan,2023-09-29,13.0
Tokyo,Japan,2020-06-05,24.8
Tokyo,Japan,2025-01-08,4.2
Tokyo,Japan,2016-02-26,12.0
Tokyo,Japan,2018-02-20,10.2
Tokyo,Japan,2018-02-09,8.3
Tokyo,Japan,2025-08-19,24.8
Tokyo,Japan,2017-08-17,23.2
Tokyo,Japan,2023-04-15,20.9
Tokyo,Japan,2025-08-16,26.9
Tokyo,Japan,2024-11-09,6.1
Tokyo,Japan,2024-08-18,22.3
Tokyo,Japan,2021-03-13,15.3
Tokyo,Japan,2017-04-22,23.7
Tokyo,Japan,2017-11-11,9.5
Tokyo,Japan,2020-12-28,2.2
Tokyo,Japan,2021-06-09,23.8
Tokyo,Japan,2022-07-25,26.8
Tokyo,Japan,2018-09-20,17.1
Tokyo,Japan,2025-05-08,27.1
Tokyo,Japan,2020-05-23,26.8
Tokyo,Japan,2023-01-26,6.3
Tokyo,Japan,2025-07-03,26.5
Tokyo,Japan,2025-07-07,22.2
Tokyo,Japan,2021-07-23,26.1
Tokyo,Japan,2022-03-20,12.8
Tokyo,Japan,2019-04-06,20.9
Tokyo,Japan,2021-10-03,14.1
Tokyo,Japan,2022-08-17,22.1
Tokyo,Japan,2025-02-27,6.6
Tokyo,Japan,2025-09-23,12.5
Tokyo,Japan,2021-12-03,4.9
Tokyo,Japan,2016-03-18,13.7
Tokyo,Japan,2016-09-17,17.5
Tokyo,Japan,2019-01-02,5.9
Tokyo,Japan,2021-04-22,20.7
Tokyo,Japan,2017-04-23,17.4
Tokyo,Japan,2019-11-21,5.8
Tokyo,Japan,2021-01-10,4.5
Tokyo,Japan,2019-03-25,16.1
Tokyo,Japan,2024-02-22,11.0
Tokyo,Japan,2018-08-08,26.0
Tokyo,Japan,2021-09-10,19.1
Tokyo,Japan,2019-10-21,14.4
Tokyo,Japan,2022-10-02,15.7
Tokyo,Japan,2021-04-02,15.6
Tokyo,Japan,2017-06-21,30.4
Tokyo,Japan,2020-05-17,23.7
Tokyo,Japan,2020-09-03,21.0
Tokyo,Japan,2024-03-27,14.5
Tokyo,Japan,2020-01-15,6.1
Tokyo,Japan,2025-06-21,24.6
Tokyo,Japan,2017-10-25,8.3
Tokyo,Japan,2024-05-26,25.7
Tokyo,Japan,2016-12-19,3.5
Tokyo,Japan,2018-03-28,16.2
Tokyo,Japan,2017-10-02,13.1
Tokyo,Japan,2020-08-30,19.7
Tokyo,Japan,2021-07-15,26.6
Tokyo,Japan,2016-07-11,28.6
Tokyo,Japan,2016-03-15,13.6
Tokyo,Japan,2023-08-04,26.1
Tokyo,Japan,2017-10-11,13.8
Tokyo,Japan,2021-08-24,25.1
Tokyo,Japan,2016-05-10,25.6
Tokyo,Japan,2017-04-11,18.2
Tokyo,Japan,2022-12-04,4.9
Tokyo,Japan,2021-06-15,30.5
Tokyo,Japan,2018-11-22,9.0
Tokyo,Japan,2024-08-17,22.5
Tokyo,Japan,2016-07-10,27.7
Tokyo,Japan,2017-09-11,15.6
Tokyo,Japan,2025-07-27,25.0
Tokyo,Japan,2023-07-05,25.5
Tokyo,Japan,2017-03-02,10.6
Tokyo,Japan,2020-11-28,0.5
Tokyo,Japan,2024-12-16,0.3
Tokyo,Japan,2017-03-30,18.5
Tokyo,Japan,2017-03-09,13.7
Tokyo,Japan,2025-08-16,20.3
Tokyo,Japan,2017-02-21,10.4
Tokyo,Japan,2017-03-07,12.3
Tokyo,Japan,2017-11-15,3.5
Tokyo,Japan,2020-01-21,2.7
Tokyo,Japan,2017-10-05,12.8
Tokyo,Japan,2024-07-18,23.6
Tokyo,Japan,2021-09-03,15.7
Tokyo,Japan,2017-09-23,15.7
Tokyo,Japan,2023-04-04,16.1
Tokyo,Japan,2017-05-18,28.7
Tokyo,Japan,2025-07-07,29.2
Tokyo,Japan,2024-08-16,27.9
Tokyo,Japan,2024-08-15,26.8
Tokyo,Japan,2021-04-24,22.5
Tokyo,Japan,2019-10-30,8.3
Tokyo,Japan,2018-12-25,5.2
Tokyo,Japan,2020-03-05,12.2
Tokyo,Japan,2023-01-22,3.7
Tokyo,Japan,2023-06-16,28.0
Tokyo,Japan,2021-12-09,7.6
Tokyo,Japan,2020-09-23,15.7
Tokyo,Japan,2020-10-22,8.7
Tokyo,Japan,2020-08-20,25.9
Tokyo,Japan,2025-07-23,24.2
Tokyo,Japan,2021-10-15,11.8
Tokyo,Japan,2016-05-01,21.8
Tokyo,Japan,2020-12-17,4.2
Tokyo,Japan,2025-01-15,5.3
Tokyo,Japan,2021-10-20,11.1
Tokyo,Japan,2019-07-13,26.9
Tokyo,Japan,2020-07-03,28.9
Tokyo,Japan,2016-09-08,18.4
Tokyo,Japan,2020-05-29,27.2
Tokyo,Japan,2023-03-12,10.9
Tokyo,Japan,2017-09-10,18.9
Tokyo,Japan,2023-01-31,6.4
Tokyo,Japan,2023-12-31,5.4
Tokyo,Japan,2019-04-26,18.8
Tokyo,Japan,2020-09-13,15.0
Tokyo,Japan,2022-03-17,16.6
Tokyo,Japan,2025-10-18,9.6
Tokyo,Japan,2019-11-10,10.1
Tokyo,Japan,2016-02-02,9.1
Tokyo,Japan,2022-11-05,3.9
Tokyo,Japan,2017-08-24,20.9
Tokyo,Japan,2018-04-20,19.5
Tokyo,Japan,2025-12-14,0.7
Tokyo,Japan,2023-04-24,21.4
Tokyo,Japan,2020-12-16,2.7
Tokyo,Japan,2024-10-06,8.8
Tokyo,Japan,2023-04-11,18.8
Tokyo,Japan,2019-05-20,26.9
Tokyo,Japan,2016-12-11,5.9
Tokyo,Japan,2024-02-18,10.0
Tokyo,Japan,2024-01-23,5.8
Tokyo,Japan,2022-01-24,4.9
Tokyo,Japan,2019-03-08,13.5
Tokyo,Japan,2019-07-02,30.2
Tokyo,Japan,2021-11-05,6.1
Tokyo,Japan,2016-04-05,21.3
Tokyo,Japan,2016-04-24,24.4
Tokyo,Japan,2018-11-25,3.7
Tokyo,Japan,2018-09-15,18.1
Tokyo,Japan,2020-09-27,13.1
Tokyo,Japan,2021-08-31,20.8
Tokyo,Japan,2020-03-07,13.4
Tokyo,Japan,2018-11-29,3.6
Tokyo,Japan,2016-07-14,25.7
Tokyo,Japan,2024-06-25,27.4
Tokyo,Japan,2019-05-05,23.3
Tokyo,Japan,2022-06-02,27.1
Tokyo,Japan,2018-08-25,19.2
Tokyo,Japan,2025-01-11,4.7
Tokyo,Japan,2024-01-06,1.8
Tokyo,Japan,2023-01-15,3.1
Tokyo,Japan,2018-08-15,19.9
Tokyo,Japan,2019-12-05,3.6
Tokyo,Japan,2025-02-20,12.8
Tokyo,Japan,2024-01-07,3.5
Tokyo,Japan,2020-03-26,16.4
Tokyo,Japan,2021-10-29,8.7
Tokyo,Japan,2021-10-16,10.1
Tokyo,Japan,2022-07-13,28.5
Tokyo,Japan,2021-02-03,10.5
Tokyo,Japan,2017-02-05,8.8
Tokyo,Japan,2020-08-14,24.9
Tokyo,Japan,2016-12-01,6.4
Tokyo,Japan,2017-06-16,29.1
Tokyo,Japan,2021-05-04,24.2
Tokyo,Japan,2023-08-04,25.7
Tokyo,Japan,2021-11-25,3.1
Tokyo,Japan,2024-09-25,16.5
Tokyo,Japan,2020-06-05,29.4
Tokyo,Japan,2023-02-19,7.9
Tokyo,Japan,2020-09-30,17.1
Tokyo,Japan,2021-06-28,27.9
Tokyo,Japan,2024-03-16,18.5
Tokyo,Japan,2017-08-14,22.7
Tokyo,Japan,2021-09-02,22.1
Tokyo,Japan,2017-06-13,30.1
Tokyo,Japan,2023-11-25,2.8
Tokyo,Japan,2023-10-15,11.0
Tokyo,Japan,2018-05-20,25.6
Tokyo,Japan,2017-10-04,13.5
Tokyo,Japan,2022-04-08,16.0
Tokyo,Japan,2022-09-30,17.8
Tokyo,Japan,2025-07-23,25.5
Tokyo,Japan,2022-05-30,27.6
Tokyo,Japan,2019-04-01,19.0
Tokyo,Japan,2020-03-01,12.1
Tokyo,Japan,2019-06-02,29.0
Tokyo,Japan,2021-06-13,27.8
Tokyo,Japan,2016-04-24,22.8
Tokyo,Japan,2022-08-12,22.6
Tokyo,Japan,2020-09-23,19.5
Tokyo,Japan,2025-12-20,5.3
Tokyo,Japan,2019-03-07,13.6
Tokyo,Japan,2021-06-25,31.6
Tokyo,Japan,2016-01-09,5.9
Tokyo,Japan,2025-10-05,14.5
Tokyo,Japan,2016-07-02,25.5
Tokyo,Japan,2022-05-06,25.6
Tokyo,Japan,2021-01-26,9.0
Tokyo,Japan,2021-04-30,21.3
Tokyo,Japan,2025-05-10,24.4
Tokyo,Japan,2024-07-17,24.1
Tokyo,Japan,2017-07-21,24.3
Tokyo,Japan,2021-01-16,5.1
Tokyo,Japan,2023-06-25,24.2
Tokyo,Japan,2019-08-25,22.7
Tokyo,Japan,2016-12-31,5.1
Tokyo,Japan,2020-08-04,21.9
Tokyo,Japan,2020-05-05,24.5
Tokyo,Japan,2022-01-24,7.9
Tokyo,Japan,2016-07-06,31.7
Tokyo,Japan,2024-04-02,17.2
Tokyo,Japan,2019-02-10,5.8
Tokyo,Japan,2023-12-06,1.2
Tokyo,Japan,2016-04-11,16.9
Tokyo,Japan,2023-12-07,2.8
Tokyo,Japan,2019-06-19,27.0
Tokyo,Japan,2022-04-10,19.3
Tokyo,Japan,2016-12-14,5.1
Tokyo,Japan,2022-06-20,30.6
Tokyo,Japan,2024-06-30,30.3
Tokyo,Japan,2018-02-14,9.8
Tokyo,Japan,2024-06-01,23.1
Tokyo,Japan,2017-05-07,25.1
Tokyo,Japan,2023-05-20,27.3
Tokyo,Japan,2016-03-18,14.7
Tokyo,Japan,2019-01-31,7.2
Tokyo,Japan,2023-11-30,3.4
Tokyo,Japan,2025-05-29,28.6
Tokyo,Japan,2025-01-18,3.9
Tokyo,Japan,2021-12-25,2.4
Tokyo,Japan,2016-07-03,26.5
Tokyo,Japan,2021-07-06,27.9
Tokyo,Japan,2020-11-25,4.8
Tokyo,Japan,2018-01-09,1.2
Tokyo,Japan,2019-07-23,28.4
Tokyo,Japan,2020-04-13,20.4
Tokyo,Japan,2017-02-10,9.3
Tokyo,Japan,2022-01-28,7.0
Tokyo,Japan,2018-11-12,7.7
Tokyo,Japan,2024-08-12,25.0
Tokyo,Japan,2020-07-26,26.8
Tokyo,Japan,2023-08-11,25.2
Tokyo,Japan,2019-08-25,23.8
Tokyo,Japan,2018-01-13,5.6
Tokyo,Japan,2020-05-16,25.9
Tokyo,Japan,2017-02-08,7.1
Tokyo,Japan,2019-08-20,24.2
Tokyo,Japan,2018-11-22,2.9
Tokyo,Japan,2017-05-10,27.5
Tokyo,Japan,2016-07-31,26.3
Tokyo,Japan,2022-07-28,29.0
Tokyo,Japan,2018-08-26,17.9
Tokyo,Japan,2020-04-26,23.0
Tokyo,Japan,2017-04-16,20.7
Tokyo,Japan,2022-03-15,16.2
Tokyo,Japan,2020-07-25,26.4
Tokyo,Japan,2023-02-07,8.0
Tokyo,Japan,2018-08-15,23.5
Tokyo,Japan,2022-03-19,15.0
Tokyo,Japan,2022-07-28,25.1
Tokyo,Japan,2022-03-22,14.5
Tokyo,Japan,2023-04-22,22.4
Tokyo,Japan,2020-07-24,24.5
Tokyo,Japan,2020-12-31,6.6
Tokyo,Japan,2018-04-13,21.7
Tokyo,Japan,2024-10-11,13.7
Tokyo,Japan,2017-11-19,5.5
Tokyo,Japan,2024-10-08,12.6
Tokyo,Japan,2022-03-23,21.0
Tokyo,Japan,2021-01-24,9.5
Tokyo,Japan,2025-04-20,22.6
Tokyo,Japan,2022-12-17,2.7
Tokyo,Japan,2016-01-03,9.5
Tokyo,Japan,2016-09-03,21.6
Tokyo,Japan,2022-09-14,16.6
Tokyo,Japan,2018-10-24,10.6
Tokyo,Japan,2019-12-10,2.6
Tokyo,Japan,2025-06-12,26.0
Tokyo,Japan,2021-09-21,14.1
Tokyo,Japan,2019-02-26,14.2
Tokyo,Japan,2022-04-25,23.4
Tokyo,Japan,2016-10-13,10.8
Tokyo,Japan,2017-05-18,27.8
Tokyo,Japan,2025-04-24,24.0
Tokyo,Japan,2019-02-18,11.6
Tokyo,Japan,2025-11-06,5.0
Tokyo,Japan,2024-12-29,5.3
Tokyo,Japan,2019-07-27,29.5
Tokyo,Japan,2023-02-14,5.7
Tokyo,Japan,2018-12-06,7.5
Tokyo,Japan,2019-01-23,5.4
Tokyo,Japan,2018-10-04,12.5
Tokyo,Japan,2018-05-12,23.6
Tokyo,Japan,2021-02-26,12.8
Tokyo,Japan,2023-10-04,12.9
Tokyo,Japan,2017-07-01,27.8
Tokyo,Japan,2021-05-05,24.0
Tokyo,Japan,2016-01-18,7.8
Tokyo,Japan,2020-08-19,20.6
Tokyo,Japan,2022-03-26,19.2
Tokyo,Japan,2024-07-20,24.6
Tokyo,Japan,2020-05-27,23.5
Tokyo,Japan,2023-04-12,19.3
Tokyo,Japan,2023-04-21,22.2
Tokyo,Japan,2025-05-01,23.7
Tokyo,Japan,2025-02-24,9.3
Tokyo,Japan,2019-12-16,1.4
Tokyo,Japan,2025-02-11,6.5
Tokyo,Japan,2020-05-03,25.9
Tokyo,Japan,2017-12-26,6.0
Tokyo,Japan,2016-02-04,4.3
Tokyo,Japan,2017-05-26,22.2
Tokyo,Japan,2020-12-25,5.1
Tokyo,Japan,2016-02-08,8.0
Tokyo,Japan,2019-02-25,11.3
Tokyo,Japan,2023-08-19,24.2
Tokyo,Japan,2017-01-03,3.4
Tokyo,Japan,2025-02-25,9.6
Tokyo,Japan,2024-01-19,4.3
Tokyo,Japan,2018-06-24,28.2
Tokyo,Japan,2020-01-26,8.5
Tokyo,Japan,2016-05-30,26.3
Tokyo,Japan,2023-12-05,8.7
Tokyo,Japan,2022-10-18,11.0
Tokyo,Japan,2025-03-17,16.1
Tokyo,Japan,2023-02-28,8.2
Tokyo,Japan,2022-05-20,28.6
Tokyo,Japan,2021-08-11,21.3
Tokyo,Japan,2023-05-26,26.8
Tokyo,Japan,2024-04-14,17.9
Tokyo,Japan,2022-05-03,22.6
Tokyo,Japan,2017-12-19,5.0
Tokyo,Japan,2016-09-23,15.9
Tokyo,Japan,2017-06-05,27.3
Tokyo,Japan,2018-07-22,29.0
Tokyo,Japan,2025-11-17,2.6
Tokyo,Japan,2018-02-24,10.2
Tokyo,Japan,2025-07-04,25.0
Tokyo,Japan,2023-10-09,6.8
Tokyo,Japan,2023-08-08,22.8
Tokyo,Japan,2022-04-13,20.0
Tokyo,Japan,2025-11-26,0.6
Tokyo,Japan,2023-03-10,14.7
Tokyo,Japan,2023-07-20,27.2
Tokyo,Japan,2019-08-16,22.8
Tokyo,Japan,2020-11-06,8.5
Tokyo,Japan,2017-05-13,23.6
Tokyo,Japan,2023-08-17,20.5
Tokyo,Japan,2021-10-19,10.2
Tokyo,Japan,2024-07-05,30.7
Tokyo,Japan,2016-07-11,28.2
Tokyo,Japan,2019-02-12,10.7
Tokyo,Japan,2019-07-19,25.5
Tokyo,Japan,2016-01-22,4.3
Tokyo,Japan,2025-11-13,7.7
Tokyo,Japan,2022-05-31,29.3
Tokyo,Japan,2018-07-13,21.5
Tokyo,Japan,2023-09-25,14.5
Tokyo,Japan,2018-10-20,10.7
Tokyo,Japan,2018-03-17,15.7
Tokyo,Japan,2023-01-08,6.0
Tokyo,Japan,2023-01-05,6.3
Tokyo,Japan,2025-01-22,7.0
Tokyo,Japan,2016-04-08,17.2
Tokyo,Japan,2019-10-01,12.5
Tokyo,Japan,2025-06-04,27.4
Tokyo,Japan,2018-09-03,20.7
Tokyo,Japan,2019-10-27,10.9
Tokyo,Japan,2021-10-29,5.5
Tokyo,Japan,2024-11-26,5.1
Tokyo,Japan,2022-09-23,16.4
Tokyo,Japan,2022-12-12,3.3
Tokyo,Japan,2021-01-02,4.6
Tokyo,Japan,2022-06-29,31.7
Tokyo,Japan,2016-05-16,29.6
Tokyo,Japan,2020-03-25,15.2
Tokyo,Japan,2016-09-23,19.0
Tokyo,Japan,2024-10-10,15.1
Tokyo,Japan,2020-12-15,7.3
Tokyo,Japan,2016-08-12,22.6
Tokyo,Japan,2016-09-26,17.5
Tokyo,Japan,2017-02-21,9.0
Tokyo,Japan,2019-04-22,19.7
Tokyo,Japan,2025-07-13,26.6
Tokyo,Japan,2024-06-07,28.3
Tokyo,Japan,2020-08-10,24.1
Tokyo,Japan,2023-05-26,29.4
Tokyo,Japan,2022-12-30,6.1
Tokyo,Japan,2024-11-30,4.9
Tokyo,Japan,2020-10-19,12.3
Tokyo,Japan,2019-10-23,7.9
Tokyo,Japan,2023-04-20,24.8
Tokyo,Japan,2021-02-02,5.7
Tokyo,Japan,2021-10-19,9.9
Tokyo,Japan,2017-02-24,11.8
Tokyo,Japan,2016-02-20,9.3
Tokyo,Japan,2024-11-07,6.8
Tokyo,Japan,2025-06-05,28.4
Tokyo,Japan,2023-02-23,12.9
Tokyo,Japan,2021-09-15,17.2
Tokyo,Japan,2024-02-16,11.3
Tokyo,Japan,2022-12-18,2.6
Tokyo,Japan,2024-12-08,4.8
Tokyo,Japan,2016-06-29,29.5
Tokyo,Japan,2020-11-20,6.3
Tokyo,Japan,2021-10-02,17.1
Tokyo,Japan,2019-06-28,27.1
Tokyo,Japan,2022-07-18,29.4
Tokyo,Japan,2017-08-26,19.0
Tokyo,Japan,2021-04-07,18.5
Tokyo,Japan,2020-02-19,11.5
Tokyo,Japan,2016-02-03,4.3
Tokyo,Japan,2017-08-15,22.9
Tokyo,Japan,2016-08-22,22.1
Tokyo,Japan,2022-04-10,23.4
Tokyo,Japan,2025-08-18,24.4
Tokyo,Japan,2018-03-31,18.3
Tokyo,Japan,2023-03-08,15.9
Tokyo,Japan,2019-10-30,6.7
Tokyo,Japan,2018-02-14,7.4
Tokyo,Japan,2021-03-29,14.6
Tokyo,Japan,2022-09-22,14.5
Tokyo,Japan,2022-05-07,20.8
Tokyo,Japan,2019-10-06,11.4
Tokyo,Japan,2017-10-26,7.9
Tokyo,Japan,2017-03-05,9.0
Tokyo,Japan,2016-06-21,29.0
Tokyo,Japan,2021-07-24,26.3
Tokyo,Japan,2018-07-02,28.0
Tokyo,Japan,2023-10-10,12.6
Tokyo,Japan,2018-09-06,21.9
Tokyo,Japan,2021-05-23,26.0
Tokyo,Japan,2019-09-19,11.6
Tokyo,Japan,2025-01-19,5.3
Tokyo,Japan,2018-01-24,4.6
Tokyo,Japan,2025-04-06,20.8
Tokyo,Japan,2016-10-29,8.5
Tokyo,Japan,2020-01-05,5.3
Tokyo,Japan,2019-04-05,18.9
Tokyo,Japan,2020-12-08,5.2
Tokyo,Japan,2024-08-01,27.6
Tokyo,Japan,2020-01-14,5.4
Tokyo,Japan,2018-03-21,15.8
Tokyo,Japan,2019-03-09,15.1
Tokyo,Japan,2024-01-23,9.5
Tokyo,Japan,2017-12-14,2.7
Tokyo,Japan,2018-01-01,6.3
Tokyo,Japan,2018-03-13,17.8
Tokyo,Japan,2017-02-18,10.1
Tokyo,Japan,2016-03-26,17.4
Tokyo,Japan,2023-05-06,23.3
Tokyo,Japan,2024-10-30,9.8
Tokyo,Japan,2018-05-11,23.8
Tokyo,Japan,2019-06-03,25.5
Tokyo,Japan,2020-03-05,13.1
Tokyo,Japan,2023-05-31,28.3
Tokyo,Japan,2024-12-16,6.2
Tokyo,Japan,2022-12-27,7.1
Tokyo,Japan,2016-09-24,12.5
Tokyo,Japan,2017-04-30,26.1
Tokyo,Japan,2024-11-29,8.4
Tokyo,Japan,2018-02-15,9.8
Tokyo,Japan,2020-03-12,15.8
Tokyo,Japan,2019-07-26,21.6
Tokyo,Japan,2018-09-28,11.4
Tokyo,Japan,2016-07-08,27.7
Tokyo,Japan,2025-07-31,22.7
Tokyo,Japan,2022-01-02,3.9
Tokyo,Japan,2018-10-09,13.5
Tokyo,Japan,2016-08-06,23.3
Tokyo,Japan,2017-06-01,26.0
Tokyo,Japan,2025-07-19,24.1
Tokyo,Japan,2021-06-25,27.8
Tokyo,Japan,2018-05-07,23.9
Tokyo,Japan,2024-11-13,3.0
Tokyo,Japan,2023-06-10,26.8
Tokyo,Japan,2020-05-08,23.9
Tokyo,Japan,2024-06-04,30.0
Tokyo,Japan,2020-03-12,11.8
Tokyo,Japan,2021-08-04,23.6
Tokyo,Japan,2023-12-28,3.9
Tokyo,Japan,2020-03-11,11.5
Tokyo,Japan,2021-07-19,26.4
Tokyo,Japan,2021-04-24,22.1
Tokyo,Japan,2024-11-12,8.6
Tokyo,Japan,2022-07-19,25.9
Tokyo,Japan,2018-04-11,18.8
Tokyo,Japan,2021-01-25,7.4
Tokyo,Japan,2019-06-07,26.1
Tokyo,Japan,2020-10-06,14.8
Tokyo,Japan,2025-06-12,26.1
Tokyo,Japan,2020-03-12,14.0
Tokyo,Japan,2024-06-05,28.4
Tokyo,Japan,2016-12-10,3.5
Tokyo,Japan,2018-07-31,27.7
Tokyo,Japan,2022-07-19,29.0
Tokyo,Japan,2019-10-09,13.0
Tokyo,Japan,2020-10-11,9.8
Tokyo,Japan,2020-02-14,9.6
Tokyo,Japan,2025-01-08,3.0
Tokyo,Japan,2016-04-11,20.1
Tokyo,Japan,2018-01-05,2.9
Tokyo,Japan,2016-11-06,7.9
Tokyo,Japan,2020-01-10,6.0
Tokyo,Japan,2021-08-17,21.9
Tokyo,Japan,2021-10-01,13.2
Tokyo,Japan,2019-02-06,7.4
Tokyo,Japan,2018-07-21,27.2
Tokyo,Japan,2016-06-05,28.0
Tokyo,Japan,2022-02-14,9.3
Tokyo,Japan,2019-09-10,19.6
Tokyo,Japan,2018-10-21,8.9
Tokyo,Japan,2023-08-31,23.8
Tokyo,Japan,2025-06-24,27.5
Tokyo,Japan,2017-07-18,29.9
Tokyo,Japan,2025-08-03,25.1
Tokyo,Japan,2018-12-05,1.2
Tokyo,Japan,2016-02-04,7.6
Tokyo,Japan,2019-11-20,4.1
Tokyo,Japan,2024-10-12,16.5
Tokyo,Japan,2025-03-20,15.3
Tokyo,Japan,2022-07-03,27.8
Tokyo,Japan,2023-05-03,23.5
Tokyo,Japan,2021-09-30,19.1
Tokyo,Japan,2025-09-14,17.2
Tokyo,Japan,2020-06-16,28.4
Tokyo,Japan,2018-05-09,27.9
Tokyo,Japan,2021-04-27,23.1
Tokyo,Japan,2022-03-13,16.7
Tokyo,Japan,2024-06-30,24.3
Tokyo,Japan,2019-10-27,9.8
Tokyo,Japan,2024-11-17,9.3
Tokyo,Japan,2020-10-22,11.8
Tokyo,Japan,2024-08-20,24.1
Tokyo,Japan,2020-12-01,3.9
Tokyo,Japan,2021-01-17,5.5
Tokyo,Japan,2017-07-23,25.9
Tokyo,Japan,2022-06-23,29.2
Tokyo,Japan,2024-04-10,18.7
Tokyo,Japan,2016-02-09,5.2
Tokyo,Japan,2019-12-23,4.0
Tokyo,Japan,2019-10-23,10.1
Tokyo,Japan,2024-06-09,29.8
Tokyo,Japan,2020-07-10,27.6
Tokyo,Japan,2019-05-12,22.1
Tokyo,Japan,2019-08-28,18.7
Tokyo,Japan,2016-05-11,23.8
Tokyo,Japan,2017-07-23,29.1
Tokyo,Japan,2019-09-14,21.6
Tokyo,Japan,2022-05-16,23.8
Tokyo,Japan,2022-10-25,7.4
Tokyo,Japan,2022-06-08,31.4
Tokyo,Japan,2018-04-16,16.7
Tokyo,Japan,2020-05-19,27.9
Tokyo,Japan,2021-04-28,23.8
Tokyo,Japan,2017-03-20,13.0
Tokyo,Japan,2023-03-02,16.3
Tokyo,Japan,2019-06-01,28.0
Tokyo,Japan,2022-03-14,14.7
Tokyo,Japan,2017-12-28,7.1
Tokyo,Japan,2021-06-24,28.6
Tokyo,Japan,2016-04-19,21.9
Tokyo,Japan,2020-04-29,24.0
Tokyo,Japan,2019-03-08,13.5
Tokyo,Japan,2021-11-17,7.7
Tokyo,Japan,2016-10-13,9.6
Tokyo,Japan,2016-02-15,9.6
Tokyo,Japan,2017-12-04,2.5
Tokyo,Japan,2020-05-20,30.1
Tokyo,Japan,2017-10-05,14.3
Tokyo,Japan,2020-09-09,18.3
Tokyo,Japan,2021-05-12,25.1
Tokyo,Japan,2025-09-15,15.3
Tokyo,Japan,2018-04-25,23.4
Tokyo,Japan,2020-11-05,8.5
Tokyo,Japan,2025-03-04,11.6
Tokyo,Japan,2022-10-08,10.4
Tokyo,Japan,2022-06-13,30.3
Tokyo,Japan,2021-08-20,21.3
Tokyo,Japan,2024-01-14,4.3
Tokyo,Japan,2016-01-31,5.3
Tokyo,Japan,2017-08-07,20.9
Tokyo,Japan,2022-10-13,12.9
Tokyo,Japan,2025-01-20,5.6
Tokyo,Japan,2022-05-20,27.9
Tokyo,Japan,2025-11-10,4.7
Tokyo,Japan,2016-06-09,27.9
Tokyo,Japan,2024-04-07,21.7
Tokyo,Japan,2021-02-12,10.2
Tokyo,Japan,2019-11-21,4.7
Tokyo,Japan,2019-05-03,20.8
Tokyo,Japan,2020-05-20,23.5
Tokyo,Japan,2017-12-18,1.6
Tokyo,Japan,2020-08-27,20.9
Tokyo,Japan,2024-03-22,20.4
Tokyo,Japan,2020-11-04,3.4
Tokyo,Japan,2018-01-21,6.8
Tokyo,Japan,2023-11-01,6.5
Tokyo,Japan,2016-06-27,27.1
Tokyo,Japan,2018-09-08,19.6
Tokyo,Japan,2025-11-23,4.7
Tokyo,Japan,2023-01-16,2.3
Tokyo,Japan,2016-09-30,13.3
Tokyo,Japan,2023-10-30,8.0
Tokyo,Japan,2021-07-14,22.9
Tokyo,Japan,2020-08-11,26.2
Tokyo,Japan,2020-02-19,9.7
Tokyo,Japan,2016-11-09,7.0
Tokyo,Japan,2024-09-27,12.3
Tokyo,Japan,2019-08-28,19.9
Tokyo,Japan,2018-04-29,23.8
Tokyo,Japan,2021-09-03,20.2
Tokyo,Japan,2023-03-01,11.8
Tokyo,Japan,2023-10-15,10.2
Tokyo,Japan,2019-11-08,5.2
Tokyo,Japan,2024-05-13,24.3
Tokyo,Japan,2016-06-03,28.2
Tokyo,Japan,2016-02-13,8.7
Tokyo,Japan,2017-07-13,30.4
Tokyo,Japan,2019-09-01,19.0
Tokyo,Japan,2021-03-04,10.2
Tokyo,Japan,2016-10-06,15.3
Tokyo,Japan,2024-01-01,5.7
Tokyo,Japan,2020-11-27,7.3
Tokyo,Japan,2025-06-09,30.6
Tokyo,Japan,2017-10-22,10.1
Tokyo,Japan,2017-02-15,9.4
Tokyo,Japan,2017-12-26,3.4
Tokyo,Japan,2020-05-19,28.5
Tokyo,Japan,2017-11-20,8.7
Tokyo,Japan,2023-08-06,26.2
Tokyo,Japan,2019-01-24,7.0
Tokyo,Japan,2018-06-06,29.1
Tokyo,Japan,2024-01-05,7.3
Tokyo,Japan,2018-06-04,28.1
Tokyo,Japan,2020-12-15,2.8
Tokyo,Japan,2025-02-05,3.9
Tokyo,Japan,2021-11-11,4.8
Tokyo,Japan,2017-02-25,8.4
Tokyo,Japan,2020-05-18,25.2
Tokyo,Japan,2022-09-16,15.1
Tokyo,Japan,2016-01-20,7.4
Tokyo,Japan,2018-04-06,19.5
Tokyo,Japan,2018-10-19,9.5
Tokyo,Japan,2017-01-09,5.7
Tokyo,Japan,2016-03-06,7.5
Tokyo,Japan,2019-10-12,14.7
Tokyo,Japan,2025-03-14,15.3
Tokyo,Japan,2018-06-22,30.8
Tokyo,Japan,2025-11-22,8.6
Tokyo,Japan,2023-06-13,30.0
Tokyo,Japan,2017-11-18,5.9
Tokyo,Japan,2021-09-30,13.6
Tokyo,Japan,2017-03-17,15.5
Tokyo,Japan,2023-01-11,3.1
Tokyo,Japan,2018-02-15,5.8
Tokyo,Japan,2020-06-06,24.3
Tokyo,Japan,2020-10-18,11.5
Tokyo,Japan,2019-12-31,5.1
Tokyo,Japan,2019-08-17,23.8
Tokyo,Japan,2019-07-19,28.5
Cairo,Egypt,2016-02-19,15.1
Cairo,Egypt,2016-09-27,22.7
Cairo,Egypt,2023-05-19,32.8
Cairo,Egypt,2020-02-20,14.3
Cairo,Egypt,2016-06-28,34.7
Cairo,Egypt,2019-05-20,32.4
Cairo,Egypt,2024-08-09,25.2
Cairo,Egypt,2017-02-21,13.8
Cairo,Egypt,2023-12-28,5.6
Cairo,Egypt,2025-07-15,31.3
Cairo,Egypt,2022-05-20,34.2
Cairo,Egypt,2022-09-23,26.6
Cairo,Egypt,2019-08-21,31.2
Cairo,Egypt,2023-08-08,29.7
Cairo,Egypt,2024-08-25,26.7
Cairo,Egypt,2023-02-15,14.5
Cairo,Egypt,2024-07-16,33.8
Cairo,Egypt,2025-07-19,31.2
Cairo,Egypt,2023-06-22,31.7
Cairo,Egypt,2022-10-28,16.2
Cairo,Egypt,2022-07-24,29.6
Cairo,Egypt,2024-04-26,29.5
Cairo,Egypt,2018-08-10,26.7
Cairo,Egypt,2016-02-24,17.6
Cairo,Egypt,2018-08-10,33.2
Cairo,Egypt,2017-05-23,32.5
Cairo,Egypt,2019-06-19,33.7
Cairo,Egypt,2018-09-24,24.1
Cairo,Egypt,2022-12-13,12.6
Cairo,Egypt,2021-08-04,31.1
Cairo,Egypt,2019-04-29,29.7
Cairo,Egypt,2023-03-14,22.7
Cairo,Egypt,2016-06-04,33.3
Cairo,Egypt,2020-12-22,14.7
Cairo,Egypt,2024-04-15,27.7
Cairo,Egypt,2019-07-24,31.1
Cairo,Egypt,2023-03-21,22.3
Cairo,Egypt,2024-11-17,12.7
Cairo,Egypt,2020-08-26,26.2
Cairo,Egypt,2016-04-07,24.2
Cairo,Egypt,2018-07-27,32.6
Cairo,Egypt,2018-09-19,21.5
Cairo,Egypt,2018-04-23,23.9
Cairo,Egypt,2023-06-16,32.4
Cairo,Egypt,2018-10-14,19.3
Cairo,Egypt,2018-06-30,30.5
Cairo,Egypt,2022-10-26,18.0
Cairo,Egypt,2018-01-21,11.2
Cairo,Egypt,2020-12-16,11.0
Cairo,Egypt,2021-07-06,32.7
Cairo,Egypt,2016-10-13,18.9
Cairo,Egypt,2017-08-02,30.7
Cairo,Egypt,2018-04-16,27.8
Cairo,Egypt,2022-02-26,18.8
Cairo,Egypt,2025-04-27,29.2
Cairo,Egypt,2021-09-09,23.5
Cairo,Egypt,2016-11-16,11.4
Cairo,Egypt,2017-11-03,16.1
Cairo,Egypt,2024-02-03,15.1
Cairo,Egypt,2022-10-17,19.8
Cairo,Egypt,2018-10-16,17.1
Cairo,Egypt,2023-02-16,18.8
Cairo,Egypt,2018-04-04,24.3
Cairo,Egypt,2016-11-23,16.2
Cairo,Egypt,2020-01-12,11.3
Cairo,Egypt,2020-12-12,12.3
Cairo,Egypt,2020-09-27,18.0
Cairo,Egypt,2024-07-11,32.7
Cairo,Egypt,2017-09-30,22.4
Cairo,Egypt,2016-03-22,19.3
Cairo,Egypt,2024-07-17,29.5
Cairo,Egypt,2024-07-05,35.8
Cairo,Egypt,2019-05-14,30.2
Cairo,Egypt,2024-02-24,17.0
Cairo,Egypt,2017-12-20,11.4
Cairo,Egypt,2021-01-31,16.3
Cairo,Egypt,2019-03-06,17.5
Cairo,Egypt,2016-10-21,18.9
Cairo,Egypt,2019-09-26,23.1
Cairo,Egypt,2017-09-25,23.5
Cairo,Egypt,2018-02-15,20.1
Cairo,Egypt,2024-03-10,20.4
Cairo,Egypt,2024-02-19,15.4
Cairo,Egypt,2020-08-30,27.9
Cairo,Egypt,2020-06-04,34.9
Cairo,Egypt,2021-06-28,33.1
Cairo,Egypt,2019-06-14,31.7
Cairo,Egypt,2020-08-01,28.8
Cairo,Egypt,2025-12-03,16.4
Cairo,Egypt,2020-04-25,29.7
Cairo,Egypt,2022-05-05,31.7
Cairo,Egypt,2018-11-11,17.0
Cairo,Egypt,2024-08-25,30.0
Cairo,Egypt,2021-09-18,21.5
Cairo,Egypt,2023-12-14,8.5
Cairo,Egypt,2023-10-23,17.0
Cairo,Egypt,2016-08-24,24.8
Cairo,Egypt,2024-04-01,20.7
Cairo,Egypt,2018-10-07,19.6
Cairo,Egypt,2025-02-12,16.2
Cairo,Egypt,2020-01-20,10.9
Cairo,Egypt,2023-10-27,14.0
Cairo,Egypt,2023-06-19,32.5
Cairo,Egypt,2021-02-08,13.9
Cairo,Egypt,2023-08-21,29.0
Cairo,Egypt,2022-06-26,34.7
Cairo,Egypt,2023-06-07,33.3
Cairo,Egypt,2024-08-23,27.4
Cairo,Egypt,2017-01-13,9.6
Cairo,Egypt,2020-06-16,29.9
Cairo,Egypt,2023-12-02,8.4
Cairo,Egypt,2021-10-24,14.4
Cairo,Egypt,2018-02-12,16.6
Cairo,Egypt,2020-10-14,17.3
Cairo,Egypt,2018-11-01,14.6
Cairo,Egypt,2021-12-23,9.3
Cairo,Egypt,2023-05-21,33.9
Cairo,Egypt,2024-03-25,21.4
Cairo,Egypt,2020-08-12,29.5
Cairo,Egypt,2025-10-01,16.1
Cairo,Egypt,2016-12-30,13.7
Cairo,Egypt,2024-12-10,13.3
Cairo,Egypt,2019-11-11,14.7
Cairo,Egypt,2018-05-08,28.9
Cairo,Egypt,2024-05-22,30.7
Cairo,Egypt,2017-11-20,14.1
Cairo,Egypt,2025-02-25,16.9
Cairo,Egypt,2024-09-04,25.6
Cairo,Egypt,2023-10-23,15.0
Cairo,Egypt,2019-03-27,24.3
Cairo,Egypt,2024-03-21,21.2
Cairo,Egypt,2018-02-02,14.9
Cairo,Egypt,2023-11-23,14.3
Cairo,Egypt,2021-08-20,30.0
Cairo,Egypt,2017-03-27,19.8
Cairo,Egypt,2018-01-30,15.1
Cairo,Egypt,2018-04-03,25.8
Cairo,Egypt,2024-07-06,33.6
Cairo,Egypt,2018-02-24,17.4
Cairo,Egypt,2020-08-01,35.2
Cairo,Egypt,2020-12-10,9.7
Cairo,Egypt,2025-09-26,19.6
Cairo,Egypt,2023-02-19,17.6
Cairo,Egypt,2020-03-27,24.9
Cairo,Egypt,2017-05-25,31.9
Cairo,Egypt,2022-07-26,33.5
Cairo,Egypt,2018-08-19,25.5
Cairo,Egypt,2017-02-16,16.7
Cairo,Egypt,2016-02-08,18.2
Cairo,Egypt,2016-01-30,15.2
Cairo,Egypt,2023-06-18,28.3
Cairo,Egypt,2017-01-31,11.1
Cairo,Egypt,2018-05-14,30.9
Cairo,Egypt,2022-10-05,19.9
Cairo,Egypt,2021-10-31,18.9
Cairo,Egypt,2021-06-13,33.1
Cairo,Egypt,2021-04-22,28.1
Cairo,Egypt,2019-10-10,16.3
Cairo,Egypt,2020-02-27,17.4
Cairo,Egypt,2019-07-15,31.0
Cairo,Egypt,2025-02-27,18.3
Cairo,Egypt,2020-06-20,35.4
Cairo,Egypt,2020-03-30,19.9
Cairo,Egypt,2025-10-16,14.5
Cairo,Egypt,2019-09-14,23.9
Cairo,Egypt,2025-10-05,19.8
Cairo,Egypt,2023-10-31,12.5
Cairo,Egypt,2017-07-22,34.3
Cairo,Egypt,2016-04-15,23.7
Cairo,Egypt,2019-02-18,14.2
Cairo,Egypt,2023-11-04,15.0
Cairo,Egypt,2021-01-25,11.9
Cairo,Egypt,2022-12-07,10.3
Cairo,Egypt,2021-10-10,15.3
Cairo,Egypt,2020-08-19,28.2
Cairo,Egypt,2023-02-26,17.8
Cairo,Egypt,2025-02-10,14.2
Cairo,Egypt,2025-10-17,20.3
Cairo,Egypt,2016-07-06,36.3
Cairo,Egypt,2023-08-08,29.5
Cairo,Egypt,2020-12-24,11.8
Cairo,Egypt,2024-04-15,29.3
Cairo,Egypt,2022-11-14,14.2
Cairo,Egypt,2021-05-04,28.0
Cairo,Egypt,2023-05-20,34.5
Cairo,Egypt,2024-03-26,19.9
Cairo,Egypt,2020-04-25,28.3
Cairo,Egypt,2017-08-09,31.2
Cairo,Egypt,2025-10-02,17.9
Cairo,Egypt,2025-08-10,29.5
Cairo,Egypt,2024-01-14,11.4
Cairo,Egypt,2024-12-07,11.8
Cairo,Egypt,2016-12-22,10.6
Cairo,Egypt,2022-02-25,20.6
Cairo,Egypt,2025-10-23,12.6
Cairo,Egypt,2017-04-18,28.2
Cairo,Egypt,2021-05-28,31.7
Cairo,Egypt,2018-05-16,30.1
Cairo,Egypt,2017-11-29,12.4
Cairo,Egypt,2017-01-01,8.7
Cairo,Egypt,2017-03-08,16.8
Cairo,Egypt,2017-10-18,18.9
Cairo,Egypt,2019-08-30,29.4
Cairo,Egypt,2018-06-21,31.5
Cairo,Egypt,2024-01-24,13.2
Cairo,Egypt,2023-07-09,35.3
Cairo,Egypt,2017-05-19,29.4
Cairo,Egypt,2023-02-08,11.2
Cairo,Egypt,2024-02-19,13.2
Cairo,Egypt,2019-09-25,22.0
Cairo,Egypt,2025-10-11,19.3
Cairo,Egypt,2022-09-26,24.2
Cairo,Egypt,2016-09-21,21.2
Cairo,Egypt,2024-01-17,11.1
Cairo,Egypt,2024-05-01,29.4
Cairo,Egypt,2023-03-15,19.1
Cairo,Egypt,2024-10-20,13.5
Cairo,Egypt,2025-01-24,11.8
Cairo,Egypt,2018-08-13,29.5
Cairo,Egypt,2016-12-25,12.5
Cairo,Egypt,2017-04-01,27.0
Cairo,Egypt,2018-02-09,17.0
Cairo,Egypt,2024-05-07,32.8
Cairo,Egypt,2017-06-05,32.1
Cairo,Egypt,2025-07-27,30.8
Cairo,Egypt,2024-04-06,27.2
Cairo,Egypt,2016-01-07,11.0
Cairo,Egypt,2018-02-16,18.8
Cairo,Egypt,2025-07-01,31.8
Cairo,Egypt,2024-08-25,28.7
Cairo,Egypt,2020-02-04,16.0
Cairo,Egypt,2017-06-01,28.3
Cairo,Egypt,2021-10-29,14.5
Cairo,Egypt,2017-03-12,18.2
Cairo,Egypt,2020-06-07,37.1
Cairo,Egypt,2019-07-18,32.6
Cairo,Egypt,2017-08-15,29.8
Cairo,Egypt,2018-06-15,31.9
Cairo,Egypt,2021-08-09,29.5
Cairo,Egypt,2019-03-06,18.4
Cairo,Egypt,2017-08-20,28.2
Cairo,Egypt,2025-04-13,22.6
Cairo,Egypt,2023-11-19,14.9
Cairo,Egypt,2021-08-19,28.8
Cairo,Egypt,2023-09-21,27.4
Cairo,Egypt,2023-12-03,16.8
Cairo,Egypt,2022-06-08,29.5
Cairo,Egypt,2021-07-20,32.8
Cairo,Egypt,2019-04-08,25.0
Cairo,Egypt,2025-01-31,12.2
Cairo,Egypt,2019-09-26,23.4
Cairo,Egypt,2025-07-05,35.8
Cairo,Egypt,2024-03-19,23.3
Cairo,Egypt,2024-04-01,23.9
Cairo,Egypt,2016-08-03,33.7
Cairo,Egypt,2025-08-10,28.2
Cairo,Egypt,2021-06-19,33.2
Cairo,Egypt,2025-02-20,15.3
Cairo,Egypt,2023-05-24,33.2
Cairo,Egypt,2016-03-29,23.3
Cairo,Egypt,2022-02-22,15.7
Cairo,Egypt,2021-04-23,29.5
Cairo,Egypt,2019-11-27,12.6
Cairo,Egypt,2021-12-02,10.1
Cairo,Egypt,2024-02-24,17.0
Cairo,Egypt,2018-03-10,23.1
Cairo,Egypt,2023-11-11,15.3
Cairo,Egypt,2017-06-20,31.9
Cairo,Egypt,2019-08-17,28.8
Cairo,Egypt,2025-01-10,9.5
Cairo,Egypt,2016-08-09,31.7
Cairo,Egypt,2021-02-17,13.9
Cairo,Egypt,2023-05-05,30.5
Cairo,Egypt,2023-10-21,18.1
Cairo,Egypt,2021-05-30,32.4
Cairo,Egypt,2018-06-12,34.4
Cairo,Egypt,2025-01-07,11.9
Cairo,Egypt,2016-02-07,11.7
Cairo,Egypt,2020-01-23,12.8
Cairo,Egypt,2023-08-10,27.2
Cairo,Egypt,2024-10-22,17.9
Cairo,Egypt,2020-10-15,17.9
Cairo,Egypt,2023-08-15,31.6
Cairo,Egypt,2017-01-28,9.9
Cairo,Egypt,2019-12-27,12.8
Cairo,Egypt,2016-08-02,30.5
Cairo,Egypt,2017-04-25,31.3
Cairo,Egypt,2022-08-27,26.8
Cairo,Egypt,2020-11-11,16.7
Cairo,Egypt,2020-07-12,32.3
Cairo,Egypt,2018-09-30,22.3
Cairo,Egypt,2021-06-24,33.8
Cairo,Egypt,2019-05-24,30.3
Cairo,Egypt,2023-04-27,24.2
Cairo,Egypt,2024-05-10,28.6
Cairo,Egypt,2024-12-01,14.3
Cairo,Egypt,2023-07-10,31.1
Cairo,Egypt,2025-09-12,21.3
Cairo,Egypt,2025-03-05,18.3
Cairo,Egypt,2023-04-29,27.8
Cairo,Egypt,2020-12-28,10.9
Cairo,Egypt,2016-12-04,12.7
Cairo,Egypt,2017-05-14,28.1
Cairo,Egypt,2021-09-18,23.3
Cairo,Egypt,2018-07-10,35.6
Cairo,Egypt,2022-06-03,33.3
Cairo,Egypt,2021-05-18,31.1
Cairo,Egypt,2024-11-27,15.7
Cairo,Egypt,2022-08-25,28.4
Cairo,Egypt,2023-03-25,25.0
Cairo,Egypt,2023-11-18,10.9
Cairo,Egypt,2017-02-11,16.6
Cairo,Egypt,2019-08-25,31.5
Cairo,Egypt,2024-12-01,13.8
Cairo,Egypt,2022-01-10,13.6
Cairo,Egypt,2016-03-21,25.7
Cairo,Egypt,2020-05-31,30.5
Cairo,Egypt,2025-02-08,14.3
Cairo,Egypt,2021-12-11,9.3
Cairo,Egypt,2022-07-23,32.1
Cairo,Egypt,2022-01-16,11.8
Cairo,Egypt,2017-05-23,28.6
Cairo,Egypt,2024-06-13,33.5
Cairo,Egypt,2017-04-25,23.3
Cairo,Egypt,2018-01-10,14.1
Cairo,Egypt,2016-01-22,10.7
Cairo,Egypt,2022-03-22,20.7
Cairo,Egypt,2016-06-09,33.8
Cairo,Egypt,2017-06-11,30.7
Cairo,Egypt,2016-12-25,10.2
Cairo,Egypt,2022-04-22,27.8
Cairo,Egypt,2016-12-12,15.0
Cairo,Egypt,2017-05-25,30.3
Cairo,Egypt,2022-02-07,14.9
Cairo,Egypt,2017-12-03,7.8
Cairo,Egypt,2016-01-01,13.9
Cairo,Egypt,2018-10-14,16.8
Cairo,Egypt,2021-10-28,20.6
Cairo,Egypt,2024-10-11,18.0
Cairo,Egypt,2017-07-26,34.1
Cairo,Egypt,2022-06-21,31.8
Cairo,Egypt,2019-12-13,11.7
Cairo,Egypt,2022-10-18,16.3
Cairo,Egypt,2017-02-09,14.9
Cairo,Egypt,2023-06-07,33.8
Cairo,Egypt,2018-02-09,13.9
Cairo,Egypt,2017-08-03,29.6
Cairo,Egypt,2017-07-03,36.9
Cairo,Egypt,2022-10-02,18.0
Cairo,Egypt,2019-02-10,14.6
Cairo,Egypt,2017-06-10,33.0
Cairo,Egypt,2022-03-02,16.6
Cairo,Egypt,2018-11-10,14.0
Cairo,Egypt,2017-10-30,18.6
Cairo,Egypt,2020-06-26,28.8
Cairo,Egypt,2023-08-03,32.1
Cairo,Egypt,2020-10-08,20.2
Cairo,Egypt,2018-04-14,26.2
Cairo,Egypt,2016-10-16,16.7
Cairo,Egypt,2023-02-06,13.7
Cairo,Egypt,2023-10-25,14.5
Cairo,Egypt,2022-04-27,26.3
Cairo,Egypt,2023-05-16,29.9
Cairo,Egypt,2017-11-02,13.4
Cairo,Egypt,2020-09-15,24.3
Cairo,Egypt,2024-10-31,13.8
Cairo,Egypt,2020-11-11,10.2
Cairo,Egypt,2018-10-10,22.6
Cairo,Egypt,2016-11-13,13.4
Cairo,Egypt,2023-09-02,28.5
Cairo,Egypt,2022-02-24,16.1
Cairo,Egypt,2016-12-30,12.6
Cairo,Egypt,2020-01-26,16.4
Cairo,Egypt,2017-08-22,26.1
Cairo,Egypt,2025-09-28,21.7
Cairo,Egypt,2017-02-05,13.2
Cairo,Egypt,2020-03-24,24.3
Cairo,Egypt,2017-03-06,19.2
Cairo,Egypt,2024-10-11,19.8
Cairo,Egypt,2024-03-02,18.3
Cairo,Egypt,2025-10-26,15.0
Cairo,Egypt,2021-06-28,36.9
Cairo,Egypt,2017-01-26,10.4
Cairo,Egypt,2025-09-14,23.3
Cairo,Egypt,2019-03-01,15.9
Cairo,Egypt,2016-07-15,31.7
Cairo,Egypt,2017-11-30,10.9
Cairo,Egypt,2018-01-10,15.2
Cairo,Egypt,2019-11-14,14.8
Cairo,Egypt,2024-11-04,12.0
Cairo,Egypt,2021-12-17,7.6
Cairo,Egypt,2020-07-07,31.8
Cairo,Egypt,2021-05-07,28.9
Cairo,Egypt,2023-09-13,23.2
Cairo,Egypt,2021-10-04,19.4
Cairo,Egypt,2017-08-07,27.4
Cairo,Egypt,2020-03-31,22.8
Cairo,Egypt,2024-02-19,16.1
Cairo,Egypt,2023-03-03,21.9
Cairo,Egypt,2018-10-17,17.3
Cairo,Egypt,2023-08-09,27.5
Cairo,Egypt,2018-01-19,10.8
Cairo,Egypt,2020-12-02,15.6
Cairo,Egypt,2021-08-19,28.2
Cairo,Egypt,2019-03-20,21.7
Cairo,Egypt,2024-01-21,15.1
Cairo,Egypt,2025-11-19,14.5
Cairo,Egypt,2023-02-16,15.7
Cairo,Egypt,2025-08-15,30.5
Cairo,Egypt,2024-08-22,28.7
Cairo,Egypt,2019-07-04,34.9
Cairo,Egypt,2016-11-10,11.7
Cairo,Egypt,2024-03-08,20.0
Cairo,Egypt,2022-06-14,34.3
Cairo,Egypt,2016-08-23,29.1
Cairo,Egypt,2021-07-11,33.7
Cairo,Egypt,2025-01-23,16.8
Cairo,Egypt,2020-10-02,16.7
Cairo,Egypt,2023-08-05,27.3
Cairo,Egypt,2021-05-18,31.4
Cairo,Egypt,2021-08-01,24.0
Cairo,Egypt,2025-12-16,10.9
Cairo,Egypt,2021-12-20,10.8
Cairo,Egypt,2022-11-29,10.4
Cairo,Egypt,2018-02-17,19.3
Cairo,Egypt,2024-01-04,10.0
Cairo,Egypt,2020-10-06,18.6
Cairo,Egypt,2018-09-27,18.2
Cairo,Egypt,2024-04-14,24.4
Cairo,Egypt,2025-11-14,9.9
Cairo,Egypt,2021-12-03,11.8
Cairo,Egypt,2021-01-11,11.6
Cairo,Egypt,2017-11-21,11.1
Cairo,Egypt,2021-11-14,10.0
Cairo,Egypt,2018-07-10,33.8
Cairo,Egypt,2017-06-30,35.1
Cairo,Egypt,2021-10-05,19.5
Cairo,Egypt,2021-07-22,32.6
Cairo,Egypt,2020-04-01,27.0
Cairo,Egypt,2019-10-16,22.6
Cairo,Egypt,2023-08-13,29.4
Cairo,Egypt,2024-08-05,32.9
Cairo,Egypt,2025-08-14,30.5
Cairo,Egypt,2019-04-17,28.3
Cairo,Egypt,2018-12-20,12.3
Cairo,Egypt,2022-05-18,34.8
Cairo,Egypt,2020-05-31,33.1
Cairo,Egypt,2023-03-18,23.3
Cairo,Egypt,2021-10-12,18.9
Cairo,Egypt,2021-03-11,19.8
Cairo,Egypt,2022-12-05,12.3
Cairo,Egypt,2016-01-25,12.8
Cairo,Egypt,2022-11-26,10.9
Cairo,Egypt,2017-03-14,21.3
Cairo,Egypt,2016-01-22,11.2
Cairo,Egypt,2020-07-04,35.8
Cairo,Egypt,2019-12-23,13.6
Cairo,Egypt,2018-03-20,22.1
Cairo,Egypt,2016-12-13,7.4
Cairo,Egypt,2020-08-09,29.0
Cairo,Egypt,2017-05-22,32.2
Cairo,Egypt,2024-08-17,28.5
Cairo,Egypt,2023-05-13,31.0
Cairo,Egypt,2020-03-13,23.1
Cairo,Egypt,2019-05-10,27.8
Cairo,Egypt,2022-01-06,15.1
Cairo,Egypt,2025-02-06,14.1
Cairo,Egypt,2023-05-12,36.9
Cairo,Egypt,2025-05-31,31.7
Cairo,Egypt,2024-05-18,32.1
Cairo,Egypt,2020-11-12,18.0
Cairo,Egypt,2023-12-14,11.7
Cairo,Egypt,2018-03-23,23.8
Cairo,Egypt,2017-07-01,34.4
Cairo,Egypt,2020-06-04,31.5
Cairo,Egypt,2016-05-09,31.5
Cairo,Egypt,2017-10-18,15.2
Cairo,Egypt,2023-06-17,29.2
Cairo,Egypt,2018-12-24,13.2
Cairo,Egypt,2021-07-22,33.6
Cairo,Egypt,2024-12-20,11.1
Cairo,Egypt,2024-06-03,32.0
Cairo,Egypt,2024-07-27,31.8
Cairo,Egypt,2024-02-21,15.1
Cairo,Egypt,2024-04-26,29.9
Cairo,Egypt,2017-03-25,21.3
Cairo,Egypt,2017-03-17,21.7
Cairo,Egypt,2019-11-10,13.2
Cairo,Egypt,2021-08-10,32.8
Cairo,Egypt,2016-08-01,31.1
Cairo,Egypt,2023-08-10,30.8
Cairo,Egypt,2022-09-11,22.6
Cairo,Egypt,2024-04-08,28.0
Cairo,Egypt,2019-03-01,18.6
Cairo,Egypt,2021-06-13,35.2
Cairo,Egypt,2022-12-04,13.1
Cairo,Egypt,2017-09-16,23.3
Cairo,Egypt,2019-02-25,16.5
Cairo,Egypt,2024-08-06,31.4
Cairo,Egypt,2023-11-11,15.1
Cairo,Egypt,2018-10-10,18.0
Cairo,Egypt,2021-04-25,26.6
Cairo,Egypt,2023-12-03,12.3
Cairo,Egypt,2024-03-10,19.4
Cairo,Egypt,2021-08-19,27.5
Cairo,Egypt,2025-08-02,30.0
Cairo,Egypt,2022-08-18,27.8
Cairo,Egypt,2017-05-08,29.5
Cairo,Egypt,2017-06-25,32.2
Cairo,Egypt,2018-02-26,18.9
Cairo,Egypt,2017-08-21,25.7
Cairo,Egypt,2017-01-07,13.2
Cairo,Egypt,2025-09-10,26.6
Cairo,Egypt,2019-06-09,33.9
Cairo,Egypt,2023-11-07,13.6
Cairo,Egypt,2019-10-08,18.3
Cairo,Egypt,2020-10-11,16.3
Cairo,Egypt,2023-03-22,22.7
Cairo,Egypt,2016-07-30,30.6
Cairo,Egypt,2019-02-23,18.9
Cairo,Egypt,2019-12-08,11.4
Cairo,Egypt,2016-07-13,31.3
Cairo,Egypt,2018-01-14,13.0
Cairo,Egypt,2024-05-08,30.7
Cairo,Egypt,2019-08-10,30.4
Cairo,Egypt,2022-10-20,19.5
Cairo,Egypt,2017-02-16,14.9
Cairo,Egypt,2021-07-05,33.9
Cairo,Egypt,2020-01-29,13.3
Cairo,Egypt,2023-07-03,34.1
Cairo,Egypt,2016-02-25,16.4
Cairo,Egypt,2017-06-17,30.3
Cairo,Egypt,2019-09-18,20.8
Cairo,Egypt,2024-05-01,32.3
Cairo,Egypt,2024-09-24,19.5
Cairo,Egypt,2018-09-02,24.6
Cairo,Egypt,2023-04-17,26.7
Cairo,Egypt,2016-12-23,14.1
Cairo,Egypt,2025-12-12,13.9
Cairo,Egypt,2022-10-01,22.4
Cairo,Egypt,2017-05-07,35.3
Cairo,Egypt,2025-11-30,13.6
Cairo,Egypt,2023-05-04,30.4
Cairo,Egypt,2020-12-30,10.4
Cairo,Egypt,2017-02-08,17.4
Cairo,Egypt,2019-11-05,16.0
Cairo,Egypt,2019-05-19,30.7
Cairo,Egypt,2018-04-07,19.4
Cairo,Egypt,2021-12-25,11.4
Cairo,Egypt,2018-02-24,17.0
Cairo,Egypt,2020-09-08,23.4
Cairo,Egypt,2025-11-01,14.9
Cairo,Egypt,2024-07-07,35.7
Cairo,Egypt,2019-11-23,9.3
Cairo,Egypt,2020-02-08,12.1
Cairo,Egypt,2020-11-21,13.9
Cairo,Egypt,2016-10-04,17.5
Cairo,Egypt,2021-08-25,27.7
Cairo,Egypt,2024-11-13,16.4
Cairo,Egypt,2023-10-24,17.0
Cairo,Egypt,2017-06-12,32.1
Cairo,Egypt,2016-09-06,30.0
Cairo,Egypt,2024-11-27,13.7
Cairo,Egypt,2025-02-18,16.4
Cairo,Egypt,2020-06-16,31.0
Cairo,Egypt,2021-10-04,20.2
Cairo,Egypt,2016-11-03,16.7
Cairo,Egypt,2020-04-22,31.0
Cairo,Egypt,2022-04-22,28.4
Cairo,Egypt,2019-01-17,10.6
Cairo,Egypt,2018-04-27,29.3
Cairo,Egypt,2018-06-11,34.4
Cairo,Egypt,2022-08-22,26.6
Cairo,Egypt,2024-11-12,10.0
Cairo,Egypt,2021-10-01,17.7
Cairo,Egypt,2021-11-20,14.0
Cairo,Egypt,2018-11-26,12.1
Cairo,Egypt,2023-12-11,13.0
Cairo,Egypt,2019-01-04,10.6
Cairo,Egypt,2016-07-05,32.8
Cairo,Egypt,2021-12-25,11.6
Cairo,Egypt,2017-08-29,27.4
Cairo,Egypt,2025-11-28,12.2
Cairo,Egypt,2025-10-17,18.8
Cairo,Egypt,2024-11-12,19.1
Cairo,Egypt,2025-03-26,24.9
Cairo,Egypt,2018-05-10,30.5
Cairo,Egypt,2019-11-24,12.7
Cairo,Egypt,2023-02-04,13.1
Cairo,Egypt,2016-12-06,10.7
Cairo,Egypt,2023-11-29,13.5
Cairo,Egypt,2017-07-01,32.3
Cairo,Egypt,2020-07-30,32.5
Cairo,Egypt,2016-08-22,26.8
Cairo,Egypt,2023-01-07,13.4
Cairo,Egypt,2018-06-17,30.0
Cairo,Egypt,2024-03-11,21.7
Cairo,Egypt,2016-03-05,19.1
Cairo,Egypt,2022-01-10,9.9
Cairo,Egypt,2024-10-01,17.1
Cairo,Egypt,2022-07-17,35.1
Cairo,Egypt,2020-04-13,28.7
Cairo,Egypt,2023-05-02,29.4
Cairo,Egypt,2022-10-11,21.6
Cairo,Egypt,2022-03-06,20.0
Cairo,Egypt,2019-08-21,30.2
Cairo,Egypt,2019-01-05,12.7
Cairo,Egypt,2025-08-16,31.6
Cairo,Egypt,2024-06-10,31.6
Cairo,Egypt,2024-03-08,21.3
Cairo,Egypt,2024-02-22,16.3
Cairo,Egypt,2021-05-16,31.8
Cairo,Egypt,2017-01-18,10.5
Cairo,Egypt,2025-02-22,17.3
Cairo,Egypt,2025-09-02,27.3
Cairo,Egypt,2024-03-06,21.9
Cairo,Egypt,2018-01-08,11.8
Cairo,Egypt,2017-10-29,15.5
Cairo,Egypt,2025-12-04,12.9
Cairo,Egypt,2022-10-25,18.3
Cairo,Egypt,2018-02-08,15.8
Cairo,Egypt,2018-10-01,21.0
Cairo,Egypt,2021-02-06,19.3
Cairo,Egypt,2017-02-14,13.1
Cairo,Egypt,2024-02-14,12.8
Cairo,Egypt,2025-01-22,12.5
Cairo,Egypt,2016-02-18,15.1
Cairo,Egypt,2016-03-25,21.9
Cairo,Egypt,2017-03-26,24.7
Cairo,Egypt,2023-03-24,19.7
Cairo,Egypt,2016-06-28,35.7
Cairo,Egypt,2019-01-01,14.2
Cairo,Egypt,2017-08-07,32.7
Cairo,Egypt,2024-11-19,12.1
Cairo,Egypt,2016-02-08,16.0
Cairo,Egypt,2024-04-03,24.6
Cairo,Egypt,2025-03-05,17.6
Cairo,Egypt,2018-04-08,28.2
Cairo,Egypt,2017-07-24,29.3
Cairo,Egypt,2020-12-24,11.8
Cairo,Egypt,2025-02-22,18.2
Cairo,Egypt,2017-09-24,23.5
Cairo,Egypt,2018-09-25,24.7
Cairo,Egypt,2023-01-14,13.5
Cairo,Egypt,2022-02-04,17.3
Cairo,Egypt,2017-02-25,20.4
Cairo,Egypt,2022-02-08,14.4
Cairo,Egypt,2025-05-19,34.0
Cairo,Egypt,2020-08-28,29.6
Cairo,Egypt,2016-04-08,29.2
Cairo,Egypt,2018-07-17,31.5
Cairo,Egypt,2023-05-08,30.9
Cairo,Egypt,2019-03-20,22.6
Cairo,Egypt,2020-04-24,32.5
Cairo,Egypt,2023-09-13,26.8
Cairo,Egypt,2017-04-05,22.5
Cairo,Egypt,2021-07-07,33.6
Cairo,Egypt,2017-02-20,17.8
Cairo,Egypt,2019-02-28,16.6
Cairo,Egypt,2017-04-29,31.2
Cairo,Egypt,2020-01-16,16.5
Cairo,Egypt,2016-06-26,31.4
Cairo,Egypt,2022-10-12,19.9
Cairo,Egypt,2019-10-03,22.0
Cairo,Egypt,2022-09-22,23.2
Cairo,Egypt,2023-06-26,35.4
Cairo,Egypt,2023-09-15,22.5
Cairo,Egypt,2019-11-27,16.0
Cairo,Egypt,2025-10-25,20.0
Cairo,Egypt,2023-06-03,35.6
Cairo,Egypt,2020-02-20,20.3
Cairo,Egypt,2023-12-23,10.0
Cairo,Egypt,2024-12-15,11.7
Cairo,Egypt,2017-08-31,26.5
Cairo,Egypt,2024-09-20,21.6
Cairo,Egypt,2020-05-18,30.2
Cairo,Egypt,2021-01-03,11.1
Cairo,Egypt,2021-05-13,27.5
Cairo,Egypt,2025-02-18,19.0
Cairo,Egypt,2024-02-24,18.7
Cairo,Egypt,2019-02-14,17.1
Cairo,Egypt,2017-06-06,34.5
Cairo,Egypt,2018-01-14,12.6
Cairo,Egypt,2021-07-17,30.6
Cairo,Egypt,2020-10-02,15.0
Cairo,Egypt,2022-09-30,21.5
Cairo,Egypt,2024-11-24,11.9
Cairo,Egypt,2023-05-02,28.7
Cairo,Egypt,2018-10-04,18.2
Cairo,Egypt,2022-01-15,14.2
Cairo,Egypt,2021-12-26,9.1
Cairo,Egypt,2018-07-31,31.2
Cairo,Egypt,2020-04-24,31.2
Cairo,Egypt,2021-11-28,14.0
Cairo,Egypt,2022-06-24,34.1
Cairo,Egypt,2018-06-17,29.9
Cairo,Egypt,2023-11-19,14.8
Cairo,Egypt,2018-04-12,27.3
Cairo,Egypt,2025-07-16,35.1
Cairo,Egypt,2017-07-01,33.6
Cairo,Egypt,2017-03-27,25.0
Cairo,Egypt,2025-07-08,33.8
Cairo,Egypt,2025-07-10,35.5
Cairo,Egypt,2019-04-22,25.2
Cairo,Egypt,2021-02-28,20.7
Cairo,Egypt,2020-09-20,25.6
Cairo,Egypt,2018-09-20,23.1
Cairo,Egypt,2024-05-17,32.9
Cairo,Egypt,2017-07-18,34.7
Cairo,Egypt,2017-08-09,32.0
Cairo,Egypt,2020-03-26,23.0
Cairo,Egypt,2020-10-05,16.7
Cairo,Egypt,2020-03-02,19.7
Cairo,Egypt,2022-07-10,33.3
Cairo,Egypt,2016-10-29,13.1
Cairo,Egypt,2017-10-09,19.6
Cairo,Egypt,2016-05-03,30.5
Cairo,Egypt,2018-09-30,21.7
Cairo,Egypt,2016-11-11,17.7
Cairo,Egypt,2020-09-01,26.4
Cairo,Egypt,2017-09-05,25.8
Cairo,Egypt,2017-07-27,29.3
Cairo,Egypt,2024-05-22,27.3
Cairo,Egypt,2021-04-09,24.9
Cairo,Egypt,2020-08-12,29.0
Cairo,Egypt,2023-03-26,21.0
Cairo,Egypt,2023-10-18,18.6
Cairo,Egypt,2016-09-02,26.0
Cairo,Egypt,2025-11-18,11.6
Cairo,Egypt,2017-12-11,9.6
Cairo,Egypt,2021-08-23,28.9
Cairo,Egypt,2020-10-01,22.2
Cairo,Egypt,2023-08-16,31.0
Cairo,Egypt,2023-12-23,10.8
Cairo,Egypt,2025-04-20,27.5
Cairo,Egypt,2019-06-07,35.7
Cairo,Egypt,2023-12-15,12.2
Cairo,Egypt,2019-01-18,17.3
Cairo,Egypt,2017-01-11,6.7
Cairo,Egypt,2017-05-27,31.7
Cairo,Egypt,2024-05-01,30.2
Cairo,Egypt,2018-06-15,36.1
Cairo,Egypt,2020-05-25,33.7
Cairo,Egypt,2022-04-09,28.8
Cairo,Egypt,2022-10-14,20.3
Cairo,Egypt,2021-04-02,21.4
Cairo,Egypt,2021-05-09,29.4
Cairo,Egypt,2025-04-11,28.7
Cairo,Egypt,2020-04-07,27.4
Cairo,Egypt,2023-04-02,27.5
Cairo,Egypt,2020-10-03,20.4
Cairo,Egypt,2016-11-14,14.5
Cairo,Egypt,2020-01-25,10.3
Cairo,Egypt,2016-04-24,26.1
Cairo,Egypt,2018-09-08,24.5
Cairo,Egypt,2016-09-24,24.2
Cairo,Egypt,2018-05-17,28.7
Cairo,Egypt,2019-06-20,31.6
Cairo,Egypt,2018-02-07,12.3
Cairo,Egypt,2016-05-12,30.1
Cairo,Egypt,2018-09-11,23.8
Cairo,Egypt,2022-05-02,35.0
Cairo,Egypt,2016-07-02,30.0
Cairo,Egypt,2016-07-06,31.8
Cairo,Egypt,2016-07-15,30.7
Cairo,Egypt,2016-02-04,19.0
Cairo,Egypt,2019-12-31,11.7
Cairo,Egypt,2021-08-10,24.8
Cairo,Egypt,2018-03-09,19.1
Cairo,Egypt,2019-12-28,13.4
Cairo,Egypt,2017-06-14,33.1
Cairo,Egypt,2020-07-26,30.7
Cairo,Egypt,2024-04-24,26.1
Cairo,Egypt,2024-09-09,24.6
Cairo,Egypt,2017-09-07,28.7
Cairo,Egypt,2021-05-07,30.8
Cairo,Egypt,2022-07-29,31.7
Cairo,Egypt,2017-10-22,16.6
Cairo,Egypt,2017-09-12,23.9
Cairo,Egypt,2023-01-07,11.2
Cairo,Egypt,2017-01-17,14.0
Cairo,Egypt,2018-06-02,32.4
Cairo,Egypt,2025-01-20,12.4
Cairo,Egypt,2024-01-22,12.1
Cairo,Egypt,2017-10-21,19.5
Cairo,Egypt,2024-03-03,18.9
Cairo,Egypt,2022-10-29,13.2
Cairo,Egypt,2019-10-30,12.0
Cairo,Egypt,2021-01-06,12.3
Cairo,Egypt,2020-01-15,10.7
Cairo,Egypt,2022-12-28,12.9
Cairo,Egypt,2025-12-27,9.9
Cairo,Egypt,2023-12-29,11.9
Cairo,Egypt,2018-05-05,28.0
Cairo,Egypt,2022-11-05,10.9
Cairo,Egypt,2022-05-11,27.6
Cairo,Egypt,2023-01-15,13.4
Cairo,Egypt,2016-03-02,18.8
Cairo,Egypt,2017-08-07,30.4
Cairo,Egypt,2025-09-23,20.5
Cairo,Egypt,2024-12-10,11.9
Cairo,Egypt,2017-01-20,12.1
Cairo,Egypt,2021-02-05,12.9
Cairo,Egypt,2017-10-23,21.1
Cairo,Egypt,2016-10-06,19.2
Cairo,Egypt,2016-12-31,13.5
Cairo,Egypt,2016-10-18,18.9
Cairo,Egypt,2018-11-22,16.0
Cairo,Egypt,2021-04-22,31.3
Cairo,Egypt,2020-12-15,11.1
Cairo,Egypt,2023-04-17,31.4
Cairo,Egypt,2022-05-18,29.4
Cairo,Egypt,2021-06-22,37.3
Cairo,Egypt,2020-06-30,34.3
Cairo,Egypt,2020-08-02,33.5
Cairo,Egypt,2017-06-12,29.8
Cairo,Egypt,2020-12-10,9.1
Cairo,Egypt,2019-07-08,36.0
Cairo,Egypt,2020-03-10,22.1
Cairo,Egypt,2021-01-17,13.7
Cairo,Egypt,2018-12-12,16.1
Cairo,Egypt,2016-06-23,29.2
Cairo,Egypt,2022-12-17,12.2
Cairo,Egypt,2024-11-12,13.7
Cairo,Egypt,2018-09-29,20.3
Cairo,Egypt,2017-09-25,19.4
Cairo,Egypt,2025-07-26,33.2
Cairo,Egypt,2022-05-24,33.4
Cairo,Egypt,2020-06-23,34.4
Cairo,Egypt,2025-10-20,16.2
Cairo,Egypt,2021-03-08,18.8
Cairo,Egypt,2021-04-02,22.8
Cairo,Egypt,2023-03-16,17.6
Cairo,Egypt,2017-03-22,21.6
Cairo,Egypt,2016-12-17,11.9
Cairo,Egypt,2020-06-13,34.3
Cairo,Egypt,2024-08-12,27.5
Cairo,Egypt,2016-09-21,23.2
Cairo,Egypt,2019-07-23,30.5
Cairo,Egypt,2018-05-20,34.1
Cairo,Egypt,2023-11-16,13.4
Cairo,Egypt,2021-02-04,13.6
Cairo,Egypt,2016-06-05,28.4
Cairo,Egypt,2017-08-19,27.1
Cairo,Egypt,2023-03-07,20.2
Cairo,Egypt,2022-09-28,23.8
Cairo,Egypt,2024-09-06,21.8
Cairo,Egypt,2020-01-20,16.1
Cairo,Egypt,2024-11-08,12.3
Cairo,Egypt,2016-08-09,30.8
Cairo,Egypt,2018-05-16,34.7
Cairo,Egypt,2023-09-01,22.6
Cairo,Egypt,2020-09-28,20.7
Cairo,Egypt,2016-12-08,14.6
Cairo,Egypt,2017-08-03,32.6
Cairo,Egypt,2019-05-06,31.0
Cairo,Egypt,2025-10-18,16.7
Cairo,Egypt,2021-11-19,9.3
Cairo,Egypt,2018-05-26,31.6
Cairo,Egypt,2025-04-24,26.9
Cairo,Egypt,2016-08-08,33.6
Cairo,Egypt,2019-11-01,17.8
Cairo,Egypt,2024-06-12,33.0
Cairo,Egypt,2020-09-12,25.3
Cairo,Egypt,2021-05-26,29.3
Cairo,Egypt,2017-10-20,17.8
Cairo,Egypt,2023-10-24,12.6
Cairo,Egypt,2022-05-25,34.0
Cairo,Egypt,2020-05-12,32.1
Cairo,Egypt,2022-09-11,22.1
Cairo,Egypt,2018-03-24,25.4
Cairo,Egypt,2022-11-30,13.6
Cairo,Egypt,2017-08-15,26.5
Cairo,Egypt,2024-03-26,28.6
Cairo,Egypt,2024-04-30,30.9
Cairo,Egypt,2016-02-28,15.4
Cairo,Egypt,2017-09-08,28.7
Cairo,Egypt,2021-08-07,27.4
Cairo,Egypt,2025-09-10,23.2
Cairo,Egypt,2023-07-23,35.2
Cairo,Egypt,2020-07-22,31.7
Cairo,Egypt,2021-01-19,16.0
Cairo,Egypt,2025-05-02,31.3
Cairo,Egypt,2023-03-02,16.5
Cairo,Egypt,2022-06-27,34.6
Cairo,Egypt,2018-02-07,15.8
Cairo,Egypt,2020-09-17,22.0
Cairo,Egypt,2022-09-27,18.2
Cairo,Egypt,2020-03-26,23.6
Cairo,Egypt,2018-02-21,18.5
Cairo,Egypt,2023-08-15,28.8
Cairo,Egypt,2025-02-15,16.0
Cairo,Egypt,2020-01-30,18.2
Cairo,Egypt,2021-08-18,29.1
Cairo,Egypt,2025-03-08,21.8
Cairo,Egypt,2023-04-11,23.8
Cairo,Egypt,2021-02-10,13.8
Cairo,Egypt,2025-04-15,27.8
Cairo,Egypt,2022-01-30,9.1
Cairo,Egypt,2019-10-07,22.0
Cairo,Egypt,2017-04-09,27.7
Cairo,Egypt,2020-03-08,18.9
Cairo,Egypt,2017-12-25,10.4
Cairo,Egypt,2020-11-20,12.6
Cairo,Egypt,2020-04-11,25.6
Cairo,Egypt,2023-08-18,31.5
Cairo,Egypt,2020-11-26,10.4
Cairo,Egypt,2025-08-11,27.4
Cairo,Egypt,2017-02-10,19.0
Cairo,Egypt,2017-03-01,18.4
Cairo,Egypt,2017-01-02,10.1
Cairo,Egypt,2020-08-11,27.3
Cairo,Egypt,2017-02-28,15.0
Cairo,Egypt,2022-02-09,15.3
Cairo,Egypt,2017-02-12,14.1
Cairo,Egypt,2025-01-13,10.6
Cairo,Egypt,2016-05-13,29.2
Cairo,Egypt,2018-05-17,28.1
Cairo,Egypt,2018-07-01,33.8
Cairo,Egypt,2017-04-13,23.9
Cairo,Egypt,2018-03-12,23.5
Cairo,Egypt,2019-12-07,8.0
Cairo,Egypt,2024-11-25,14.3
Cairo,Egypt,2025-03-14,19.8
Cairo,Egypt,2023-03-26,22.2
Cairo,Egypt,2016-02-01,11.1
Cairo,Egypt,2020-03-14,21.5
Cairo,Egypt,2019-01-01,9.4
Cairo,Egypt,2025-11-11,13.1
Cairo,Egypt,2024-11-30,10.7
Cairo,Egypt,2020-08-25,27.2
Cairo,Egypt,2020-08-25,27.1
Cairo,Egypt,2016-05-13,32.3
Cairo,Egypt,2020-03-13,21.0
Cairo,Egypt,2025-06-05,34.5
Cairo,Egypt,2022-09-23,18.8
Cairo,Egypt,2019-07-24,29.3
Cairo,Egypt,2020-10-27,20.4
Cairo,Egypt,2018-09-17,21.4
Cairo,Egypt,2022-11-29,11.6
Cairo,Egypt,2023-03-24,22.2
Cairo,Egypt,2022-06-24,33.9
Cairo,Egypt,2020-10-23,18.6
Cairo,Egypt,2024-03-01,20.7
Cairo,Egypt,2017-12-12,10.2
Cairo,Egypt,2017-10-10,20.0
Cairo,Egypt,2020-11-26,12.8
Cairo,Egypt,2017-06-01,35.9
Cairo,Egypt,2021-08-27,29.1
Cairo,Egypt,2020-05-24,34.0
Cairo,Egypt,2025-06-15,33.8
Cairo,Egypt,2025-05-22,27.5
Cairo,Egypt,2022-03-14,21.8
Cairo,Egypt,2017-01-16,14.0
Cairo,Egypt,2017-01-17,12.9
Cairo,Egypt,2024-08-20,28.2
Cairo,Egypt,2022-08-27,28.7
Cairo,Egypt,2022-02-04,16.9
Cairo,Egypt,2016-11-18,12.8
Cairo,Egypt,2024-03-26,23.1
Cairo,Egypt,2017-06-18,36.3
Cairo,Egypt,2024-09-20,22.3
Cairo,Egypt,2020-01-06,13.0
Cairo,Egypt,2018-06-27,36.1
Cairo,Egypt,2019-05-01,30.7
Cairo,Egypt,2024-02-22,20.9
Cairo,Egypt,2024-09-29,21.5
Cairo,Egypt,2018-12-02,10.3
Cairo,Egypt,2023-05-24,32.9
Cairo,Egypt,2017-08-11,29.9
Cairo,Egypt,2023-01-13,18.0
Cairo,Egypt,2025-09-20,23.6
Cairo,Egypt,2017-02-27,21.7
Cairo,Egypt,2017-05-17,34.4
Cairo,Egypt,2017-03-14,21.8
Cairo,Egypt,2018-01-09,13.3
Cairo,Egypt,2017-01-15,15.9
Cairo,Egypt,2025-05-26,34.1
Cairo,Egypt,2018-05-01,27.6
Cairo,Egypt,2016-03-30,25.5
Cairo,Egypt,2020-08-21,32.5
Cairo,Egypt,2016-11-08,16.6
Cairo,Egypt,2018-05-11,30.0
Cairo,Egypt,2019-07-08,31.3
Cairo,Egypt,2023-02-08,18.2
Cairo,Egypt,2018-01-06,9.9
Cairo,Egypt,2019-05-08,31.6
Cairo,Egypt,2022-05-12,31.0
Cairo,Egypt,2023-01-29,13.4
Cairo,Egypt,2019-11-05,14.5
Cairo,Egypt,2019-11-21,10.2
Cairo,Egypt,2022-02-16,16.6
Cairo,Egypt,2016-01-21,14.8
Cairo,Egypt,2017-05-13,33.8
Cairo,Egypt,2018-02-28,16.4
Cairo,Egypt,2021-10-22,15.4
Cairo,Egypt,2021-09-27,21.5
Cairo,Egypt,2020-02-03,13.1
Cairo,Egypt,2017-04-15,27.2
Cairo,Egypt,2017-07-21,31.9
Sydney,Australia,2018-06-19,13.7
Sydney,Australia,2017-06-02,12.9
Sydney,Australia,2019-01-01,24.7
Sydney,Australia,2017-01-11,25.9
Sydney,Australia,2019-11-28,23.7
Sydney,Australia,2021-03-28,14.6
Sydney,Australia,2024-05-10,13.5
Sydney,Australia,2020-06-26,9.0
Sydney,Australia,2018-03-01,20.6
Sydney,Australia,2025-06-27,12.4
Sydney,Australia,2025-12-13,23.9
Sydney,Australia,2017-02-25,16.0
Sydney,Australia,2022-07-18,12.4
Sydney,Australia,2017-11-09,20.6
Sydney,Australia,2024-11-26,25.3
Sydney,Australia,2020-11-10,26.4
Sydney,Australia,2025-11-25,21.7
Sydney,Australia,2019-01-17,25.2
Sydney,Australia,2025-02-23,20.8
Sydney,Australia,2020-04-17,15.8
Sydney,Australia,2020-10-24,22.4
Sydney,Australia,2023-02-04,24.8
Sydney,Australia,2025-03-10,20.6
Sydney,Australia,2016-05-18,12.6
Sydney,Australia,2021-09-25,18.4
Sydney,Australia,2022-10-09,22.2
Sydney,Australia,2025-04-09,19.5
Sydney,Australia,2021-12-12,21.5
Sydney,Australia,2019-12-13,24.1
Sydney,Australia,2025-01-26,24.3
Sydney,Australia,2019-08-14,12.6
Sydney,Australia,2018-10-01,19.7
Sydney,Australia,2016-10-24,22.3
Sydney,Australia,2017-08-17,15.9
Sydney,Australia,2024-09-27,18.7
Sydney,Australia,2023-09-20,18.1
Sydney,Australia,2016-02-14,21.8
Sydney,Australia,2022-05-13,11.2
Sydney,Australia,2024-12-01,24.0
Sydney,Australia,2016-09-28,20.2
Sydney,Australia,2020-04-28,13.5
Sydney,Australia,2018-06-09,12.5
Sydney,Australia,2017-02-25,18.0
Sydney,Australia,2025-11-27,23.2
Sydney,Australia,2025-01-20,24.6
Sydney,Australia,2023-04-01,16.3
Sydney,Australia,2020-09-23,17.4
Sydney,Australia,2025-02-13,20.3
Sydney,Australia,2019-08-04,13.0
Sydney,Australia,2021-07-16,12.2
Sydney,Australia,2021-08-04,14.4
Sydney,Australia,2017-05-03,13.9
Sydney,Australia,2017-05-23,9.3
Sydney,Australia,2022-08-18,14.9
Sydney,Australia,2020-04-17,15.0
Sydney,Australia,2016-03-14,19.3
Sydney,Australia,2023-03-21,18.7
Sydney,Australia,2016-01-20,21.5
Sydney,Australia,2021-03-06,19.2
Sydney,Australia,2020-07-07,15.0
Sydney,Australia,2016-05-31,15.0
Sydney,Australia,2016-06-09,8.4
Sydney,Australia,2019-10-13,20.1
Sydney,Australia,2017-01-24,23.3
Sydney,Australia,2025-04-22,15.6
Sydney,Australia,2019-01-30,20.4
Sydney,Australia,2019-07-23,12.0
Sydney,Australia,2022-03-29,15.2
Sydney,Australia,2024-09-07,15.3
Sydney,Australia,2020-05-30,14.0
Sydney,Australia,2019-05-07,12.4
Sydney,Australia,2025-07-08,9.2
Sydney,Australia,2023-03-10,20.5
Sydney,Australia,2020-03-11,19.1
Sydney,Australia,2022-12-06,25.9
Sydney,Australia,2025-04-04,17.4
Sydney,Australia,2016-02-12,26.4
Sydney,Australia,2025-08-29,20.1
Sydney,Australia,2023-09-17,17.3
Sydney,Australia,2016-12-26,23.6
Sydney,Australia,2018-02-21,20.8
Sydney,Australia,2025-02-24,17.5
Sydney,Australia,2022-01-10,29.3
Sydney,Australia,2025-09-25,18.1
Sydney,Australia,2016-08-03,12.6
Sydney,Australia,2017-03-29,20.7
Sydney,Australia,2016-07-15,12.3
Sydney,Australia,2019-09-10,16.4
Sydney,Australia,2023-09-18,14.8
Sydney,Australia,2019-01-10,22.2
Sydney,Australia,2023-11-01,23.0
Sydney,Australia,2021-03-02,21.4
Sydney,Australia,2017-05-06,16.0
Sydney,Australia,2024-06-11,13.9
Sydney,Australia,2022-07-20,15.8
Sydney,Australia,2020-08-19,10.9
Sydney,Australia,2023-02-21,20.5
Sydney,Australia,2021-12-01,24.9
Sydney,Australia,2018-09-12,14.3
Sydney,Australia,2019-02-23,19.8
Sydney,Australia,2019-08-11,13.8
Sydney,Australia,2017-01-11,22.3
Sydney,Australia,2018-12-16,25.3
Sydney,Australia,2019-12-16,21.8
Sydney,Australia,2022-04-06,17.1
Sydney,Australia,2023-04-04,15.2
Sydney,Australia,2024-03-30,18.9
Sydney,Australia,2016-11-03,20.4
Sydney,Australia,2021-07-18,12.0
Sydney,Australia,2018-06-04,11.5
Sydney,Australia,2021-04-01,17.4
Sydney,Australia,2017-03-04,19.0
Sydney,Australia,2019-10-26,22.6
Sydney,Australia,2021-12-01,27.1
Sydney,Australia,2021-10-06,21.9
Sydney,Australia,2019-07-01,8.5
Sydney,Australia,2023-12-12,23.8
Sydney,Australia,2021-08-28,15.5
Sydney,Australia,2017-03-08,21.0
Sydney,Australia,2020-01-29,22.8
Sydney,Australia,2020-04-28,17.8
Sydney,Australia,2021-10-04,18.9
Sydney,Australia,2018-04-11,16.0
Sydney,Australia,2019-02-12,21.1
Sydney,Australia,2020-09-28,19.8
Sydney,Australia,2025-10-02,20.8
Sydney,Australia,2022-06-22,10.3
Sydney,Australia,2025-10-28,21.2
Sydney,Australia,2017-03-14,19.0
Sydney,Australia,2021-03-02,19.0
Sydney,Australia,2018-02-05,22.7
Sydney,Australia,2021-12-14,27.2
Sydney,Australia,2021-01-28,23.0
Sydney,Australia,2022-03-04,21.0
Sydney,Australia,2016-12-10,24.0
Sydney,Australia,2020-06-13,12.2
Sydney,Australia,2021-08-18,12.5
Sydney,Australia,2020-12-12,25.7
Sydney,Australia,2019-01-21,23.6
Sydney,Australia,2020-04-15,15.6
Sydney,Australia,2024-03-17,19.7
Sydney,Australia,2018-02-14,21.6
Sydney,Australia,2020-07-07,12.0
Sydney,Australia,2022-10-24,23.2
Sydney,Australia,2021-07-14,10.5
Sydney,Australia,2016-07-23,11.9
Sydney,Australia,2023-04-01,16.9
Sydney,Australia,2017-04-16,16.1
Sydney,Australia,2016-08-05,15.1
Sydney,Australia,2018-09-04,14.3
Sydney,Australia,2016-09-26,17.1
Sydney,Australia,2025-11-24,23.9
Sydney,Australia,2022-12-15,24.3
Sydney,Australia,2020-05-28,9.7
Sydney,Australia,2017-02-18,22.4
Sydney,Australia,2023-10-04,23.2
Sydney,Australia,2019-01-03,23.6
Sydney,Australia,2018-04-13,15.5
Sydney,Australia,2019-11-24,22.2
Sydney,Australia,2019-03-25,15.4
Sydney,Australia,2024-03-24,19.0
Sydney,Australia,2023-11-09,23.2
Sydney,Australia,2022-12-23,23.3
Sydney,Australia,2023-09-18,17.8
Sydney,Australia,2018-09-04,17.4
Sydney,Australia,2017-11-13,26.2
Sydney,Australia,2018-02-06,21.8
Sydney,Australia,2016-02-22,23.2
Sydney,Australia,2023-06-21,9.2
Sydney,Australia,2017-12-28,25.2
Sydney,Australia,2018-12-16,25.9
Sydney,Australia,2024-07-11,10.6
Sydney,Australia,2025-07-26,14.0
Sydney,Australia,2021-04-24,14.4
Sydney,Australia,2022-07-16,15.7
Sydney,Australia,2021-04-19,14.9
Sydney,Australia,2017-03-24,18.2
Sydney,Australia,2023-08-17,14.1
Sydney,Australia,2019-04-05,17.7
Sydney,Australia,2017-11-16,21.6
Sydney,Australia,2024-06-19,11.5
Sydney,Australia,2019-06-01,12.2
Sydney,Australia,2025-01-05,24.6
Sydney,Australia,2024-03-28,15.1
Sydney,Australia,2019-12-07,26.3
Sydney,Australia,2021-06-15,11.0
Sydney,Australia,2018-11-04,22.6
Sydney,Australia,2019-12-15,25.2
Sydney,Australia,2019-05-18,11.2
Sydney,Australia,2024-09-07,12.3
Sydney,Australia,2023-06-12,13.8
Sydney,Australia,2022-09-06,12.8
Sydney,Australia,2021-06-06,13.6
Sydney,Australia,2024-03-01,22.4
Sydney,Australia,2023-03-05,25.6
Sydney,Australia,2025-08-08,13.9
Sydney,Australia,2018-06-21,10.4
Sydney,Australia,2021-08-01,11.7
Sydney,Australia,2016-05-06,13.2
Sydney,Australia,2020-10-30,25.7
Sydney,Australia,2020-01-12,24.8
Sydney,Australia,2020-03-27,18.2
Sydney,Australia,2023-03-01,21.8
Sydney,Australia,2023-01-11,25.6
Sydney,Australia,2023-08-12,9.3
Sydney,Australia,2025-10-28,20.9
Sydney,Australia,2021-11-28,26.4
Sydney,Australia,2019-11-29,28.4
Sydney,Australia,2025-12-16,23.7
Sydney,Australia,2019-02-05,25.3
Sydney,Australia,2019-06-20,12.0
Sydney,Australia,2023-11-14,26.0
Sydney,Australia,2019-11-07,23.6
Sydney,Australia,2024-12-01,23.7
Sydney,Australia,2021-02-06,19.6
Sydney,Australia,2019-11-22,22.7
Sydney,Australia,2019-03-27,17.7
Sydney,Australia,2023-09-08,16.6
Sydney,Australia,2017-08-25,13.7
Sydney,Australia,2019-04-01,17.1
Sydney,Australia,2022-12-30,23.8
Sydney,Australia,2021-06-17,10.6
Sydney,Australia,2019-03-26,19.1
Sydney,Australia,2021-02-02,23.9
Sydney,Australia,2016-06-16,11.8
Sydney,Australia,2017-05-20,15.8
Sydney,Australia,2016-08-05,12.8
Sydney,Australia,2019-12-13,24.9
Sydney,Australia,2023-05-28,12.0
Sydney,Australia,2017-07-18,11.1
Sydney,Australia,2019-12-05,27.3
Sydney,Australia,2021-08-18,11.7
Sydney,Australia,2023-06-18,13.5
Sydney,Australia,2016-12-18,24.3
Sydney,Australia,2023-12-31,24.1
Sydney,Australia,2018-03-16,25.4
Sydney,Australia,2020-11-04,22.2
Sydney,Australia,2018-06-15,10.6
Sydney,Australia,2016-05-11,10.8
Sydney,Australia,2025-02-06,23.2
Sydney,Australia,2023-08-11,12.1
Sydney,Australia,2017-02-05,21.4
Sydney,Australia,2018-12-06,27.1
Sydney,Australia,2017-12-10,23.6
Sydney,Australia,2022-04-28,10.1
Sydney,Australia,2025-01-07,26.3
Sydney,Australia,2022-06-26,13.2
Sydney,Australia,2018-10-21,24.0
Sydney,Australia,2017-07-09,10.1
Sydney,Australia,2019-06-03,12.0
Sydney,Australia,2016-12-16,23.6
Sydney,Australia,2021-03-03,24.7
Sydney,Australia,2022-02-13,23.6
Sydney,Australia,2025-05-08,16.2
Sydney,Australia,2020-11-24,26.3
Sydney,Australia,2023-10-14,22.1
Sydney,Australia,2019-07-07,8.2
Sydney,Australia,2020-01-04,24.7
Sydney,Australia,2021-04-02,15.4
Sydney,Australia,2020-08-07,14.9
Sydney,Australia,2021-03-04,22.7
Sydney,Australia,2024-08-06,13.5
Sydney,Australia,2020-09-20,18.9
Sydney,Australia,2019-05-23,12.5
Sydney,Australia,2024-10-27,22.2
Sydney,Australia,2017-06-05,13.7
Sydney,Australia,2022-12-18,22.5
Sydney,Australia,2019-04-16,14.5
Sydney,Australia,2016-08-07,13.2
Sydney,Australia,2020-07-08,9.3
Sydney,Australia,2023-07-07,14.9
Sydney,Australia,2025-10-23,21.8
Sydney,Australia,2021-10-22,20.9
Sydney,Australia,2016-08-12,13.8
Sydney,Australia,2019-01-11,26.0
Sydney,Australia,2019-09-27,16.1
Sydney,Australia,2022-08-31,16.8
Sydney,Australia,2021-05-26,12.7
Sydney,Australia,2023-09-29,18.6
Sydney,Australia,2024-04-20,15.2
Sydney,Australia,2022-07-22,10.4
Sydney,Australia,2016-08-05,10.1
Sydney,Australia,2023-11-13,23.8
Sydney,Australia,2024-04-20,15.7
Sydney,Australia,2021-07-21,14.6
Sydney,Australia,2023-03-05,23.3
Sydney,Australia,2025-07-22,13.5
Sydney,Australia,2024-01-24,26.2
Sydney,Australia,2016-01-27,24.6
Sydney,Australia,2018-04-02,14.1
Sydney,Australia,2017-04-14,16.4
Sydney,Australia,2025-11-13,24.0
Sydney,Australia,2017-05-10,11.3
Sydney,Australia,2017-02-28,20.5
Sydney,Australia,2021-04-24,16.7
Sydney,Australia,2020-05-19,12.5
Sydney,Australia,2016-08-15,15.4
Sydney,Australia,2021-06-04,10.6
Sydney,Australia,2018-01-23,25.6
Sydney,Australia,2022-02-17,18.4
Sydney,Australia,2018-12-02,25.9
Sydney,Australia,2025-08-20,11.6
Sydney,Australia,2023-05-19,10.6
Sydney,Australia,2023-02-18,20.3
Sydney,Australia,2016-03-29,18.6
Sydney,Australia,2023-05-16,15.8
Sydney,Australia,2018-09-12,18.5
Sydney,Australia,2022-02-17,24.7
Sydney,Australia,2018-03-31,15.4
Sydney,Australia,2023-06-27,11.3
Sydney,Australia,2017-02-13,24.5
Sydney,Australia,2023-06-27,10.4
Sydney,Australia,2019-02-01,20.9
Sydney,Australia,2017-03-15,20.9
Sydney,Australia,2021-03-15,17.1
Sydney,Australia,2016-04-24,15.3
Sydney,Australia,2019-03-06,17.5
Sydney,Australia,2016-02-15,22.7
Sydney,Australia,2022-07-05,10.2
Sydney,Australia,2023-05-15,15.2
Sydney,Australia,2022-12-14,20.8
Sydney,Australia,2019-12-23,26.5
Sydney,Australia,2017-07-24,8.9
Sydney,Australia,2019-02-08,23.3
Sydney,Australia,2016-02-07,24.6
Sydney,Australia,2025-08-06,12.8
Sydney,Australia,2025-08-27,13.2
Sydney,Australia,2023-12-02,24.6
Sydney,Australia,2021-11-20,23.4
Sydney,Australia,2023-05-10,13.3
Sydney,Australia,2017-09-12,15.0
Sydney,Australia,2019-10-21,24.0
Sydney,Australia,2021-02-25,20.2
Sydney,Australia,2019-02-14,18.7
Sydney,Australia,2024-10-20,21.6
Sydney,Australia,2020-06-01,9.7
Sydney,Australia,2016-10-06,22.4
Sydney,Australia,2020-03-22,16.5
Sydney,Australia,2021-04-16,14.2
Sydney,Australia,2023-12-12,24.1
Sydney,Australia,2021-09-07,16.7
Sydney,Australia,2017-06-14,8.7
Sydney,Australia,2023-10-29,20.0
Sydney,Australia,2019-11-26,28.8
Sydney,Australia,2022-07-22,10.4
Sydney,Australia,2016-07-03,9.8
Sydney,Australia,2016-04-30,14.3
Sydney,Australia,2017-01-30,22.5
Sydney,Australia,2023-06-17,14.7
Sydney,Australia,2021-05-05,16.1
Sydney,Australia,2019-08-18,14.5
Sydney,Australia,2025-01-24,18.2
Sydney,Australia,2024-03-19,18.6
Sydney,Australia,2025-11-16,22.8
Sydney,Australia,2017-12-13,24.7
Sydney,Australia,2020-09-16,15.5
Sydney,Australia,2016-09-20,19.4
Sydney,Australia,2016-06-02,11.9
Sydney,Australia,2025-06-30,11.1
Sydney,Australia,2020-03-13,16.9
Sydney,Australia,2022-10-20,21.0
Sydney,Australia,2017-12-13,24.6
Sydney,Australia,2019-08-08,14.9
Sydney,Australia,2017-06-29,12.4
Sydney,Australia,2023-02-23,20.0
Sydney,Australia,2018-10-31,21.8
Sydney,Australia,2021-07-04,9.6
Sydney,Australia,2018-04-04,17.2
Sydney,Australia,2024-04-27,15.8
Sydney,Australia,2025-01-25,26.9
Sydney,Australia,2024-11-09,24.2
Sydney,Australia,2023-01-20,26.6
Sydney,Australia,2023-07-01,11.5
Sydney,Australia,2017-07-29,12.7
Sydney,Australia,2016-01-22,22.7
Sydney,Australia,2022-02-16,23.5
Sydney,Australia,2025-09-10,17.8
Sydney,Australia,2024-03-08,20.2
Sydney,Australia,2024-03-02,18.9
Sydney,Australia,2025-05-02,11.7
Sydney,Australia,2018-04-29,11.8
Sydney,Australia,2019-12-13,24.0
Sydney,Australia,2019-12-31,23.0
Sydney,Australia,2017-07-18,10.0
Sydney,Australia,2024-12-27,26.9
Sydney,Australia,2020-03-20,19.1
Sydney,Australia,2025-10-19,21.9
Sydney,Australia,2024-10-09,20.6
Sydney,Australia,2021-10-19,20.9
Sydney,Australia,2018-08-02,13.6
Sydney,Australia,2016-07-29,11.0
Sydney,Australia,2018-07-06,10.1
Sydney,Australia,2025-03-18,22.8
Sydney,Australia,2018-10-26,20.3
Sydney,Australia,2020-05-18,11.9
Sydney,Australia,2025-10-09,19.4
Sydney,Australia,2017-10-08,20.8
Sydney,Australia,2022-06-14,10.9
Sydney,Australia,2018-09-15,20.0
Sydney,Australia,2021-08-10,9.6
Sydney,Australia,2019-07-02,10.6
Sydney,Australia,2023-10-28,22.5
Sydney,Australia,2025-12-31,26.6
Sydney,Australia,2018-12-13,26.4
Sydney,Australia,2023-04-29,15.6
Sydney,Australia,2018-12-04,25.0
Sydney,Australia,2018-04-01,15.2
Sydney,Australia,2017-07-24,15.0
Sydney,Australia,2018-04-16,12.0
Sydney,Australia,2024-06-29,10.1
Sydney,Australia,2023-06-10,11.8
Sydney,Australia,2021-07-14,11.1
Sydney,Australia,2016-10-25,22.8
Sydney,Australia,2022-11-03,20.3
Sydney,Australia,2023-11-19,25.8
Sydney,Australia,2019-11-17,20.7
Sydney,Australia,2016-10-16,23.6
Sydney,Australia,2022-11-13,22.7
Sydney,Australia,2016-11-26,26.1
Sydney,Australia,2017-06-14,9.6
Sydney,Australia,2019-01-13,24.3
Sydney,Australia,2021-07-27,11.3
Sydney,Australia,2021-09-10,16.9
Sydney,Australia,2021-05-10,14.7
Sydney,Australia,2019-05-27,12.5
Sydney,Australia,2018-07-21,7.8
Sydney,Australia,2016-03-28,17.7
Sydney,Australia,2024-10-07,19.8
Sydney,Australia,2025-02-05,23.9
Sydney,Australia,2020-04-02,19.2
Sydney,Australia,2023-08-25,14.7
Sydney,Australia,2021-05-28,11.3
Sydney,Australia,2016-08-01,11.2
Sydney,Australia,2017-05-27,13.0
Sydney,Australia,2020-10-26,21.3
Sydney,Australia,2017-04-18,12.5
Sydney,Australia,2020-11-28,26.5
Sydney,Australia,2020-02-15,23.9
Sydney,Australia,2019-12-11,25.6
Sydney,Australia,2016-08-25,16.9
Sydney,Australia,2018-09-02,16.0
Sydney,Australia,2018-07-19,14.4
Sydney,Australia,2020-08-18,14.1
Sydney,Australia,2024-11-22,20.0
Sydney,Australia,2022-01-05,19.2
Sydney,Australia,2016-03-02,17.8
Sydney,Australia,2025-10-16,20.2
Sydney,Australia,2016-11-09,19.7
Sydney,Australia,2016-08-20,15.3
Sydney,Australia,2016-06-28,12.0
Sydney,Australia,2019-07-10,9.6
Sydney,Australia,2018-09-27,21.0
Sydney,Australia,2019-04-12,17.0
Sydney,Australia,2023-05-17,13.8
Sydney,Australia,2017-05-16,11.9
Sydney,Australia,2022-02-04,22.4
Sydney,Australia,2018-04-23,11.2
Sydney,Australia,2020-01-02,25.0
Sydney,Australia,2025-08-18,14.7
Sydney,Australia,2020-02-11,25.5
Sydney,Australia,2024-09-30,15.3
Sydney,Australia,2018-09-27,17.4
Sydney,Australia,2021-11-27,25.8
Sydney,Australia,2022-01-26,22.6
Sydney,Australia,2021-08-24,16.2
Sydney,Australia,2020-08-09,14.5
Sydney,Australia,2023-11-29,26.7
Sydney,Australia,2016-11-17,23.2
Sydney,Australia,2018-04-13,18.8
Sydney,Australia,2021-11-03,20.7
Sydney,Australia,2018-08-02,11.8
Sydney,Australia,2017-05-17,14.7
Sydney,Australia,2020-03-05,19.4
Sydney,Australia,2016-05-26,8.2
Sydney,Australia,2018-08-20,13.4
Sydney,Australia,2021-02-01,20.5
Sydney,Australia,2017-04-12,19.4
Sydney,Australia,2019-01-12,25.0
Sydney,Australia,2019-02-12,20.9
Sydney,Australia,2016-12-12,24.0
Sydney,Australia,2016-09-01,15.2
Sydney,Australia,2021-07-21,14.6
Sydney,Australia,2016-03-18,19.7
Sydney,Australia,2016-06-30,9.6
Sydney,Australia,2018-07-08,11.6
Sydney,Australia,2020-10-31,23.7
Sydney,Australia,2021-12-21,26.6
Sydney,Australia,2022-01-27,24.2
Sydney,Australia,2024-07-22,11.7
Sydney,Australia,2022-10-29,22.6
Sydney,Australia,2024-06-17,14.6
Sydney,Australia,2018-12-11,22.1
Sydney,Australia,2025-01-31,23.4
Sydney,Australia,2016-04-22,13.0
Sydney,Australia,2019-10-28,21.7
Sydney,Australia,2025-09-16,14.6
Sydney,Australia,2020-10-17,22.0
Sydney,Australia,2024-06-08,6.7
Sydney,Australia,2016-08-21,15.4
Sydney,Australia,2024-02-02,20.8
Sydney,Australia,2023-08-08,11.7
Sydney,Australia,2021-12-30,30.9
Sydney,Australia,2021-03-13,16.3
Sydney,Australia,2024-08-15,15.4
Sydney,Australia,2021-10-26,21.6
Sydney,Australia,2021-03-29,22.3
Sydney,Australia,2024-05-12,14.1
Sydney,Australia,2016-03-03,20.1
Sydney,Australia,2019-02-23,22.7
Sydney,Australia,2016-12-16,20.3
Sydney,Australia,2018-10-20,21.5
Sydney,Australia,2022-05-28,10.0
Sydney,Australia,2020-06-04,12.9
Sydney,Australia,2019-01-05,25.2
Sydney,Australia,2023-05-24,11.8
Sydney,Australia,2024-08-26,18.0
Sydney,Australia,2022-10-26,23.6
Sydney,Australia,2023-05-30,11.7
Sydney,Australia,2019-08-07,15.1
Sydney,Australia,2020-12-22,21.7
Sydney,Australia,2021-03-10,19.8
Sydney,Australia,2016-05-31,11.5
Sydney,Australia,2020-01-09,20.8
Sydney,Australia,2018-06-11,11.6
Sydney,Australia,2020-07-31,17.0
Sydney,Australia,2019-02-06,24.6
Sydney,Australia,2022-11-04,18.1
Sydney,Australia,2020-12-09,23.3
Sydney,Australia,2018-01-06,24.6
Sydney,Australia,2018-11-29,28.0
Sydney,Australia,2025-09-29,17.5
Sydney,Australia,2017-12-15,25.0
Sydney,Australia,2017-08-24,16.7
Sydney,Australia,2018-08-11,11.3
Sydney,Australia,2017-04-13,14.8
Sydney,Australia,2021-09-06,15.1
Sydney,Australia,2025-08-25,13.2
Sydney,Australia,2022-03-16,19.4
Sydney,Australia,2024-01-17,25.0
Sydney,Australia,2018-11-27,29.3
Sydney,Australia,2018-11-20,27.8
Sydney,Australia,2025-07-11,11.8
Sydney,Australia,2019-12-18,24.4
Sydney,Australia,2018-08-19,14.1
Sydney,Australia,2019-12-03,26.5
Sydney,Australia,2017-04-08,17.6
Sydney,Australia,2021-09-24,19.5
Sydney,Australia,2022-05-25,12.4
Sydney,Australia,2020-03-01,21.9
Sydney,Australia,2016-10-19,18.7
Sydney,Australia,2023-03-14,17.6
Sydney,Australia,2016-04-11,16.3
Sydney,Australia,2019-08-30,13.9
Sydney,Australia,2020-07-29,11.3
Sydney,Australia,2023-04-24,10.9
Sydney,Australia,2019-04-19,18.2
Sydney,Australia,2022-12-22,26.9
Sydney,Australia,2019-04-06,16.7
Sydney,Australia,2017-09-06,16.6
Sydney,Australia,2022-10-30,22.1
Sydney,Australia,2018-05-16,13.2
Sydney,Australia,2024-10-03,17.3
Sydney,Australia,2024-04-27,11.3
Sydney,Australia,2019-11-10,23.1
Sydney,Australia,2018-05-30,9.6
Sydney,Australia,2023-05-15,14.3
Sydney,Australia,2024-02-22,23.3
Sydney,Australia,2023-04-13,18.2
Sydney,Australia,2016-11-17,28.7
Sydney,Australia,2018-07-08,9.9
Sydney,Australia,2022-05-04,10.7
Sydney,Australia,2022-02-23,21.2
Sydney,Australia,2024-03-25,14.8
Sydney,Australia,2025-07-03,12.7
Sydney,Australia,2025-11-07,22.4
Sydney,Australia,2021-04-18,14.8
Sydney,Australia,2023-05-24,9.7
Sydney,Australia,2019-01-07,24.4
Sydney,Australia,2018-03-09,20.5
Sydney,Australia,2018-09-26,17.1
Sydney,Australia,2019-09-08,16.6
Sydney,Australia,2020-01-22,27.4
Sydney,Australia,2018-08-03,9.6
Sydney,Australia,2017-04-17,16.0
Sydney,Australia,2023-10-09,20.3
Sydney,Australia,2025-11-14,26.8
Sydney,Australia,2020-08-06,11.9
Sydney,Australia,2021-09-02,17.1
Sydney,Australia,2016-11-09,25.8
Sydney,Australia,2022-10-14,19.2
Sydney,Australia,2018-08-01,10.6
Sydney,Australia,2022-05-21,12.7
Sydney,Australia,2025-04-13,16.0
Sydney,Australia,2022-01-11,23.6
Sydney,Australia,2018-09-30,19.4
Sydney,Australia,2022-07-23,10.0
Sydney,Australia,2023-06-20,12.0
Sydney,Australia,2019-03-21,19.4
Sydney,Australia,2019-10-31,22.1
Sydney,Australia,2020-09-20,18.7
Sydney,Australia,2021-08-30,18.0
Sydney,Australia,2023-02-04,22.8
Sydney,Australia,2025-11-19,24.5
Sydney,Australia,2025-10-29,18.0
Sydney,Australia,2021-02-02,24.2
Sydney,Australia,2018-12-14,25.0
Sydney,Australia,2024-08-01,8.3
Sydney,Australia,2024-04-30,12.1
Sydney,Australia,2017-02-17,22.2
Sydney,Australia,2020-11-02,23.1
Sydney,Australia,2016-04-08,13.7
Sydney,Australia,2017-06-26,5.4
Sydney,Australia,2021-10-10,23.2
Sydney,Australia,2020-09-25,15.2
Sydney,Australia,2019-12-22,27.2
Sydney,Australia,2018-09-15,19.5
Sydney,Australia,2023-12-26,24.5
Sydney,Australia,2025-04-01,18.6
Sydney,Australia,2019-10-10,17.9
Sydney,Australia,2024-02-06,21.4
Sydney,Australia,2016-07-04,15.2
Sydney,Australia,2021-01-12,26.5
Sydney,Australia,2020-08-01,10.4
Sydney,Australia,2020-11-19,21.6
Sydney,Australia,2019-03-30,17.3
Sydney,Australia,2024-03-23,14.7
Sydney,Australia,2018-01-21,23.6
Sydney,Australia,2025-03-13,16.5
Sydney,Australia,2021-09-17,21.2
Sydney,Australia,2022-08-28,17.3
Sydney,Australia,2022-08-26,13.0
Sydney,Australia,2020-04-02,18.8
Sydney,Australia,2019-08-05,10.7
Sydney,Australia,2022-08-05,13.8
Sydney,Australia,2019-02-18,22.6
Sydney,Australia,2019-05-02,13.2
Sydney,Australia,2021-07-13,10.1
Sydney,Australia,2021-11-21,26.2
Sydney,Australia,2022-07-02,6.5
Sydney,Australia,2019-03-14,18.8
Sydney,Australia,2019-08-15,11.3
Sydney,Australia,2017-08-09,15.5
Sydney,Australia,2016-06-20,12.3
Sydney,Australia,2024-03-13,16.0
Sydney,Australia,2018-05-12,11.2
Sydney,Australia,2025-11-11,24.0
Sydney,Australia,2022-11-25,23.6
Sydney,Australia,2017-11-09,24.9
Sydney,Australia,2017-04-30,13.2
Sydney,Australia,2018-07-05,13.4
Sydney,Australia,2025-12-05,27.0
Sydney,Australia,2018-11-28,28.6
Sydney,Australia,2022-10-18,21.2
Sydney,Australia,2023-06-22,6.5
Sydney,Australia,2019-02-15,22.9
Sydney,Australia,2025-05-28,12.7
Sydney,Australia,2021-09-14,17.1
Sydney,Australia,2016-06-11,10.6
Sydney,Australia,2025-12-27,21.5
Sydney,Australia,2016-01-28,22.7
Sydney,Australia,2021-06-23,11.2
Sydney,Australia,2018-04-12,15.2
Sydney,Australia,2019-02-28,23.1
Sydney,Australia,2024-03-17,17.6
Sydney,Australia,2020-12-27,21.2
Sydney,Australia,2019-04-23,13.9
Sydney,Australia,2017-03-24,16.9
Sydney,Australia,2017-05-06,8.8
Sydney,Australia,2020-12-25,26.8
Sydney,Australia,2016-12-21,23.5
Sydney,Australia,2025-09-11,17.8
Sydney,Australia,2023-07-02,12.3
Sydney,Australia,2017-04-22,18.1
Sydney,Australia,2024-05-06,12.4
Sydney,Australia,2024-11-23,24.4
Sydney,Australia,2017-10-03,20.2
Sydney,Australia,2021-09-07,15.2
Sydney,Australia,2024-03-31,18.8
Sydney,Australia,2021-10-01,18.8
Sydney,Australia,2023-09-18,16.9
Sydney,Australia,2019-07-13,11.9
Sydney,Australia,2017-02-15,21.7
Sydney,Australia,2023-11-28,24.9
Sydney,Australia,2025-06-08,9.5
Sydney,Australia,2022-04-05,14.2
Sydney,Australia,2016-05-25,8.3
Sydney,Australia,2023-02-11,21.4
Sydney,Australia,2022-07-29,11.3
Sydney,Australia,2020-03-20,19.2
Sydney,Australia,2018-03-12,18.3
Sydney,Australia,2018-12-22,22.7
Sydney,Australia,2018-02-05,23.4
Sydney,Australia,2024-03-23,16.8
Sydney,Australia,2023-02-13,22.2
Sydney,Australia,2025-10-27,24.1
Sydney,Australia,2024-02-10,23.8
Sydney,Australia,2024-05-27,12.1
Sydney,Australia,2021-07-02,13.2
Sydney,Australia,2022-04-03,14.2
Sydney,Australia,2016-06-07,9.2
Sydney,Australia,2020-09-08,15.5
Sydney,Australia,2023-01-28,21.0
Sydney,Australia,2022-07-19,11.9
Sydney,Australia,2021-12-12,26.7
Sydney,Australia,2023-05-14,16.5
Sydney,Australia,2025-06-05,10.1
Sydney,Australia,2018-08-07,15.2
Sydney,Australia,2021-06-30,9.0
Sydney,Australia,2024-12-07,23.0
Sydney,Australia,2022-02-03,21.2
Sydney,Australia,2021-05-24,11.5
Sydney,Australia,2025-11-17,25.1
Sydney,Australia,2024-06-19,11.2
Sydney,Australia,2021-01-05,22.7
Sydney,Australia,2019-08-25,14.9
Sydney,Australia,2017-12-22,27.1
Sydney,Australia,2021-03-18,21.4
Sydney,Australia,2019-11-24,23.4
Sydney,Australia,2023-10-25,21.0
Sydney,Australia,2025-11-22,24.7
Sydney,Australia,2021-06-04,13.5
Sydney,Australia,2022-09-27,15.3
Sydney,Australia,2020-08-14,13.6
Sydney,Australia,2019-01-02,24.4
Sydney,Australia,2021-09-09,17.4
Sydney,Australia,2020-08-02,16.6
Sydney,Australia,2016-09-06,14.7
Sydney,Australia,2023-07-27,11.6
Sydney,Australia,2019-07-24,8.9
Sydney,Australia,2020-10-07,21.9
Sydney,Australia,2020-06-20,11.0
Sydney,Australia,2021-06-11,11.8
Sydney,Australia,2024-03-01,21.0
Sydney,Australia,2016-07-05,14.0
Sydney,Australia,2019-06-17,9.7
Sydney,Australia,2025-10-26,22.4
Sydney,Australia,2017-11-13,20.1
Sydney,Australia,2017-03-27,16.7
Sydney,Australia,2022-11-17,23.0
Sydney,Australia,2022-01-19,23.5
Sydney,Australia,2016-03-22,18.4
Sydney,Australia,2020-04-02,16.5
Sydney,Australia,2017-01-04,25.2
Sydney,Australia,2019-12-15,23.2
Sydney,Australia,2024-08-06,13.2
Sydney,Australia,2016-07-20,11.1
Sydney,Australia,2021-10-25,22.4
Sydney,Australia,2017-10-05,22.0
Sydney,Australia,2025-05-26,7.9
Sydney,Australia,2018-07-28,11.4
Sydney,Australia,2019-04-03,18.0
Sydney,Australia,2019-09-19,13.6
Sydney,Australia,2020-08-20,15.1
Sydney,Australia,2016-02-25,24.2
Sydney,Australia,2016-05-27,13.5
Sydney,Australia,2021-11-26,21.6
Sydney,Australia,2017-02-23,17.7
Sydney,Australia,2016-06-22,11.0
Sydney,Australia,2017-10-04,19.4
Sydney,Australia,2023-01-30,23.9
Sydney,Australia,2024-08-29,15.2
Sydney,Australia,2024-05-29,11.1
Sydney,Australia,2017-05-21,12.8
Sydney,Australia,2020-06-29,9.3
Sydney,Australia,2017-06-21,12.7
Sydney,Australia,2025-08-31,11.8
Sydney,Australia,2016-12-13,27.0
Sydney,Australia,2023-11-21,25.1
Sydney,Australia,2024-07-19,11.8
Sydney,Australia,2024-04-29,13.3
Sydney,Australia,2025-04-23,10.1
Sydney,Australia,2017-01-26,22.6
Sydney,Australia,2024-04-02,15.0
Sydney,Australia,2025-04-28,12.9
Sydney,Australia,2022-10-16,23.1
Sydney,Australia,2020-10-07,17.3
Sydney,Australia,2021-09-29,18.9
Sydney,Australia,2021-02-22,19.6
Sydney,Australia,2018-04-10,20.1
Sydney,Australia,2022-06-18,14.1
Sydney,Australia,2021-04-14,13.9
Sydney,Australia,2018-06-29,12.5
Sydney,Australia,2020-07-22,9.8
Sydney,Australia,2023-11-18,23.0
Sydney,Australia,2021-12-24,23.0
Sydney,Australia,2021-07-28,12.2
Sydney,Australia,2024-02-28,19.1
Sydney,Australia,2022-02-16,23.1
Sydney,Australia,2024-01-05,25.9
Sydney,Australia,2016-04-11,16.5
Sydney,Australia,2020-06-15,11.3
Sydney,Australia,2021-05-06,11.0
Sydney,Australia,2022-04-25,15.5
Sydney,Australia,2017-08-11,14.5
Sydney,Australia,2025-01-29,22.9
Sydney,Australia,2022-04-16,14.5
Sydney,Australia,2017-11-24,25.5
Sydney,Australia,2022-08-27,19.7
Sydney,Australia,2018-10-20,23.1
Sydney,Australia,2025-05-25,12.8
Sydney,Australia,2021-04-23,10.6
Sydney,Australia,2024-07-12,10.9
Sydney,Australia,2018-08-10,15.5
Sydney,Australia,2020-08-13,14.6
Sydney,Australia,2019-06-29,10.8
Sydney,Australia,2016-05-29,7.8
Sydney,Australia,2019-08-09,12.2
Sydney,Australia,2025-10-09,17.6
Sydney,Australia,2016-01-23,23.8
Sydney,Australia,2022-04-22,15.9
Sydney,Australia,2024-11-29,22.2
Sydney,Australia,2023-04-24,14.5
Sydney,Australia,2018-08-23,13.2
Sydney,Australia,2021-10-08,22.8
Sydney,Australia,2022-03-22,22.0
Sydney,Australia,2016-11-29,19.6
Sydney,Australia,2017-03-06,19.3
Sydney,Australia,2017-06-05,11.7
Sydney,Australia,2024-06-27,13.5
Sydney,Australia,2017-05-12,12.9
Sydney,Australia,2017-11-11,24.7
Sydney,Australia,2017-04-10,19.7
Sydney,Australia,2016-06-08,12.9
Sydney,Australia,2023-01-08,23.1
Sydney,Australia,2025-01-02,23.8
Sydney,Australia,2025-10-20,21.1
Sydney,Australia,2022-02-18,21.5
Sydney,Australia,2017-04-26,14.2
Sydney,Australia,2020-11-18,27.1
Sydney,Australia,2025-11-14,23.5
Sydney,Australia,2023-08-03,12.5
Sydney,Australia,2025-12-22,26.7
Sydney,Australia,2020-03-02,19.2
Sydney,Australia,2019-04-03,16.2
Sydney,Australia,2021-11-13,22.1
Sydney,Australia,2024-01-05,21.5
Sydney,Australia,2020-02-29,19.0
Sydney,Australia,2021-03-10,19.3
Sydney,Australia,2018-05-12,16.9
Sydney,Australia,2024-01-28,21.8
Sydney,Australia,2025-07-23,13.0
Sydney,Australia,2024-01-07,24.2
Sydney,Australia,2025-04-20,13.0
Sydney,Australia,2018-01-04,25.1
Sydney,Australia,2017-09-07,10.1
Sydney,Australia,2016-01-23,25.1
Sydney,Australia,2019-07-01,10.7
Sydney,Australia,2017-01-19,22.9
Sydney,Australia,2022-01-11,23.7
Sydney,Australia,2023-01-03,25.1
Sydney,Australia,2021-04-03,16.0
Sydney,Australia,2023-02-19,21.2
Sydney,Australia,2022-04-09,17.3
Sydney,Australia,2016-02-27,19.5
Sydney,Australia,2018-02-28,20.1
Sydney,Australia,2025-09-25,22.1
Sydney,Australia,2020-10-11,19.0
Sydney,Australia,2023-01-01,24.0
Sydney,Australia,2024-08-07,11.9
Sydney,Australia,2022-01-25,24.7
Sydney,Australia,2023-03-12,18.8
Sydney,Australia,2017-09-16,16.7
Sydney,Australia,2017-02-25,20.8
Sydney,Australia,2018-12-12,23.3
Sydney,Australia,2022-04-27,16.9
Sydney,Australia,2022-08-02,14.8
Sydney,Australia,2023-03-26,17.8
Sydney,Australia,2024-08-28,13.5
Sydney,Australia,2025-07-27,10.9
Sydney,Australia,2025-01-19,23.3
Sydney,Australia,2024-04-07,18.1
Sydney,Australia,2021-04-23,12.3
Sydney,Australia,2018-05-07,14.8
Sydney,Australia,2018-06-05,14.3
Sydney,Australia,2017-01-09,27.1
Sydney,Australia,2017-08-10,12.2
Sydney,Australia,2017-11-06,22.9
Sydney,Australia,2016-11-14,23.7
Sydney,Australia,2016-08-01,15.0
Sydney,Australia,2020-10-08,22.8
Sydney,Australia,2023-06-16,9.4
Sydney,Australia,2024-07-09,11.6
Sydney,Australia,2017-04-25,14.3
Sydney,Australia,2024-09-04,18.1
Sydney,Australia,2020-04-28,13.3
Sydney,Australia,2025-05-28,9.8
Sydney,Australia,2021-11-08,22.8
Sydney,Australia,2022-10-15,21.5
Sydney,Australia,2025-06-11,11.4
Sydney,Australia,2023-02-08,23.9
Sydney,Australia,2025-05-07,12.9
Sydney,Australia,2020-11-25,25.4
Sydney,Australia,2022-04-14,12.5
Sydney,Australia,2018-10-23,22.7
Sydney,Australia,2023-09-08,19.5
Sydney,Australia,2023-04-24,17.2
Sydney,Australia,2019-11-27,26.1
Sydney,Australia,2025-08-04,16.4
Sydney,Australia,2021-03-24,18.1
Sydney,Australia,2020-10-03,17.7
Sydney,Australia,2018-05-25,8.8
Sydney,Australia,2018-02-21,18.7
Sydney,Australia,2020-04-15,11.9
Sydney,Australia,2016-02-13,25.5
Sydney,Australia,2018-03-13,16.9
Sydney,Australia,2016-01-23,24.8
Sydney,Australia,2022-07-29,12.0
Sydney,Australia,2020-02-19,22.5
Sydney,Australia,2018-11-05,22.5
Sydney,Australia,2019-01-23,23.9
Sydney,Australia,2016-05-17,10.5
Sydney,Australia,2020-06-19,8.7
Sydney,Australia,2016-06-28,14.2
Sydney,Australia,2019-01-28,23.5
Sydney,Australia,2023-01-05,27.2
Sydney,Australia,2016-05-04,14.2
Sydney,Australia,2025-09-05,15.6
Sydney,Australia,2022-10-24,19.5
Sydney,Australia,2023-02-02,22.0
Sydney,Australia,2024-05-29,11.9
Sydney,Australia,2025-10-23,20.1
Sydney,Australia,2017-03-01,18.5
Sydney,Australia,2016-06-05,9.4
Sydney,Australia,2023-12-31,26.9
Sydney,Australia,2017-09-19,17.4
Sydney,Australia,2025-07-17,10.4
Sydney,Australia,2017-06-23,14.3
Sydney,Australia,2017-05-04,15.2
Sydney,Australia,2016-08-17,11.2
Sydney,Australia,2019-07-11,12.5
Sydney,Australia,2017-02-03,24.1
Sydney,Australia,2025-07-24,10.8
Sydney,Australia,2018-03-06,18.1
Sydney,Australia,2019-09-24,15.6
Sydney,Australia,2025-05-22,10.0
Sydney,Australia,2023-12-15,21.2
Sydney,Australia,2017-11-24,26.4
Sydney,Australia,2020-02-09,21.1
Sydney,Australia,2021-10-15,23.7
Sydney,Australia,2020-09-01,16.0
Sydney,Australia,2025-05-24,11.5
Sydney,Australia,2018-03-01,19.9
Sydney,Australia,2025-04-02,16.8
Sydney,Australia,2018-12-28,23.8
Sydney,Australia,2016-12-09,25.1
Sydney,Australia,2022-10-28,22.7
Sydney,Australia,2018-03-24,17.1
Sydney,Australia,2023-02-15,20.1
Sydney,Australia,2024-05-17,14.8
Sydney,Australia,2019-06-28,7.1
Sydney,Australia,2019-01-26,22.8
Sydney,Australia,2021-03-24,17.5
Sydney,Australia,2022-05-16,12.8
Sydney,Australia,2021-03-11,18.7
Sydney,Australia,2016-12-27,25.6
Sydney,Australia,2024-03-07,20.3
Sydney,Australia,2016-12-19,26.0
Sydney,Australia,2016-03-23,20.3
Sydney,Australia,2024-08-06,13.2
Sydney,Australia,2023-02-26,21.1
Sydney,Australia,2020-03-14,15.0
Sydney,Australia,2018-10-07,20.9
Sydney,Australia,2019-06-14,12.6
Sydney,Australia,2025-09-11,14.3
Sydney,Australia,2018-02-21,21.4
Sydney,Australia,2019-06-25,7.7
Sydney,Australia,2016-08-06,11.9
Sydney,Australia,2019-02-16,23.1
Sydney,Australia,2017-07-29,10.5
Sydney,Australia,2025-05-14,11.7
Sydney,Australia,2018-02-10,22.3
Sydney,Australia,2019-04-23,15.7
Sydney,Australia,2018-11-28,23.9
Sydney,Australia,2021-06-29,9.6
Sydney,Australia,2019-12-25,23.4
Sydney,Australia,2023-03-13,18.3
Sydney,Australia,2021-11-12,20.8
Sydney,Australia,2025-04-29,14.7
Sydney,Australia,2017-11-29,28.2
Sydney,Australia,2020-04-28,14.7
Sydney,Australia,2017-09-29,17.6
Sydney,Australia,2023-11-16,23.4
Sydney,Australia,2020-11-12,21.4
Sydney,Australia,2024-12-05,27.7
Sydney,Australia,2019-03-28,18.2
Sydney,Australia,2021-08-25,17.8
Sydney,Australia,2022-03-09,21.3
Sydney,Australia,2017-01-06,21.6
Sydney,Australia,2021-10-03,19.6
Sydney,Australia,2021-03-30,15.6
Sydney,Australia,2018-12-04,25.7
Sydney,Australia,2023-05-20,12.3
Sydney,Australia,2023-01-29,23.9
Sydney,Australia,2022-07-31,13.5
Sydney,Australia,2019-08-15,12.5
Sydney,Australia,2022-08-07,14.5
Sydney,Australia,2016-05-18,11.8
Sydney,Australia,2020-01-09,25.5
Sydney,Australia,2025-09-30,20.0
Sydney,Australia,2021-05-01,12.9
Cape Town,South Africa,2019-10-02,16.4
Cape Town,South Africa,2018-02-05,25.4
Cape Town,South Africa,2020-01-06,22.5
Cape Town,South Africa,2018-02-01,24.1
Cape Town,South Africa,2024-06-07,15.3
Cape Town,South Africa,2021-02-12,21.7
Cape Town,South Africa,2022-08-28,13.2
Cape Town,South Africa,2020-06-23,10.5
Cape Town,South Africa,2021-04-23,15.2
Cape Town,South Africa,2020-03-08,17.6
Cape Town,South Africa,2022-09-27,16.5
Cape Town,South Africa,2019-05-14,15.4
Cape Town,South Africa,2016-06-13,15.6
Cape Town,South Africa,2024-07-22,11.6
Cape Town,South Africa,2021-09-07,17.7
Cape Town,South Africa,2019-01-08,24.5
Cape Town,South Africa,2022-06-23,11.1
Cape Town,South Africa,2021-09-28,18.5
Cape Town,South Africa,2017-11-12,25.8
Cape Town,South Africa,2023-10-28,19.1
Cape Town,South Africa,2021-11-16,24.1
Cape Town,South Africa,2024-06-06,16.8
Cape Town,South Africa,2017-07-25,13.7
Cape Town,South Africa,2016-08-08,14.7
Cape Town,South Africa,2017-01-05,22.1
Cape Town,South Africa,2024-12-26,26.6
Cape Town,South Africa,2019-11-18,21.4
Cape Town,South Africa,2016-01-04,23.6
Cape Town,South Africa,2023-05-21,14.9
Cape Town,South Africa,2019-05-19,15.8
Cape Town,South Africa,2019-06-13,12.9
Cape Town,South Africa,2018-04-12,16.2
Cape Town,South Africa,2020-11-23,24.1
Cape Town,South Africa,2023-09-05,16.6
Cape Town,South Africa,2022-03-24,18.5
Cape Town,South Africa,2021-05-09,11.5
Cape Town,South Africa,2017-10-14,18.5
Cape Town,South Africa,2023-09-14,18.6
Cape Town,South Africa,2020-06-02,10.4
Cape Town,South Africa,2023-06-30,7.4
Cape Town,South Africa,2020-03-21,19.1
Cape Town,South Africa,2024-07-22,9.6
Cape Town,South Africa,2017-01-27,21.0
Cape Town,South Africa,2017-06-30,12.7
Cape Town,South Africa,2020-06-25,12.1
Cape Town,South Africa,2025-03-11,14.5
Cape Town,South Africa,2023-07-26,12.2
Cape Town,South Africa,2020-06-01,9.8
Cape Town,South Africa,2021-12-27,25.6
Cape Town,South Africa,2024-04-20,15.6
Cape Town,South Africa,2022-07-30,16.8
Cape Town,South Africa,2017-12-30,24.1
Cape Town,South Africa,2024-08-11,13.8
Cape Town,South Africa,2021-08-15,15.8
Cape Town,South Africa,2025-03-25,20.0
Cape Town,South Africa,2020-06-18,11.5
Cape Town,South Africa,2016-11-12,21.6
Cape Town,South Africa,2018-02-08,20.7
Cape Town,South Africa,2016-06-30,12.1
Cape Town,South Africa,2019-10-22,22.6
Cape Town,South Africa,2020-04-22,13.2
Cape Town,South Africa,2019-03-13,16.8
Cape Town,South Africa,2019-06-28,8.7
Cape Town,South Africa,2016-05-22,14.7
Cape Town,South Africa,2018-12-05,25.3
Cape Town,South Africa,2017-10-31,20.7
Cape Town,South Africa,2020-06-19,9.9
Cape Town,South Africa,2021-03-19,14.4
Cape Town,South Africa,2025-01-15,25.6
Cape Town,South Africa,2017-02-19,22.1
Cape Town,South Africa,2023-05-10,15.4
Cape Town,South Africa,2016-02-20,17.8
Cape Town,South Africa,2017-10-20,19.2
Cape Town,South Africa,2020-04-21,16.9
Cape Town,South Africa,2023-09-12,14.3
Cape Town,South Africa,2023-07-08,12.4
Cape Town,South Africa,2020-07-03,11.0
Cape Town,South Africa,2020-10-06,19.4
Cape Town,South Africa,2018-11-25,22.8
Cape Town,South Africa,2025-01-18,21.8
Cape Town,South Africa,2024-12-30,25.4
Cape Town,South Africa,2024-10-03,17.5
Cape Town,South Africa,2021-04-23,13.5
Cape Town,South Africa,2020-02-03,18.1
Cape Town,South Africa,2017-04-02,17.7
Cape Town,South Africa,2021-12-17,18.0
Cape Town,South Africa,2024-07-08,9.5
Cape Town,South Africa,2017-09-07,18.0
Cape Town,South Africa,2016-01-29,19.8
Cape Town,South Africa,2022-08-14,17.8
Cape Town,South Africa,2018-11-22,23.9
Cape Town,South Africa,2024-02-28,23.2
Cape Town,South Africa,2025-10-12,19.0
Cape Town,South Africa,2019-02-27,20.1
Cape Town,South Africa,2016-06-12,13.2
Cape Town,South Africa,2020-02-12,22.8
Cape Town,South Africa,2016-07-24,14.8
Cape Town,South Africa,2018-10-30,19.3
Cape Town,South Africa,2020-10-09,18.5
Cape Town,South Africa,2025-03-09,20.3
Cape Town,South Africa,2016-04-06,14.7
Cape Town,South Africa,2020-01-01,23.1
Cape Town,South Africa,2020-09-04,17.6
Cape Town,South Africa,2023-02-17,21.0
Cape Town,South Africa,2016-05-25,10.6
Cape Town,South Africa,2016-05-29,10.9
Cape Town,South Africa,2021-12-16,23.4
Cape Town,South Africa,2016-12-10,21.9
Cape Town,South Africa,2021-12-31,26.1
Cape Town,South Africa,2023-02-05,23.5
Cape Town,South Africa,2021-07-14,10.5
Cape Town,South Africa,2021-02-19,21.3
Cape Town,South Africa,2023-09-23,14.4
Cape Town,South Africa,2025-05-12,9.9
Cape Town,South Africa,2024-03-20,18.8
Cape Town,South Africa,2016-06-15,9.2
Cape Town,South Africa,2016-11-09,21.8
Cape Town,South Africa,2022-10-31,21.8
Cape Town,South Africa,2024-02-12,18.5
Cape Town,South Africa,2020-04-13,12.1
Cape Town,South Africa,2021-09-30,19.2
Cape Town,South Africa,2023-02-21,20.3
Cape Town,South Africa,2024-05-26,11.4
Cape Town,South Africa,2018-01-23,24.5
Cape Town,South Africa,2024-05-16,12.5
Cape Town,South Africa,2025-11-25,25.8
Cape Town,South Africa,2016-11-20,23.8
Cape Town,South Africa,2017-04-21,12.8
Cape Town,South Africa,2024-11-24,23.4
Cape Town,South Africa,2019-05-26,13.6
Cape Town,South Africa,2022-11-26,19.0
Cape Town,South Africa,2018-09-25,17.5
Cape Town,South Africa,2023-10-14,20.4
Cape Town,South Africa,2021-04-21,12.8
Cape Town,South Africa,2018-05-31,12.1
Cape Town,South Africa,2024-05-17,10.4
Cape Town,South Africa,2023-09-22,17.9
Cape Town,South Africa,2023-07-13,10.3
Cape Town,South Africa,2016-07-06,8.2
Cape Town,South Africa,2023-08-09,10.8
Cape Town,South Africa,2019-03-13,18.2
Cape Town,South Africa,2016-03-17,20.0
Cape Town,South Africa,2024-10-08,18.4
Cape Town,South Africa,2018-12-29,24.0
Cape Town,South Africa,2021-03-09,14.5
Cape Town,South Africa,2019-07-27,9.4
Cape Town,South Africa,2017-02-01,22.1
Cape Town,South Africa,2019-08-22,14.9
Cape Town,South Africa,2018-06-24,13.0
Cape Town,South Africa,2023-12-26,24.1
Cape Town,South Africa,2022-10-31,22.5
Cape Town,South Africa,2023-02-13,18.8
Cape Town,South Africa,2022-09-04,14.8
Cape Town,South Africa,2022-04-03,18.1
Cape Town,South Africa,2016-02-21,19.5
Cape Town,South Africa,2025-03-23,18.9
Cape Town,South Africa,2020-12-25,25.8
Cape Town,South Africa,2021-08-05,16.3
Cape Town,South Africa,2018-05-12,11.7
Cape Town,South Africa,2020-05-16,12.4
Cape Town,South Africa,2018-11-13,19.8
Cape Town,South Africa,2022-05-29,13.7
Cape Town,South Africa,2016-11-17,20.8
Cape Town,South Africa,2019-11-15,20.5
Cape Town,South Africa,2016-12-06,24.8
Cape Town,South Africa,2020-02-21,26.0
Cape Town,South Africa,2019-05-30,11.5
Cape Town,South Africa,2023-07-25,14.1
Cape Town,South Africa,2021-03-29,19.6
Cape Town,South Africa,2017-11-13,22.7
Cape Town,South Africa,2022-12-31,22.2
Cape Town,South Africa,2024-07-30,14.5
Cape Town,South Africa,2016-04-05,16.1
Cape Town,South Africa,2024-05-05,11.7
Cape Town,South Africa,2021-07-03,13.5
Cape Town,South Africa,2022-01-10,23.0
Cape Town,South Africa,2017-06-23,8.0
Cape Town,South Africa,2017-05-20,15.8
Cape Town,South Africa,2017-02-01,20.9
Cape Town,South Africa,2017-03-29,17.7
Cape Town,South Africa,2022-05-26,11.2
Cape Town,South Africa,2024-08-07,17.2
Cape Town,South Africa,2024-09-19,22.9
Cape Town,South Africa,2022-03-03,18.9
Cape Town,South Africa,2020-07-31,12.0
Cape Town,South Africa,2022-09-20,18.5
Cape Town,South Africa,2019-02-16,20.1
Cape Town,South Africa,2017-03-08,20.7
Cape Town,South Africa,2023-06-13,15.4
Cape Town,South Africa,2024-07-17,8.7
Cape Town,South Africa,2023-02-18,19.7
Cape Town,South Africa,2020-05-25,14.4
Cape Town,South Africa,2018-07-11,13.3
Cape Town,South Africa,2021-03-15,16.5
Cape Town,South Africa,2019-03-18,19.0
Cape Town,South Africa,2025-10-17,18.1
Cape Town,South Africa,2017-12-28,23.3
Cape Town,South Africa,2025-04-22,14.6
Cape Town,South Africa,2019-09-30,18.6
Cape Town,South Africa,2023-08-31,12.4
Cape Town,South Africa,2017-02-06,19.5
Cape Town,South Africa,2020-09-09,18.3
Cape Town,South Africa,2020-08-07,13.5
Cape Town,South Africa,2018-07-07,12.1
Cape Town,South Africa,2017-07-21,10.4
Cape Town,South Africa,2016-11-25,21.4
Cape Town,South Africa,2022-09-21,15.6
Cape Town,South Africa,2016-04-03,15.4
Cape Town,South Africa,2019-08-24,13.8
Cape Town,South Africa,2023-01-06,22.5
Cape Town,South Africa,2021-04-16,13.1
Cape Town,South Africa,2016-04-03,11.7
Cape Town,South Africa,2024-05-01,10.8
Cape Town,South Africa,2020-05-13,10.7
Cape Town,South Africa,2022-03-11,17.4
Cape Town,South Africa,2017-10-23,20.5
Cape Town,South Africa,2021-02-18,17.9
Cape Town,South Africa,2017-12-18,26.5
Cape Town,South Africa,2021-04-18,19.0
Cape Town,South Africa,2019-08-14,12.1
Cape Town,South Africa,2017-06-27,10.4
Cape Town,South Africa,2018-04-27,18.2
Cape Town,South Africa,2022-06-23,10.0
Cape Town,South Africa,2022-10-06,19.4
Cape Town,South Africa,2020-12-22,27.1
Cape Town,South Africa,2021-03-04,19.2
Cape Town,South Africa,2021-08-10,11.2
Cape Town,South Africa,2025-05-24,9.4
Cape Town,South Africa,2019-09-18,20.2
Cape Town,South Africa,2018-09-29,15.1
Cape Town,South Africa,2021-03-08,18.9
Cape Town,South Africa,2024-05-24,11.4
Cape Town,South Africa,2016-05-12,12.0
Cape Town,South Africa,2021-10-29,19.3
Cape Town,South Africa,2021-04-09,16.2
Cape Town,South Africa,2020-09-04,15.3
Cape Town,South Africa,2018-12-01,25.0
Cape Town,South Africa,2024-01-10,21.5
Cape Town,South Africa,2024-09-15,12.2
Cape Town,South Africa,2024-01-06,19.5
Cape Town,South Africa,2016-04-07,12.4
Cape Town,South Africa,2016-09-01,17.0
Cape Town,South Africa,2019-04-14,16.7
Cape Town,South Africa,2024-02-18,17.2
Cape Town,South Africa,2024-08-14,15.9
Cape Town,South Africa,2021-09-26,18.5
Cape Town,South Africa,2023-01-21,21.4
Cape Town,South Africa,2017-05-23,10.6
Cape Town,South Africa,2017-02-28,20.7
Cape Town,South Africa,2025-04-03,17.6
Cape Town,South Africa,2022-07-02,11.6
Cape Town,South Africa,2017-11-23,21.8
Cape Town,South Africa,2020-02-10,19.8
Cape Town,South Africa,2018-09-22,18.5
Cape Town,South Africa,2024-12-02,21.6
Cape Town,South Africa,2019-09-13,16.8
Cape Town,South Africa,2023-03-14,17.6
Cape Town,South Africa,2023-12-14,21.4
Cape Town,South Africa,2021-07-06,11.7
Cape Town,South Africa,2019-11-03,18.2
Cape Town,South Africa,2019-04-24,13.7
Cape Town,South Africa,2021-01-18,21.2
Cape Town,South Africa,2023-11-05,21.6
Cape Town,South Africa,2016-05-26,13.7
Cape Town,South Africa,2024-07-15,13.6
Cape Town,South Africa,2016-04-16,16.8
Cape Town,South Africa,2018-06-24,13.4
Cape Town,South Africa,2024-01-02,21.6
Cape Town,South Africa,2019-04-07,14.8
Cape Town,South Africa,2022-05-14,15.8
Cape Town,South Africa,2023-02-09,20.4
Cape Town,South Africa,2023-07-20,15.2
Cape Town,South Africa,2019-04-22,16.6
Cape Town,South Africa,2017-06-10,14.6
Cape Town,South Africa,2017-08-23,11.5
Cape Town,South Africa,2018-11-19,20.1
Cape Town,South Africa,2023-02-21,21.0
Cape Town,South Africa,2022-07-16,15.9
Cape Town,South Africa,2019-05-25,12.4
Cape Town,South Africa,2020-01-31,22.3
Cape Town,South Africa,2024-02-01,18.0
Cape Town,South Africa,2021-10-17,19.8
Cape Town,South Africa,2020-07-20,8.0
Cape Town,South Africa,2019-11-10,22.6
Cape Town,South Africa,2023-03-22,19.8
Cape Town,South Africa,2019-07-11,15.1
Cape Town,South Africa,2021-11-13,19.4
Cape Town,South Africa,2021-06-10,14.5
Cape Town,South Africa,2023-04-09,16.9
Cape Town,South Africa,2017-12-19,25.6
Cape Town,South Africa,2021-06-05,12.0
Cape Town,South Africa,2016-09-22,17.5
Cape Town,South Africa,2019-11-03,21.7
Cape Town,South Africa,2017-09-06,17.3
Cape Town,South Africa,2019-02-13,18.6
Cape Town,South Africa,2017-05-04,11.5
Cape Town,South Africa,2023-04-16,15.8
Cape Town,South Africa,2022-05-21,14.6
Cape Town,South Africa,2023-02-28,23.0
Cape Town,South Africa,2025-06-26,9.4
Cape Town,South Africa,2025-03-08,19.5
Cape Town,South Africa,2018-07-24,10.0
Cape Town,South Africa,2024-04-24,15.1
Cape Town,South Africa,2020-06-20,14.3
Cape Town,South Africa,2023-01-09,24.6
Cape Town,South Africa,2016-10-02,19.7
Cape Town,South Africa,2019-01-16,20.6
Cape Town,South Africa,2024-04-24,13.4
Cape Town,South Africa,2022-01-11,26.8
Cape Town,South Africa,2016-08-17,10.4
Cape Town,South Africa,2021-01-03,22.0
Cape Town,South Africa,2018-11-14,21.7
Cape Town,South Africa,2024-12-09,23.2
Cape Town,South Africa,2023-04-19,11.7
Cape Town,South Africa,2025-08-13,13.8
Cape Town,South Africa,2021-02-11,24.3
Cape Town,South Africa,2017-12-27,26.1
Cape Town,South Africa,2022-03-10,19.5
Cape Town,South Africa,2019-02-10,22.5
Cape Town,South Africa,2025-04-25,15.0
Cape Town,South Africa,2016-09-17,18.0
Cape Town,South Africa,2019-05-25,11.6
Cape Town,South Africa,2016-09-06,16.4
Cape Town,South Africa,2024-07-16,13.5
Cape Town,South Africa,2022-07-08,10.8
Cape Town,South Africa,2025-11-20,22.8
Cape Town,South Africa,2024-10-05,22.4
Cape Town,South Africa,2016-10-26,22.1
Cape Town,South Africa,2018-03-15,16.2
Cape Town,South Africa,2021-05-03,13.9
Cape Town,South Africa,2018-03-19,20.0
Cape Town,South Africa,2022-09-16,18.5
Cape Town,South Africa,2021-06-18,11.4
Cape Town,South Africa,2020-10-26,21.2
Cape Town,South Africa,2025-08-28,17.7
Cape Town,South Africa,2020-12-18,21.7
Cape Town,South Africa,2024-09-19,15.7
Cape Town,South Africa,2023-02-13,19.0
Cape Town,South Africa,2022-11-21,22.9
Cape Town,South Africa,2018-10-28,14.8
Cape Town,South Africa,2024-06-17,10.2
Cape Town,South Africa,2023-01-29,23.1
Cape Town,South Africa,2017-12-24,22.4
Cape Town,South Africa,2019-03-08,21.0
Cape Town,South Africa,2023-03-28,15.7
Cape Town,South Africa,2018-10-16,23.8
Cape Town,South Africa,2019-10-29,20.7
Cape Town,South Africa,2019-06-18,14.0
Cape Town,South Africa,2023-01-07,18.1
Cape Town,South Africa,2018-01-16,24.9
Cape Town,South Africa,2021-06-20,15.7
Cape Town,South Africa,2021-09-18,17.3
Cape Town,South Africa,2021-04-11,14.3
Cape Town,South Africa,2024-07-11,11.9
Cape Town,South Africa,2020-11-04,21.3
Cape Town,South Africa,2025-08-31,14.6
Cape Town,South Africa,2020-12-20,21.8
Cape Town,South Africa,2025-03-23,20.0
Cape Town,South Africa,2018-01-18,23.2
Cape Town,South Africa,2018-08-07,14.2
Cape Town,South Africa,2018-05-23,11.7
Cape Town,South Africa,2024-08-05,14.8
Cape Town,South Africa,2021-12-12,20.4
Cape Town,South Africa,2022-11-01,21.9
Cape Town,South Africa,2018-05-11,12.0
Cape Town,South Africa,2017-10-02,18.1
Cape Town,South Africa,2018-02-25,20.4
Cape Town,South Africa,2025-07-23,8.8
Cape Town,South Africa,2017-10-08,18.3
Cape Town,South Africa,2021-10-16,19.2
Cape Town,South Africa,2021-04-24,12.3
Cape Town,South Africa,2024-09-28,15.4
Cape Town,South Africa,2024-02-23,19.7
Cape Town,South Africa,2021-04-17,19.6
Cape Town,South Africa,2025-08-08,14.3
Cape Town,South Africa,2019-06-08,10.0
Cape Town,South Africa,2019-09-28,17.6
Cape Town,South Africa,2019-07-15,8.2
Cape Town,South Africa,2021-01-16,22.0
Cape Town,South Africa,2024-07-20,14.6
Cape Town,South Africa,2020-09-04,20.6
Cape Town,South Africa,2016-08-14,14.1
Cape Town,South Africa,2020-08-01,10.7
Cape Town,South Africa,2021-02-14,23.9
Cape Town,South Africa,2024-08-07,12.8
Cape Town,South Africa,2018-04-08,19.5
Cape Town,South Africa,2018-05-04,12.7
Cape Town,South Africa,2025-05-03,12.3
Cape Town,South Africa,2020-03-09,20.9
Cape Town,South Africa,2020-04-15,15.4
Cape Town,South Africa,2019-08-27,11.9
Cape Town,South Africa,2024-12-10,22.2
Cape Town,South Africa,2018-05-30,10.4
Cape Town,South Africa,2019-01-27,20.9
Cape Town,South Africa,2017-03-13,19.6
Cape Town,South Africa,2024-02-08,22.1
Cape Town,South Africa,2021-05-18,15.1
Cape Town,South Africa,2016-07-07,10.8
Cape Town,South Africa,2024-10-04,17.3
Cape Town,South Africa,2023-12-03,20.6
Cape Town,South Africa,2021-06-17,11.5
Cape Town,South Africa,2022-07-28,18.5
Cape Town,South Africa,2020-03-16,18.7
Cape Town,South Africa,2019-11-04,21.8
Cape Town,South Africa,2019-02-04,19.7
Cape Town,South Africa,2019-03-10,18.3
Cape Town,South Africa,2017-03-30,12.7
Cape Town,South Africa,2016-10-30,22.0
Cape Town,South Africa,2019-08-22,17.7
Cape Town,South Africa,2025-03-30,16.3
Cape Town,South Africa,2017-09-13,18.5
Cape Town,South Africa,2022-06-09,9.7
Cape Town,South Africa,2018-03-30,14.8
Cape Town,South Africa,2019-09-04,14.9
Cape Town,South Africa,2022-06-03,9.0
Cape Town,South Africa,2022-03-30,15.9
Cape Town,South Africa,2021-12-15,24.7
Cape Town,South Africa,2017-07-29,9.9
Cape Town,South Africa,2024-08-28,15.7
Cape Town,South Africa,2023-11-04,17.6
Cape Town,South Africa,2023-12-23,23.2
Cape Town,South Africa,2020-01-19,17.8
Cape Town,South Africa,2024-08-30,11.4
Cape Town,South Africa,2018-01-24,23.9
Cape Town,South Africa,2019-08-08,11.2
Cape Town,South Africa,2019-09-26,18.4
Cape Town,South Africa,2018-03-26,15.8
Cape Town,South Africa,2018-11-11,19.3
Cape Town,South Africa,2022-10-08,19.2
Cape Town,South Africa,2017-05-03,13.2
Cape Town,South Africa,2023-03-15,16.6
Cape Town,South Africa,2021-06-15,12.6
Cape Town,South Africa,2024-12-13,25.8
Cape Town,South Africa,2021-09-29,19.0
Cape Town,South Africa,2020-03-09,20.9
Cape Town,South Africa,2016-05-11,13.1
Cape Town,South Africa,2021-08-27,16.2
Cape Town,South Africa,2022-01-15,21.7
Cape Town,South Africa,2021-07-08,11.4
Cape Town,South Africa,2016-10-01,20.4
Cape Town,South Africa,2024-03-27,17.7
Cape Town,South Africa,2022-04-05,16.5
Cape Town,South Africa,2024-10-02,19.6
Cape Town,South Africa,2021-10-04,19.6
Cape Town,South Africa,2025-06-28,13.1
Cape Town,South Africa,2021-04-02,14.3
Cape Town,South Africa,2022-11-03,20.8
Cape Town,South Africa,2016-10-26,19.9
Cape Town,South Africa,2024-08-08,11.9
Cape Town,South Africa,2021-03-22,14.2
Cape Town,South Africa,2021-01-22,27.6
Cape Town,South Africa,2017-09-15,12.7
Cape Town,South Africa,2023-04-18,14.3
Cape Town,South Africa,2022-06-14,12.7
Cape Town,South Africa,2019-10-23,17.3
Cape Town,South Africa,2024-04-16,16.0
Cape Town,South Africa,2025-03-13,22.5
Cape Town,South Africa,2020-07-02,10.3
Cape Town,South Africa,2022-06-12,10.8
Cape Town,South Africa,2020-05-16,15.3
Cape Town,South Africa,2016-03-18,19.6
Cape Town,South Africa,2017-09-08,16.2
Cape Town,South Africa,2018-11-26,24.6
Cape Town,South Africa,2024-08-10,11.5
Cape Town,South Africa,2019-08-30,12.4
Cape Town,South Africa,2018-03-31,16.1
Cape Town,South Africa,2024-08-19,16.3
Cape Town,South Africa,2025-11-14,18.2
Cape Town,South Africa,2024-01-07,24.0
Cape Town,South Africa,2024-09-01,14.7
Cape Town,South Africa,2017-08-30,15.6
Cape Town,South Africa,2016-04-17,16.1
Cape Town,South Africa,2021-12-24,20.4
Cape Town,South Africa,2024-09-27,15.9
Cape Town,South Africa,2017-06-05,6.9
Cape Town,South Africa,2019-09-03,14.4
Cape Town,South Africa,2025-10-05,18.3
Cape Town,South Africa,2018-05-05,14.8
Cape Town,South Africa,2018-04-06,15.4
Cape Town,South Africa,2019-01-15,25.0
Cape Town,South Africa,2018-08-12,15.0
Cape Town,South Africa,2019-12-26,22.9
Cape Town,South Africa,2016-04-21,17.3
Cape Town,South Africa,2020-12-05,26.5
Cape Town,South Africa,2017-05-19,13.5
Cape Town,South Africa,2020-12-23,21.8
Cape Town,South Africa,2025-09-23,17.5
Cape Town,South Africa,2020-04-07,12.6
Cape Town,South Africa,2016-07-20,10.3
Cape Town,South Africa,2018-04-22,15.2
Cape Town,South Africa,2024-08-23,12.0
Cape Town,South Africa,2017-01-15,25.5
Cape Town,South Africa,2017-12-18,20.9
Cape Town,South Africa,2021-10-16,19.9
Cape Town,South Africa,2017-05-13,13.6
Cape Town,South Africa,2021-06-26,12.7
Cape Town,South Africa,2024-04-21,11.9
Cape Town,South Africa,2019-07-21,10.2
Cape Town,South Africa,2020-08-27,17.2
Cape Town,South Africa,2024-12-19,28.9
Cape Town,South Africa,2021-09-07,15.1
Cape Town,South Africa,2017-04-03,17.5
Cape Town,South Africa,2021-02-14,23.0
Cape Town,South Africa,2020-09-16,17.3
Cape Town,South Africa,2020-06-27,12.4
Cape Town,South Africa,2020-01-16,22.7
Cape Town,South Africa,2019-06-23,12.6
Cape Town,South Africa,2025-07-04,9.8
Cape Town,South Africa,2023-04-24,11.8
Cape Town,South Africa,2016-12-11,31.1
Cape Town,South Africa,2023-04-18,13.6
Cape Town,South Africa,2021-04-14,13.7
Cape Town,South Africa,2016-03-05,20.7
Cape Town,South Africa,2023-04-05,15.7
Cape Town,South Africa,2019-08-17,17.8
Cape Town,South Africa,2017-12-27,24.6
Cape Town,South Africa,2022-05-01,16.2
Cape Town,South Africa,2017-07-28,12.8
Cape Town,South Africa,2023-10-18,19.6
Cape Town,South Africa,2022-09-08,16.2
Cape Town,South Africa,2024-12-30,24.2
Cape Town,South Africa,2019-04-15,18.3
Cape Town,South Africa,2020-03-02,16.7
Cape Town,South Africa,2020-09-13,14.2
Cape Town,South Africa,2017-12-07,24.4
Cape Town,South Africa,2017-09-12,18.7
Cape Town,South Africa,2024-04-27,15.1
Cape Town,South Africa,2020-02-04,19.0
Cape Town,South Africa,2025-11-09,25.1
Cape Town,South Africa,2016-05-02,12.0
Cape Town,South Africa,2021-07-30,13.3
Cape Town,South Africa,2020-03-08,20.8
Cape Town,South Africa,2025-06-08,11.5
Cape Town,South Africa,2024-10-13,21.5
Cape Town,South Africa,2016-04-15,13.0
Cape Town,South Africa,2016-05-20,16.0
Cape Town,South Africa,2024-03-29,19.8
Cape Town,South Africa,2016-07-09,8.6
Cape Town,South Africa,2022-01-18,20.9
Cape Town,South Africa,2021-11-21,24.6
Cape Town,South Africa,2017-11-26,23.1
Cape Town,South Africa,2018-07-01,11.9
Cape Town,South Africa,2017-01-12,22.4
Cape Town,South Africa,2021-05-02,14.0
Cape Town,South Africa,2021-03-17,22.0
Cape Town,South Africa,2022-01-07,22.8
Cape Town,South Africa,2020-12-08,25.2
Cape Town,South Africa,2023-02-21,22.5
Cape Town,South Africa,2016-01-03,22.5
Cape Town,South Africa,2018-11-18,24.6
Cape Town,South Africa,2017-06-09,10.5
Cape Town,South Africa,2022-11-18,24.8
Cape Town,South Africa,2023-06-30,11.1
Cape Town,South Africa,2024-05-24,10.0
Cape Town,South Africa,2025-04-27,14.9
Cape Town,South Africa,2018-06-17,10.5
Cape Town,South Africa,2021-10-09,22.6
Cape Town,South Africa,2018-07-12,15.3
Cape Town,South Africa,2023-05-24,13.0
Cape Town,South Africa,2020-07-12,12.3
Cape Town,South Africa,2019-03-02,20.3
Cape Town,South Africa,2018-07-15,11.3
Cape Town,South Africa,2018-10-23,21.8
Cape Town,South Africa,2019-09-08,18.8
Cape Town,South Africa,2023-12-20,26.4
Cape Town,South Africa,2021-10-30,20.7
Cape Town,South Africa,2021-10-18,16.5
Cape Town,South Africa,2024-07-09,9.9
Cape Town,South Africa,2017-06-23,10.6
Cape Town,South Africa,2017-08-17,15.8
Cape Town,South Africa,2022-07-01,11.2
Cape Town,South Africa,2024-05-21,8.4
Cape Town,South Africa,2024-12-19,23.0
Cape Town,South Africa,2018-03-21,18.1
Cape Town,South Africa,2018-01-16,25.8
Cape Town,South Africa,2025-05-14,13.1
Cape Town,South Africa,2024-11-29,23.2
Cape Town,South Africa,2016-02-17,22.8
Cape Town,South Africa,2022-06-01,8.0
Cape Town,South Africa,2018-02-08,22.0
Cape Town,South Africa,2023-01-19,26.4
Cape Town,South Africa,2020-07-19,8.3
Cape Town,South Africa,2021-01-25,24.7
Cape Town,South Africa,2018-12-12,23.3
Cape Town,South Africa,2022-02-13,18.1
Cape Town,South Africa,2023-05-08,14.4
Cape Town,South Africa,2024-08-13,12.0
Cape Town,South Africa,2018-02-02,21.8
Cape Town,South Africa,2018-11-11,19.9
Cape Town,South Africa,2024-08-28,18.6
Cape Town,South Africa,2022-02-26,19.1
Cape Town,South Africa,2025-08-08,13.6
Cape Town,South Africa,2019-11-03,21.7
Cape Town,South Africa,2024-10-07,17.6
Cape Town,South Africa,2020-02-05,21.3
Cape Town,South Africa,2022-02-03,22.1
Cape Town,South Africa,2017-06-01,16.4
Cape Town,South Africa,2025-04-22,17.6
Cape Town,South Africa,2017-03-31,18.9
Cape Town,South Africa,2017-06-01,14.1
Cape Town,South Africa,2025-10-17,18.8
Cape Town,South Africa,2022-03-16,20.0
Cape Town,South Africa,2016-12-05,28.5
Cape Town,South Africa,2018-01-17,21.8
Cape Town,South Africa,2020-06-16,13.3
Cape Town,South Africa,2021-09-23,13.9
Cape Town,South Africa,2018-03-09,20.8
Cape Town,South Africa,2024-09-13,19.1
Cape Town,South Africa,2016-03-09,19.8
Cape Town,South Africa,2021-11-22,25.9
Cape Town,South Africa,2022-09-27,18.6
Cape Town,South Africa,2021-12-13,20.9
Cape Town,South Africa,2021-11-20,25.0
Cape Town,South Africa,2022-01-18,23.6
Cape Town,South Africa,2018-08-01,10.5
Cape Town,South Africa,2017-11-14,15.9
Cape Town,South Africa,2020-03-13,20.0
Cape Town,South Africa,2023-02-13,23.7
Cape Town,South Africa,2023-02-11,22.2
Cape Town,South Africa,2024-06-03,10.7
Cape Town,South Africa,2024-01-12,25.8
Cape Town,South Africa,2022-11-02,25.3
Cape Town,South Africa,2020-10-02,19.7
Cape Town,South Africa,2020-06-29,10.3
Cape Town,South Africa,2019-04-29,12.0
Cape Town,South Africa,2020-09-21,19.1
Cape Town,South Africa,2021-05-05,12.4
Cape Town,South Africa,2019-05-13,13.1
Cape Town,South Africa,2016-01-02,26.2
Cape Town,South Africa,2023-06-29,13.0
Cape Town,South Africa,2019-06-30,12.4
Cape Town,South Africa,2022-08-29,18.3
Cape Town,South Africa,2016-09-30,20.4
Cape Town,South Africa,2017-08-11,14.3
Cape Town,South Africa,2021-05-23,13.8
Cape Town,South Africa,2025-01-18,19.8
Cape Town,South Africa,2018-09-20,16.5
Cape Town,South Africa,2020-09-12,17.4
Cape Town,South Africa,2020-05-20,11.1
Cape Town,South Africa,2019-12-06,22.5
Cape Town,South Africa,2016-10-15,20.7
Cape Town,South Africa,2017-07-29,17.5
Cape Town,South Africa,2020-07-02,13.9
Cape Town,South Africa,2023-07-16,14.3
Cape Town,South Africa,2017-09-13,16.9
Cape Town,South Africa,2019-02-02,23.0
Cape Town,South Africa,2024-07-12,10.6
Cape Town,South Africa,2021-11-02,24.0
Cape Town,South Africa,2019-06-28,8.1
Cape Town,South Africa,2022-09-17,16.5
Cape Town,South Africa,2021-04-13,15.6
Cape Town,South Africa,2025-03-21,19.8
Cape Town,South Africa,2017-05-26,9.5
Cape Town,South Africa,2017-09-21,16.8
Cape Town,South Africa,2016-10-15,22.4
Cape Town,South Africa,2024-01-28,20.0
Cape Town,South Africa,2019-10-30,24.7
Cape Town,South Africa,2016-06-16,8.1
Cape Town,South Africa,2020-04-11,16.3
Cape Town,South Africa,2023-01-11,21.8
Cape Town,South Africa,2021-03-25,16.2
Cape Town,South Africa,2023-12-17,24.0
Cape Town,South Africa,2023-10-03,20.2
Cape Town,South Africa,2019-04-07,14.2
Cape Town,South Africa,2018-07-09,10.9
Cape Town,South Africa,2024-03-16,18.0
Cape Town,South Africa,2022-10-07,23.0
Cape Town,South Africa,2018-09-15,15.8
Cape Town,South Africa,2025-09-30,19.8
Cape Town,South Africa,2023-11-13,20.3
Cape Town,South Africa,2020-11-06,19.3
Cape Town,South Africa,2025-09-13,18.0
Cape Town,South Africa,2024-08-19,13.7
Cape Town,South Africa,2019-02-03,25.0
Cape Town,South Africa,2018-10-27,19.8
Cape Town,South Africa,2023-06-24,10.1
Cape Town,South Africa,2025-05-18,12.5
Cape Town,South Africa,2016-02-22,22.2
Cape Town,South Africa,2017-02-18,20.2
Cape Town,South Africa,2022-07-27,10.3
Cape Town,South Africa,2021-07-20,12.6
Cape Town,South Africa,2018-12-24,25.6
Cape Town,South Africa,2017-03-01,23.4
Cape Town,South Africa,2021-06-21,11.4
Cape Town,South Africa,2022-04-15,13.1
Cape Town,South Africa,2022-10-20,18.7
Cape Town,South Africa,2021-10-26,22.9
Cape Town,South Africa,2016-06-21,9.3
Cape Town,South Africa,2022-09-30,21.4
Cape Town,South Africa,2023-03-17,20.5
Cape Town,South Africa,2017-02-07,20.7
Cape Town,South Africa,2024-07-26,12.1
Cape Town,South Africa,2018-09-04,13.8
Cape Town,South Africa,2022-10-09,21.6
Cape Town,South Africa,2020-09-23,19.0
Cape Town,South Africa,2016-06-12,8.7
Cape Town,South Africa,2019-11-23,21.5
Cape Town,South Africa,2021-03-02,17.9
Cape Town,South Africa,2022-06-06,12.1
Cape Town,South Africa,2020-06-21,11.1
Cape Town,South Africa,2025-02-12,22.3
Cape Town,South Africa,2020-11-03,18.5
Cape Town,South Africa,2023-07-03,12.8
Cape Town,South Africa,2018-01-10,22.4
Cape Town,South Africa,2016-04-08,14.5
Cape Town,South Africa,2019-04-12,14.1
Cape Town,South Africa,2020-08-15,15.0
Cape Town,South Africa,2025-07-11,8.8
Cape Town,South Africa,2025-12-28,23.4
Cape Town,South Africa,2019-11-10,25.7
Cape Town,South Africa,2019-12-14,24.9
Cape Town,South Africa,2020-12-31,23.2
Cape Town,South Africa,2024-10-15,22.1
Cape Town,South Africa,2023-02-13,21.8
Cape Town,South Africa,2018-12-13,23.6
Cape Town,South Africa,2022-04-06,14.9
Cape Town,South Africa,2024-08-23,16.6
Cape Town,South Africa,2024-04-21,12.3
Cape Town,South Africa,2020-07-01,11.7
Cape Town,South Africa,2017-12-05,19.8
Cape Town,South Africa,2025-06-21,10.6
Cape Town,South Africa,2019-12-11,23.4
Cape Town,South Africa,2022-11-29,19.5
Cape Town,South Africa,2018-07-21,11.4
Cape Town,South Africa,2019-07-20,12.6
Cape Town,South Africa,2024-02-05,20.9
Cape Town,South Africa,2017-01-05,22.2
Cape Town,South Africa,2021-07-29,11.3
Cape Town,South Africa,2023-03-04,20.2
Cape Town,South Africa,2018-12-20,25.3
Cape Town,South Africa,2025-08-07,12.8
Cape Town,South Africa,2025-01-13,21.3
Cape Town,South Africa,2020-11-28,25.7
Cape Town,South Africa,2017-11-21,20.6
Cape Town,South Africa,2019-08-15,15.2
Cape Town,South Africa,2019-06-25,11.6
Cape Town,South Africa,2021-09-04,15.0
Cape Town,South Africa,2024-06-26,9.1
Cape Town,South Africa,2022-04-12,13.5
Cape Town,South Africa,2023-10-20,19.9
Cape Town,South Africa,2016-11-07,22.2
Cape Town,South Africa,2022-09-15,17.7
Cape Town,South Africa,2025-10-31,19.3
Cape Town,South Africa,2017-08-20,11.0
Cape Town,South Africa,2024-01-11,22.1
Cape Town,South Africa,2017-06-28,13.1
Cape Town,South Africa,2020-04-26,18.1
Cape Town,South Africa,2025-02-18,23.7
Cape Town,South Africa,2025-10-29,22.4
Cape Town,South Africa,2022-05-24,11.1
Cape Town,South Africa,2016-12-02,22.6
Cape Town,South Africa,2025-04-06,17.3
Cape Town,South Africa,2016-06-16,11.6
Cape Town,South Africa,2019-01-26,23.6
Cape Town,South Africa,2016-04-17,11.1
Cape Town,South Africa,2018-06-15,11.7
Cape Town,South Africa,2018-10-01,20.0
Cape Town,South Africa,2025-02-06,20.1
Cape Town,South Africa,2018-06-03,12.8
Cape Town,South Africa,2016-03-26,18.4
Cape Town,South Africa,2025-08-13,10.8
Cape Town,South Africa,2020-08-24,12.3
Cape Town,South Africa,2022-03-28,14.5
Cape Town,South Africa,2020-08-15,13.2
Cape Town,South Africa,2018-02-01,23.5
Cape Town,South Africa,2023-01-13,20.9
Cape Town,South Africa,2022-06-15,15.8
Cape Town,South Africa,2024-05-16,9.0
Cape Town,South Africa,2018-12-07,21.8
Cape Town,South Africa,2025-01-03,17.9
Cape Town,South Africa,2024-12-27,23.3
Cape Town,South Africa,2018-08-19,16.2
Cape Town,South Africa,2019-08-04,12.3
Cape Town,South Africa,2023-10-10,19.2
Cape Town,South Africa,2017-07-04,10.0
Cape Town,South Africa,2023-11-17,25.8
Cape Town,South Africa,2018-10-08,19.9
Cape Town,South Africa,2017-01-30,19.6
Cape Town,South Africa,2024-10-17,23.3
Cape Town,South Africa,2022-01-01,23.1
Cape Town,South Africa,2019-07-08,14.7
Cape Town,South Africa,2018-07-22,14.6
Cape Town,South Africa,2024-01-28,20.5
Cape Town,South Africa,2022-03-19,20.4
Cape Town,South Africa,2025-03-17,20.3
Cape Town,South Africa,2022-06-10,11.4
Cape Town,South Africa,2025-05-19,15.1
Cape Town,South Africa,2021-07-29,13.6
Cape Town,South Africa,2022-08-17,9.5
Cape Town,South Africa,2017-12-02,25.1
Cape Town,South Africa,2016-03-31,14.2
Cape Town,South Africa,2016-08-23,13.8
Cape Town,South Africa,2019-11-24,19.7
Cape Town,South Africa,2016-09-18,17.7
Cape Town,South Africa,2023-08-25,11.7
Cape Town,South Africa,2019-02-04,25.8
Cape Town,South Africa,2022-05-22,12.3
Cape Town,South Africa,2016-04-22,18.7
Cape Town,South Africa,2024-01-01,21.7
Cape Town,South Africa,2024-07-27,11.4
Cape Town,South Africa,2017-06-30,12.9
Cape Town,South Africa,2021-01-25,22.3
Cape Town,South Africa,2019-06-23,8.6
Cape Town,South Africa,2019-09-15,16.1
Cape Town,South Africa,2018-08-10,9.8
Cape Town,South Africa,2020-07-25,10.8
Cape Town,South Africa,2017-08-13,14.3
Cape Town,South Africa,2022-07-31,7.2
Cape Town,South Africa,2019-07-12,15.3
Cape Town,South Africa,2016-08-04,9.1
Cape Town,South Africa,2023-12-26,23.6
Cape Town,South Africa,2024-09-07,13.5
Cape Town,South Africa,2016-10-17,18.3
Cape Town,South Africa,2024-03-10,17.1
Cape Town,South Africa,2017-10-22,20.4
Cape Town,South Africa,2022-09-29,16.8
Cape Town,South Africa,2024-09-04,15.9
Cape Town,South Africa,2018-01-12,21.8
Cape Town,South Africa,2016-04-30,12.4
Cape Town,South Africa,2017-05-04,11.6
Cape Town,South Africa,2019-09-21,21.6
Cape Town,South Africa,2022-06-09,14.2
Cape Town,South Africa,2023-11-11,24.0
Cape Town,South Africa,2020-07-27,12.0
Cape Town,South Africa,2020-04-10,15.2
Cape Town,South Africa,2019-11-07,20.8
Cape Town,South Africa,2018-01-19,24.3
Cape Town,South Africa,2023-12-06,24.3
Cape Town,South Africa,2020-10-28,22.8
Cape Town,South Africa,2018-01-25,20.8
Cape Town,South Africa,2018-12-03,22.0
Cape Town,South Africa,2023-04-05,17.0
Cape Town,South Africa,2023-02-05,23.7
Cape Town,South Africa,2017-01-20,23.8
Cape Town,South Africa,2021-11-15,22.1
Cape Town,South Africa,2016-09-06,20.1
Cape Town,South Africa,2022-03-31,18.4
Cape Town,South Africa,2017-11-21,23.4
Cape Town,South Africa,2016-01-08,25.6
Cape Town,South Africa,2016-01-20,22.2
Cape Town,South Africa,2019-08-31,15.0
Cape Town,South Africa,2022-05-15,13.1
Cape Town,South Africa,2022-04-26,13.6
Cape Town,South Africa,2017-12-07,23.8
Cape Town,South Africa,2018-02-11,19.7
Cape Town,South Africa,2022-01-01,21.6
Cape Town,South Africa,2018-06-13,12.5
Cape Town,South Africa,2023-08-30,15.1
Cape Town,South Africa,2017-09-25,15.8
Cape Town,South Africa,2025-12-30,21.9
Cape Town,South Africa,2020-12-10,22.3
Cape Town,South Africa,2017-12-28,19.5
Cape Town,South Africa,2021-09-09,18.4
Cape Town,South Africa,2016-05-04,16.4
Cape Town,South Africa,2022-12-23,25.9
Cape Town,South Africa,2024-11-24,23.5
Cape Town,South Africa,2017-05-07,13.9
Cape Town,South Africa,2019-04-08,14.2
Cape Town,South Africa,2017-03-17,17.4
Cape Town,South Africa,2021-10-24,21.7
Cape Town,South Africa,2017-11-16,24.3
Cape Town,South Africa,2022-10-07,17.7
Cape Town,South Africa,2017-09-27,22.6
Cape Town,South Africa,2021-02-05,21.7
Cape Town,South Africa,2023-05-21,10.5
Cape Town,South Africa,2021-01-08,22.6
Cape Town,South Africa,2017-04-21,14.2
Cape Town,South Africa,2018-10-05,18.3
Cape Town,South Africa,2020-02-06,24.9
Cape Town,South Africa,2021-07-03,15.6
Cape Town,South Africa,2018-02-10,21.5
Cape Town,South Africa,2016-08-28,14.6
Cape Town,South Africa,2021-05-21,14.0
Cape Town,South Africa,2023-12-08,19.3
Cape Town,South Africa,2024-06-17,12.0
Cape Town,South Africa,2021-10-30,20.4
Cape Town,South Africa,2017-01-07,22.3
Cape Town,South Africa,2021-11-29,21.5
Cape Town,South Africa,2022-04-25,12.1
Cape Town,South Africa,2020-06-02,10.7
Cape Town,South Africa,2024-06-27,10.2
Cape Town,South Africa,2019-08-05,12.8
Cape Town,South Africa,2017-07-08,10.5
Cape Town,South Africa,2023-01-09,23.6
Cape Town,South Africa,2020-10-12,18.1
Cape Town,South Africa,2021-07-01,12.7
Cape Town,South Africa,2016-04-07,14.1
Cape Town,South Africa,2021-06-05,11.9
Cape Town,South Africa,2022-11-02,19.6
Cape Town,South Africa,2024-10-25,22.4
Cape Town,South Africa,2024-08-22,13.9
Cape Town,South Africa,2016-08-13,16.8
Cape Town,South Africa,2021-11-30,23.7
Cape Town,South Africa,2016-12-31,22.3
Cape Town,South Africa,2019-06-11,14.2
Cape Town,South Africa,2022-05-28,10.0
Cape Town,South Africa,2022-02-01,22.8
Cape Town,South Africa,2016-07-15,13.5
Cape Town,South Africa,2021-12-28,28.6
Cape Town,South Africa,2020-04-25,15.1
Cape Town,South Africa,2018-02-10,19.9
Cape Town,South Africa,2025-03-28,18.9
Cape Town,South Africa,2025-04-03,15.5
Cape Town,South Africa,2021-09-13,14.7
Cape Town,South Africa,2021-11-16,23.8
Cape Town,South Africa,2023-08-21,12.5
Cape Town,South Africa,2023-11-03,22.9
Cape Town,South Africa,2021-02-15,21.3
Cape Town,South Africa,2018-01-30,24.6
Cape Town,South Africa,2016-10-25,18.9
Cape Town,South Africa,2024-01-03,23.8
Cape Town,South Africa,2023-03-08,20.3
Cape Town,South Africa,2022-11-15,26.8
Cape Town,South Africa,2018-04-23,14.9
Cape Town,South Africa,2023-09-24,19.0
Cape Town,South Africa,2018-09-11,17.5
Cape Town,South Africa,2023-05-25,13.7
Cape Town,South Africa,2017-12-26,20.0
Cape Town,South Africa,2020-05-16,13.5
Cape Town,South Africa,2025-05-24,10.5
Cape Town,South Africa,2020-07-04,12.7
Cape Town,South Africa,2018-10-05,19.2
Cape Town,South Africa,2022-12-21,21.5
Cape Town,South Africa,2020-09-27,14.6
Cape Town,South Africa,2023-08-18,10.6
Cape Town,South Africa,2023-01-08,21.5
Cape Town,South Africa,2019-06-22,12.6
Cape Town,South Africa,2024-04-05,20.0
Cape Town,South Africa,2019-01-21,22.4
Cape Town,South Africa,2025-03-27,17.2
Cape Town,South Africa,2020-08-21,11.8
Cape Town,South Africa,2018-02-15,23.6
Cape Town,South Africa,2025-02-27,20.2
Cape Town,South Africa,2016-02-12,19.7
Cape Town,South Africa,2023-01-10,23.0
Cape Town,South Africa,2024-08-08,12.9
Cape Town,South Africa,2021-01-13,25.2
Cape Town,South Africa,2016-10-15,22.2
Cape Town,South Africa,2023-02-24,21.0
Cape Town,South Africa,2024-11-14,23.1
Cape Town,South Africa,2021-06-24,13.8
Cape Town,South Africa,2017-11-16,23.4
Cape Town,South Africa,2024-04-19,14.6
Cape Town,South Africa,2023-10-17,23.1
Cape Town,South Africa,2020-06-19,11.1
Cape Town,South Africa,2025-08-05,14.7
Cape Town,South Africa,2022-05-24,12.0
Cape Town,South Africa,2020-06-05,15.1
Cape Town,South Africa,2025-03-24,18.4
Cape Town,South Africa,2016-12-20,22.6
Cape Town,South Africa,2022-03-22,18.3
Cape Town,South Africa,2021-10-23,19.5
Cape Town,South Africa,2016-05-26,11.1
Cape Town,South Africa,2018-07-25,12.6
Cape Town,South Africa,2016-06-04,12.4
Cape Town,South Africa,2024-07-20,11.1
Cape Town,South Africa,2023-10-12,20.1
Cape Town,South Africa,2022-11-25,21.5
Cape Town,South Africa,2020-02-28,18.8
Cape Town,South Africa,2022-09-11,16.9
Cape Town,South Africa,2024-08-16,18.6
Cape Town,South Africa,2024-08-06,14.5
Cape Town,South Africa,2018-02-13,21.5
Cape Town,South Africa,2016-06-28,8.4
Cape Town,South Africa,2022-05-18,13.7
Cape Town,South Africa,2025-08-21,14.5
Cape Town,South Africa,2018-10-24,22.3
Cape Town,South Africa,2018-04-01,15.7
Cape Town,South Africa,2023-03-23,19.3
Cape Town,South Africa,2019-04-10,16.3
Cape Town,South Africa,2021-09-01,16.6
Cape Town,South Africa,2018-03-07,19.6
Cape Town,South Africa,2019-10-07,17.9
Cape Town,South Africa,2025-10-08,17.4
Cape Town,South Africa,2020-12-09,24.7
Cape Town,South Africa,2021-12-04,23.9
Cape Town,South Africa,2019-03-24,16.3
Cape Town,South Africa,2019-07-24,12.0
Cape Town,South Africa,2016-08-20,15.0
Cape Town,South Africa,2021-10-22,21.0
Cape Town,South Africa,2021-12-28,26.6
Cape Town,South Africa,2024-02-13,21.5
Cape Town,South Africa,2019-08-10,12.7
Cape Town,South Africa,2017-03-01,20.5
Cape Town,South Africa,2023-09-03,15.8
Cape Town,South Africa,2022-04-23,16.4
Cape Town,South Africa,2016-08-27,16.4
Cape Town,South Africa,2017-05-05,10.3
Cape Town,South Africa,2025-08-11,14.0
Cape Town,South Africa,2022-04-27,16.9
Cape Town,South Africa,2022-02-12,23.8
Cape Town,South Africa,2021-05-05,14.7
Cape Town,South Africa,2022-05-29,11.0
Cape Town,South Africa,2022-11-28,21.7
Cape Town,South Africa,2020-05-03,10.4
Cape Town,South Africa,2023-08-29,16.2
Cape Town,South Africa,2021-07-02,10.2
Cape Town,South Africa,2023-02-20,19.3
Cape Town,South Africa,2021-02-06,17.4
Cape Town,South Africa,2021-02-03,22.4
Mumbai,India,2022-01-06,25.2
Mumbai,India,2019-03-20,26.4
Mumbai,India,2023-02-22,25.2
Mumbai,India,2020-05-10,25.0
Mumbai,India,2018-11-19,25.9
Mumbai,India,2016-03-26,26.5
Mumbai,India,2020-11-03,25.5
Mumbai,India,2021-02-26,25.0
Mumbai,India,2020-08-07,29.3
Mumbai,India,2018-07-18,28.2
Mumbai,India,2020-07-05,32.9
Mumbai,India,2018-05-02,31.7
Mumbai,India,2020-07-20,28.7
Mumbai,India,2024-03-23,28.6
Mumbai,India,2021-01-26,22.8
Mumbai,India,2020-01-29,25.4
Mumbai,India,2019-10-15,25.2
Mumbai,India,2024-02-10,27.0
Mumbai,India,2021-12-10,24.5
Mumbai,India,2018-02-21,27.1
Mumbai,India,2022-05-17,31.7
Mumbai,India,2023-05-24,34.4
Mumbai,India,2024-10-16,22.9
Mumbai,India,2022-02-23,23.0
Mumbai,India,2025-09-02,28.8
Mumbai,India,2023-03-22,25.4
Mumbai,India,2019-06-11,31.2
Mumbai,India,2017-03-21,28.5
Mumbai,India,2022-02-01,23.9
Mumbai,India,2025-05-04,28.4
Mumbai,India,2024-09-07,29.7
Mumbai,India,2018-03-27,26.3
Mumbai,India,2018-06-08,28.7
Mumbai,India,2023-05-25,34.2
Mumbai,India,2020-04-23,31.3
Mumbai,India,2020-12-19,23.2
Mumbai,India,2016-04-07,27.8
Mumbai,India,2023-06-25,29.1
Mumbai,India,2017-12-06,23.6
Mumbai,India,2022-04-26,32.7
Mumbai,India,2024-08-16,30.6
Mumbai,India,2024-10-07,28.2
Mumbai,India,2024-12-24,24.7
Mumbai,India,2021-04-03,30.1
Mumbai,India,2018-10-03,27.5
Mumbai,India,2021-06-16,30.2
Mumbai,India,2019-07-19,28.0
Mumbai,India,2021-12-13,21.9
Mumbai,India,2024-03-30,27.6
Mumbai,India,2017-02-01,24.5
Mumbai,India,2024-10-28,25.8
Mumbai,India,2025-09-01,28.9
Mumbai,India,2025-10-01,30.6
Mumbai,India,2019-07-07,32.2
Mumbai,India,2020-01-01,24.4
Mumbai,India,2018-05-22,31.6
Mumbai,India,2019-06-13,32.0
Mumbai,India,2019-07-16,29.1
Mumbai,India,2022-07-17,32.5
Mumbai,India,2019-10-18,24.7
Mumbai,India,2023-11-21,25.2
Mumbai,India,2024-12-30,25.6
Mumbai,India,2022-04-20,31.4
Mumbai,India,2017-10-30,28.8
Mumbai,India,2020-08-27,32.2
Mumbai,India,2020-08-05,33.0
Mumbai,India,2017-10-10,23.8
Mumbai,India,2023-11-06,24.0
Mumbai,India,2019-02-25,24.4
Mumbai,India,2017-04-09,24.5
Mumbai,India,2023-06-12,35.1
Mumbai,India,2017-02-01,23.4
Mumbai,India,2024-06-22,35.0
Mumbai,India,2021-04-20,30.1
Mumbai,India,2020-04-02,24.8
Mumbai,India,2022-07-28,30.8
Mumbai,India,2023-09-19,29.5
Mumbai,India,2020-12-11,23.9
Mumbai,India,2022-07-23,28.6
Mumbai,India,2016-03-22,26.6
Mumbai,India,2021-07-07,33.3
Mumbai,India,2025-12-06,23.3
Mumbai,India,2019-10-23,29.8
Mumbai,India,2016-10-09,26.1
Mumbai,India,2017-12-26,25.1
Mumbai,India,2020-05-31,32.0
Mumbai,India,2017-09-04,32.1
Mumbai,India,2023-07-02,34.0
Mumbai,India,2018-03-18,28.9
Mumbai,India,2023-12-23,23.6
Mumbai,India,2024-11-21,25.2
Mumbai,India,2022-10-05,26.4
Mumbai,India,2024-12-18,21.2
Mumbai,India,2022-08-14,29.7
Mumbai,India,2020-09-07,30.2
Mumbai,India,2018-11-01,25.1
Mumbai,India,2018-02-25,20.4
Mumbai,India,2016-04-06,27.9
Mumbai,India,2021-06-28,30.5
Mumbai,India,2023-04-13,29.9
Mumbai,India,2018-09-05,28.0
Mumbai,India,2020-11-08,23.4
Mumbai,India,2019-10-14,29.4
Mumbai,India,2024-07-08,31.7
Mumbai,India,2023-05-13,29.4
Mumbai,India,2022-03-08,26.8
Mumbai,India,2016-05-08,33.8
Mumbai,India,2022-12-31,28.1
Mumbai,India,2016-02-13,25.3
Mumbai,India,2020-04-08,28.1
Mumbai,India,2018-03-28,29.4
Mumbai,India,2016-05-27,29.6
Mumbai,India,2023-10-18,24.5
Mumbai,India,2019-10-06,23.9
Mumbai,India,2020-02-11,26.6
Mumbai,India,2024-10-16,22.3
Mumbai,India,2020-10-04,25.2
Mumbai,India,2019-11-19,25.5
Mumbai,India,2024-01-24,24.5
Mumbai,India,2019-02-27,27.4
Mumbai,India,2018-12-28,25.9
Mumbai,India,2023-07-14,31.8
Mumbai,India,2016-12-13,25.5
Mumbai,India,2025-08-29,24.7
Mumbai,India,2021-09-15,28.2
Mumbai,India,2017-06-10,30.7
Mumbai,India,2025-01-15,24.4
Mumbai,India,2017-12-26,22.5
Mumbai,India,2020-03-09,29.1
Mumbai,India,2018-08-28,30.0
Mumbai,India,2024-09-25,27.9
Mumbai,India,2024-02-09,25.6
Mumbai,India,2016-02-25,25.8
Mumbai,India,2022-12-04,22.3
Mumbai,India,2016-10-15,27.6
Mumbai,India,2025-10-09,28.8
Mumbai,India,2021-03-02,25.1
Mumbai,India,2023-06-16,29.7
Mumbai,India,2017-03-09,26.2
Mumbai,India,2017-07-22,30.1
Mumbai,India,2018-03-28,31.8
Mumbai,India,2018-01-30,22.5
Mumbai,India,2017-01-10,24.0
Mumbai,India,2020-11-08,24.0
Mumbai,India,2024-11-16,24.1
Mumbai,India,2024-01-15,23.0
Mumbai,India,2016-11-21,22.3
Mumbai,India,2018-02-28,28.0
Mumbai,India,2021-05-03,31.1
Mumbai,India,2021-07-21,27.7
Mumbai,India,2022-10-15,25.5
Mumbai,India,2024-03-15,24.9
Mumbai,India,2023-08-01,26.9
Mumbai,India,2020-12-17,21.8
Mumbai,India,2018-01-27,23.9
Mumbai,India,2018-03-20,27.3
Mumbai,India,2018-12-14,25.6
Mumbai,India,2018-02-14,27.4
Mumbai,India,2023-11-07,27.4
Mumbai,India,2018-02-09,27.6
Mumbai,India,2018-02-05,27.0
Mumbai,India,2018-07-21,27.8
Mumbai,India,2017-10-27,22.5
Mumbai,India,2019-04-30,32.0
Mumbai,India,2022-09-29,24.6
Mumbai,India,2018-06-12,32.4
Mumbai,India,2020-10-13,26.2
Mumbai,India,2018-09-13,29.8
Mumbai,India,2021-12-13,28.2
Mumbai,India,2023-08-31,28.9
Mumbai,India,2018-10-27,25.3
Mumbai,India,2016-09-09,29.3
Mumbai,India,2016-09-14,23.6
Mumbai,India,2016-09-04,28.6
Mumbai,India,2022-12-13,24.1
Mumbai,India,2023-07-23,28.4
Mumbai,India,2024-07-28,32.1
Mumbai,India,2024-05-06,28.7
Mumbai,India,2023-07-25,32.7
Mumbai,India,2020-01-20,25.8
Mumbai,India,2023-10-30,24.1
Mumbai,India,2016-09-26,24.4
Mumbai,India,2022-05-20,30.2
Mumbai,India,2021-01-20,28.3
Mumbai,India,2020-01-06,24.0
Mumbai,India,2021-08-08,27.6
Mumbai,India,2019-05-14,30.4
Mumbai,India,2024-05-09,28.4
Mumbai,India,2018-02-18,25.8
Mumbai,India,2023-09-30,28.2
Mumbai,India,2019-12-16,20.5
Mumbai,India,2019-08-21,31.5
Mumbai,India,2024-12-05,27.2
Mumbai,India,2021-03-14,22.6
Mumbai,India,2025-09-28,28.9
Mumbai,India,2017-08-04,28.8
Mumbai,India,2024-04-10,28.6
Mumbai,India,2016-04-10,26.6
Mumbai,India,2025-10-17,27.1
Mumbai,India,2025-10-04,28.1
Mumbai,India,2023-02-02,26.0
Mumbai,India,2020-11-14,26.2
Mumbai,India,2024-11-15,26.4
Mumbai,India,2017-09-10,24.2
Mumbai,India,2022-08-25,30.4
Mumbai,India,2016-03-08,26.2
Mumbai,India,2020-05-21,28.9
Mumbai,India,2018-03-21,27.7
Mumbai,India,2016-03-29,26.8
Mumbai,India,2025-04-21,29.2
Mumbai,India,2025-07-29,28.9
Mumbai,India,2021-06-15,30.5
Mumbai,India,2022-10-21,25.4
Mumbai,India,2025-07-20,28.5
Mumbai,India,2017-10-16,23.1
Mumbai,India,2019-12-18,24.2
Mumbai,India,2017-03-10,28.4
Mumbai,India,2021-05-06,30.6
Mumbai,India,2022-10-25,25.2
Mumbai,India,2021-07-17,32.1
Mumbai,India,2025-01-04,24.6
Mumbai,India,2019-06-15,33.2
Mumbai,India,2023-01-30,26.3
Mumbai,India,2023-09-02,31.0
Mumbai,India,2022-12-08,23.2
Mumbai,India,2017-06-14,31.4
Mumbai,India,2021-12-09,23.4
Mumbai,India,2025-01-18,27.5
Mumbai,India,2023-09-21,28.8
Mumbai,India,2021-04-23,27.8
Mumbai,India,2016-09-15,29.7
Mumbai,India,2018-10-05,26.9
Mumbai,India,2018-05-07,32.8
Mumbai,India,2025-10-11,25.3
Mumbai,India,2019-07-04,28.1
Mumbai,India,2021-05-04,26.6
Mumbai,India,2024-10-27,25.1
Mumbai,India,2024-11-25,26.1
Mumbai,India,2019-09-18,26.3
Mumbai,India,2019-08-11,25.7
Mumbai,India,2024-10-06,23.0
Mumbai,India,2018-07-26,26.5
Mumbai,India,2023-12-10,22.8
Mumbai,India,2025-03-11,26.0
Mumbai,India,2018-10-17,23.8
Mumbai,India,2016-03-20,27.6
Mumbai,India,2019-07-07,30.0
Mumbai,India,2024-05-30,30.7
Mumbai,India,2017-08-30,28.2
Mumbai,India,2021-07-03,30.4
Mumbai,India,2021-03-10,23.4
Mumbai,India,2024-02-29,23.7
Mumbai,India,2018-12-25,25.8
Mumbai,India,2018-03-02,27.1
Mumbai,India,2024-11-15,25.0
Mumbai,India,2020-01-30,21.7
Mumbai,India,2025-07-04,31.3
Mumbai,India,2018-07-03,28.7
Mumbai,India,2023-02-06,26.9
Mumbai,India,2022-12-17,24.0
Mumbai,India,2021-05-30,27.5
Mumbai,India,2019-08-03,28.8
Mumbai,India,2021-06-08,33.6
Mumbai,India,2022-01-05,23.9
Mumbai,India,2018-03-30,29.2
Mumbai,India,2022-09-13,25.4
Mumbai,India,2022-10-14,28.5
Mumbai,India,2024-03-31,30.3
Mumbai,India,2025-12-03,25.4
Mumbai,India,2019-03-02,29.7
Mumbai,India,2018-10-13,26.8
Mumbai,India,2025-03-06,24.5
Mumbai,India,2025-07-24,32.0
Mumbai,India,2017-08-13,29.8
Mumbai,India,2019-04-27,32.4
Mumbai,India,2024-07-19,31.1
Mumbai,India,2020-09-22,29.4
Mumbai,India,2017-08-27,30.0
Mumbai,India,2021-01-03,22.3
Mumbai,India,2022-08-29,27.1
Mumbai,India,2020-12-24,24.1
Mumbai,India,2019-01-25,23.6
Mumbai,India,2021-02-10,24.7
Mumbai,India,2021-01-30,27.9
Mumbai,India,2019-03-12,27.4
Mumbai,India,2016-03-10,27.7
Mumbai,India,2017-05-22,32.2
Mumbai,India,2021-05-08,30.6
Mumbai,India,2020-02-19,28.1
Mumbai,India,2020-03-16,30.1
Mumbai,India,2022-03-03,28.4
Mumbai,India,2019-08-19,29.7
Mumbai,India,2020-06-08,32.1
Mumbai,India,2024-07-12,33.3
Mumbai,India,2016-05-21,29.4
Mumbai,India,2024-06-25,29.6
Mumbai,India,2022-05-17,32.7
Mumbai,India,2024-02-08,25.7
Mumbai,India,2024-01-16,23.8
Mumbai,India,2016-10-05,24.3
Mumbai,India,2017-07-27,31.8
Mumbai,India,2024-01-02,26.1
Mumbai,India,2018-08-20,30.9
Mumbai,India,2020-01-02,25.1
Mumbai,India,2019-10-17,27.6
Mumbai,India,2016-10-11,27.2
Mumbai,India,2021-07-10,30.3
Mumbai,India,2020-09-01,29.1
Mumbai,India,2023-03-13,27.7
Mumbai,India,2022-02-23,22.9
Mumbai,India,2025-03-24,28.7
Mumbai,India,2017-10-13,27.0
Mumbai,India,2017-04-17,29.3
Mumbai,India,2018-07-20,26.6
Mumbai,India,2018-09-07,31.2
Mumbai,India,2016-04-09,29.6
Mumbai,India,2016-08-02,28.2
Mumbai,India,2021-05-14,27.8
Mumbai,India,2016-06-22,34.3
Mumbai,India,2017-09-17,28.6
Mumbai,India,2025-10-05,27.8
Mumbai,India,2020-05-06,31.3
Mumbai,India,2024-06-23,29.7
Mumbai,India,2021-09-20,26.1
Mumbai,India,2024-08-01,30.1
Mumbai,India,2024-01-06,24.5
Mumbai,India,2023-10-26,24.9
Mumbai,India,2018-03-30,28.3
Mumbai,India,2022-08-12,31.1
Mumbai,India,2021-07-06,31.2
Mumbai,India,2016-01-30,24.3
Mumbai,India,2025-11-20,25.2
Mumbai,India,2020-02-16,21.8
Mumbai,India,2020-06-14,30.8
Mumbai,India,2018-05-21,30.6
Mumbai,India,2023-01-14,24.5
Mumbai,India,2024-05-06,28.8
Mumbai,India,2020-03-13,25.9
Mumbai,India,2021-09-23,24.5
Mumbai,India,2024-06-16,33.4
Mumbai,India,2022-10-24,25.6
Mumbai,India,2018-12-02,25.5
Mumbai,India,2020-05-27,31.9
Mumbai,India,2016-04-28,30.7
Mumbai,India,2020-12-29,21.7
Mumbai,India,2021-09-27,25.4
Mumbai,India,2024-08-19,28.3
Mumbai,India,2016-06-19,31.7
Mumbai,India,2020-05-06,31.1
Mumbai,India,2025-10-20,22.7
Mumbai,India,2018-04-22,30.0
Mumbai,India,2024-05-18,32.9
Mumbai,India,2019-05-08,31.5
Mumbai,India,2025-12-10,21.5
Mumbai,India,2022-08-26,29.8
Mumbai,India,2016-08-10,28.1
Mumbai,India,2023-04-07,26.6
Mumbai,India,2025-12-01,22.4
Mumbai,India,2025-06-17,31.0
Mumbai,India,2019-06-23,33.4
Mumbai,India,2016-02-20,26.0
Mumbai,India,2019-09-29,28.3
Mumbai,India,2018-04-25,26.2
Mumbai,India,2024-01-27,24.7
Mumbai,India,2019-09-02,26.7
Mumbai,India,2024-06-14,31.5
Mumbai,India,2017-11-07,27.0
Mumbai,India,2022-09-10,27.1
Mumbai,India,2019-03-14,27.8
Mumbai,India,2018-10-14,23.3
Mumbai,India,2016-11-14,21.6
Mumbai,India,2025-07-24,27.7
Mumbai,India,2016-05-07,27.1
Mumbai,India,2019-01-28,22.0
Mumbai,India,2016-01-01,23.4
Mumbai,India,2022-05-15,32.1
Mumbai,India,2017-10-15,27.7
Mumbai,India,2023-03-30,29.0
Mumbai,India,2018-02-20,29.0
Mumbai,India,2020-03-07,26.0
Mumbai,India,2016-11-07,24.4
Mumbai,India,2019-05-03,32.6
Mumbai,India,2024-08-21,30.2
Mumbai,India,2017-08-03,30.3
Mumbai,India,2018-12-12,19.6
Mumbai,India,2024-12-23,25.2
Mumbai,India,2018-04-18,31.1
Mumbai,India,2023-08-24,31.1
Mumbai,India,2024-11-21,29.0
Mumbai,India,2021-05-05,30.8
Mumbai,India,2017-12-16,24.9
Mumbai,India,2018-08-19,29.5
Mumbai,India,2021-02-07,26.9
Mumbai,India,2022-04-02,26.2
Mumbai,India,2019-01-23,24.1
Mumbai,India,2021-05-18,33.5
Mumbai,India,2016-09-16,27.6
Mumbai,India,2016-09-23,26.2
Mumbai,India,2020-06-16,30.8
Mumbai,India,2021-07-30,29.8
Mumbai,India,2020-11-06,26.0
Mumbai,India,2016-02-24,24.1
Mumbai,India,2022-06-20,33.3
Mumbai,India,2024-08-18,27.6
Mumbai,India,2025-10-29,25.1
Mumbai,India,2021-05-16,31.9
Mumbai,India,2018-04-10,28.7
Mumbai,India,2019-01-18,24.0
Mumbai,India,2025-10-11,27.5
Mumbai,India,2025-02-01,27.7
Mumbai,India,2016-01-08,24.8
Mumbai,India,2022-04-25,29.4
Mumbai,India,2025-05-14,31.8
Mumbai,India,2023-11-19,22.5
Mumbai,India,2021-06-24,31.8
Mumbai,India,2024-04-29,26.6
Mumbai,India,2016-07-12,30.6
Mumbai,India,2020-02-13,26.2
Mumbai,India,2021-02-11,26.4
Mumbai,India,2020-03-08,24.4
Mumbai,India,2023-05-21,33.1
Mumbai,India,2022-01-23,22.7
Mumbai,India,2017-08-19,28.2
Mumbai,India,2020-07-25,33.0
Mumbai,India,2017-12-13,22.3
Mumbai,India,2019-11-24,23.5
Mumbai,India,2024-08-08,28.9
Mumbai,India,2024-06-05,34.4
Mumbai,India,2025-12-22,21.5
Mumbai,India,2020-01-15,24.4
Mumbai,India,2020-11-03,26.4
Mumbai,India,2017-07-17,31.5
Mumbai,India,2019-09-25,29.8
Mumbai,India,2021-01-20,23.1
Mumbai,India,2024-06-14,28.0
Mumbai,India,2025-12-23,23.3
Mumbai,India,2016-06-24,28.5
Mumbai,India,2023-01-04,27.8
Mumbai,India,2017-08-17,27.5
Mumbai,India,2025-04-30,28.2
Mumbai,India,2024-05-08,32.0
Mumbai,India,2017-07-25,33.5
Mumbai,India,2025-02-25,27.0
Mumbai,India,2020-06-11,27.3
Mumbai,India,2016-11-30,26.1
Mumbai,India,2021-08-15,25.9
Mumbai,India,2022-02-06,26.0
Mumbai,India,2016-01-17,24.6
Mumbai,India,2018-11-09,27.6
Mumbai,India,2017-11-05,23.9
Mumbai,India,2024-04-17,29.5
Mumbai,India,2019-10-03,29.9
Mumbai,India,2021-06-26,33.4
Mumbai,India,2024-12-08,26.3
Mumbai,India,2020-03-09,24.8
Mumbai,India,2023-05-14,29.6
Mumbai,India,2025-03-10,24.7
Mumbai,India,2024-05-29,32.4
Mumbai,India,2020-07-29,28.0
Mumbai,India,2018-07-13,25.3
Mumbai,India,2023-03-08,25.9
Mumbai,India,2023-10-13,25.3
Mumbai,India,2024-06-12,31.0
Mumbai,India,2024-11-24,24.4
Mumbai,India,2021-08-28,29.6
Mumbai,India,2016-10-22,23.5
Mumbai,India,2023-10-17,27.4
Mumbai,India,2020-07-21,30.1
Mumbai,India,2019-05-25,31.7
Mumbai,India,2017-01-30,22.6
Mumbai,India,2025-02-18,25.8
Mumbai,India,2019-04-26,29.8
Mumbai,India,2017-05-10,31.1
Mumbai,India,2023-08-19,33.0
Mumbai,India,2016-10-19,27.8
Mumbai,India,2017-05-02,30.6
Mumbai,India,2020-09-24,30.0
Mumbai,India,2016-02-13,24.4
Mumbai,India,2023-10-29,23.9
Mumbai,India,2020-03-15,26.0
Mumbai,India,2018-05-03,28.9
Mumbai,India,2021-05-13,32.8
Mumbai,India,2023-02-14,25.0
Mumbai,India,2021-07-05,30.5
Mumbai,India,2016-05-09,28.2
Mumbai,India,2018-11-13,24.7
Mumbai,India,2023-11-09,21.4
Mumbai,India,2024-06-10,31.5
Mumbai,India,2022-01-16,24.6
Mumbai,India,2022-08-01,28.1
Mumbai,India,2022-12-15,27.6
Mumbai,India,2023-09-06,25.1
Mumbai,India,2021-07-01,32.9
Mumbai,India,2021-06-19,30.9
Mumbai,India,2024-07-06,32.8
Mumbai,India,2022-02-05,23.8
Mumbai,India,2017-01-12,27.0
Mumbai,India,2024-01-10,25.8
Mumbai,India,2023-01-29,26.7
Mumbai,India,2024-05-26,29.6
Mumbai,India,2019-10-13,26.5
Mumbai,India,2016-05-20,36.2
Mumbai,India,2019-08-15,28.3
Mumbai,India,2025-08-01,33.4
Mumbai,India,2021-01-22,24.9
Mumbai,India,2016-02-12,27.4
Mumbai,India,2023-09-01,31.5
Mumbai,India,2024-10-03,29.6
Mumbai,India,2016-04-25,31.4
Mumbai,India,2021-08-18,28.6
Mumbai,India,2018-01-12,21.2
Mumbai,India,2020-05-08,30.8
Mumbai,India,2024-12-26,26.6
Mumbai,India,2016-07-18,29.3
Mumbai,India,2018-11-03,22.5
Mumbai,India,2021-07-04,29.3
Mumbai,India,2017-12-13,25.4
Mumbai,India,2017-10-28,24.5
Mumbai,India,2016-06-12,30.5
Mumbai,India,2017-03-25,29.4
Mumbai,India,2023-09-14,30.1
Mumbai,India,2018-03-26,30.8
Mumbai,India,2021-05-28,30.5
Mumbai,India,2024-09-12,28.0
Mumbai,India,2024-05-07,31.5
Mumbai,India,2024-08-30,24.7
Mumbai,India,2020-03-23,28.8
Mumbai,India,2019-10-24,26.0
Mumbai,India,2025-09-15,26.3
Mumbai,India,2018-07-25,26.9
Mumbai,India,2024-01-02,21.1
Mumbai,India,2017-04-20,30.2
Mumbai,India,2017-02-19,26.2
Mumbai,India,2022-10-14,27.1
Mumbai,India,2022-04-24,31.7
Mumbai,India,2024-11-27,24.6
Mumbai,India,2023-11-02,22.4
Mumbai,India,2023-10-12,27.6
Mumbai,India,2020-02-17,25.0
Mumbai,India,2021-04-24,28.6
Mumbai,India,2016-05-17,29.9
Mumbai,India,2020-09-25,29.7
Mumbai,India,2016-10-01,28.3
Mumbai,India,2023-06-15,31.6
Mumbai,India,2020-01-04,21.7
Mumbai,India,2018-09-23,27.8
Mumbai,India,2025-10-26,25.8
Mumbai,India,2016-12-19,24.3
Mumbai,India,2022-05-25,31.1
Mumbai,India,2023-05-26,31.8
Mumbai,India,2022-02-14,24.3
Mumbai,India,2016-09-30,28.0
Mumbai,India,2024-11-09,23.4
Mumbai,India,2017-04-19,26.9
Mumbai,India,2022-04-11,29.9
Mumbai,India,2019-05-15,30.6
Mumbai,India,2017-06-29,30.9
Mumbai,India,2020-03-03,24.4
Mumbai,India,2016-09-02,28.3
Mumbai,India,2021-11-18,24.5
Mumbai,India,2023-06-20,30.8
Mumbai,India,2019-05-27,33.1
Mumbai,India,2025-11-15,25.3
Mumbai,India,2018-09-25,25.7
Mumbai,India,2025-08-25,27.7
Mumbai,India,2023-06-12,31.1
Mumbai,India,2021-04-28,28.2
Mumbai,India,2017-12-07,24.3
Mumbai,India,2020-05-07,27.3
Mumbai,India,2025-08-18,28.5
Mumbai,India,2025-01-05,26.8
Mumbai,India,2025-08-14,30.9
Mumbai,India,2021-09-19,29.7
Mumbai,India,2021-05-10,32.8
Mumbai,India,2021-10-03,27.6
Mumbai,India,2017-11-05,25.0
Mumbai,India,2018-10-08,25.1
Mumbai,India,2023-01-06,22.6
Mumbai,India,2020-01-21,27.9
Mumbai,India,2020-07-22,29.1
Mumbai,India,2016-09-01,28.7
Mumbai,India,2019-08-05,29.5
Mumbai,India,2024-10-02,25.8
Mumbai,India,2024-02-23,26.7
Mumbai,India,2020-03-10,24.7
Mumbai,India,2025-09-20,29.3
Mumbai,India,2018-07-09,30.8
Mumbai,India,2022-11-23,23.4
Mumbai,India,2024-11-11,22.7
Mumbai,India,2025-10-11,26.2
Mumbai,India,2024-06-21,30.0
Mumbai,India,2021-11-05,23.9
Mumbai,India,2019-03-24,26.8
Mumbai,India,2022-09-22,27.5
Mumbai,India,2016-05-06,27.7
Mumbai,India,2023-11-25,25.6
Mumbai,India,2025-12-31,24.6
Mumbai,India,2016-06-12,27.6
Mumbai,India,2020-02-22,25.6
Mumbai,India,2023-04-17,30.6
Mumbai,India,2025-01-17,26.2
Mumbai,India,2025-05-18,30.2
Mumbai,India,2022-01-01,20.5
Mumbai,India,2025-08-04,27.3
Mumbai,India,2021-04-08,26.5
Mumbai,India,2025-10-08,26.4
Mumbai,India,2025-05-31,29.6
Mumbai,India,2023-08-26,26.2
Mumbai,India,2022-10-14,23.3
Mumbai,India,2017-07-16,28.7
Mumbai,India,2021-04-06,26.8
Mumbai,India,2019-11-03,27.8
Mumbai,India,2021-12-22,21.2
Mumbai,India,2018-10-27,25.2
Mumbai,India,2023-01-20,24.3
Mumbai,India,2019-03-29,29.5
Mumbai,India,2022-08-31,27.0
Mumbai,India,2019-08-20,29.2
Mumbai,India,2018-09-07,26.7
Mumbai,India,2019-06-08,30.2
Mumbai,India,2018-02-24,27.1
Mumbai,India,2020-08-12,27.5
Mumbai,India,2019-02-14,25.3
Mumbai,India,2023-05-23,32.6
Mumbai,India,2018-02-10,25.7
Mumbai,India,2017-07-24,26.3
Mumbai,India,2024-12-29,24.2
Mumbai,India,2023-09-15,26.2
Mumbai,India,2023-09-10,26.6
Mumbai,India,2019-08-08,31.8
Mumbai,India,2018-04-17,29.8
Mumbai,India,2017-12-11,21.5
Mumbai,India,2017-04-25,28.7
Mumbai,India,2023-02-28,22.1
Mumbai,India,2018-10-08,27.5
Mumbai,India,2025-04-24,32.7
Mumbai,India,2019-10-13,27.4
Mumbai,India,2021-07-28,33.0
Mumbai,India,2020-03-15,27.2
Mumbai,India,2019-01-13,26.6
Mumbai,India,2022-05-16,28.5
Mumbai,India,2018-11-09,25.4
Mumbai,India,2022-10-18,26.9
Mumbai,India,2020-03-22,28.0
Mumbai,India,2025-02-12,23.4
Mumbai,India,2016-09-29,26.4
Mumbai,India,2018-02-12,25.9
Mumbai,India,2021-07-20,29.2
Mumbai,India,2021-02-05,27.3
Mumbai,India,2025-03-17,26.1
Mumbai,India,2019-02-08,23.1
Mumbai,India,2018-12-24,23.9
Mumbai,India,2016-07-27,33.1
Mumbai,India,2021-06-28,30.7
Mumbai,India,2022-09-04,30.2
Mumbai,India,2019-07-06,32.2
Mumbai,India,2017-05-04,30.5
Mumbai,India,2024-07-10,31.6
Mumbai,India,2024-12-26,24.6
Mumbai,India,2016-10-14,26.1
Mumbai,India,2019-02-10,27.2
Mumbai,India,2017-06-05,32.4
Mumbai,India,2024-10-15,28.8
Mumbai,India,2020-09-29,28.8
Mumbai,India,2018-04-19,31.9
Mumbai,India,2016-09-02,29.3
Mumbai,India,2016-02-10,29.4
Mumbai,India,2024-01-26,28.2
Mumbai,India,2019-02-09,24.9
Mumbai,India,2018-06-21,32.4
Mumbai,India,2022-12-07,21.5
Mumbai,India,2022-03-13,24.9
Mumbai,India,2019-12-19,24.6
Mumbai,India,2022-03-17,26.2
Mumbai,India,2022-07-20,30.0
Mumbai,India,2025-01-13,25.5
Mumbai,India,2025-04-02,26.3
Mumbai,India,2016-03-12,28.6
Mumbai,India,2017-10-18,28.7
Mumbai,India,2019-01-09,26.0
Mumbai,India,2025-01-28,23.8
Mumbai,India,2025-06-24,31.1
Mumbai,India,2020-07-22,30.9
Mumbai,India,2017-11-09,27.1
Mumbai,India,2017-12-11,25.5
Mumbai,India,2016-01-13,23.5
Mumbai,India,2018-09-05,27.5
Mumbai,India,2025-08-27,27.1
Mumbai,India,2022-09-22,28.7
Mumbai,India,2018-08-09,28.1
Mumbai,India,2017-02-15,26.7
Mumbai,India,2020-12-24,22.3
Mumbai,India,2020-12-17,26.5
Mumbai,India,2025-07-16,34.1
Mumbai,India,2022-11-24,24.4
Mumbai,India,2024-07-30,29.8
Mumbai,India,2019-01-17,25.2
Mumbai,India,2020-11-23,27.3
Mumbai,India,2024-11-08,26.2
Mumbai,India,2016-03-25,26.4
Mumbai,India,2021-08-06,28.0
Mumbai,India,2020-12-16,23.9
Mumbai,India,2022-10-20,26.2
Mumbai,India,2016-11-12,25.8
Mumbai,India,2022-09-27,28.7
Mumbai,India,2017-11-20,21.9
Mumbai,India,2024-11-01,24.0
Mumbai,India,2019-12-17,24.8
Mumbai,India,2020-07-17,30.2
Mumbai,India,2018-08-03,33.3
Mumbai,India,2020-04-03,26.4
Mumbai,India,2016-04-09,27.3
Mumbai,India,2023-09-12,29.4
Mumbai,India,2023-10-28,24.8
Mumbai,India,2016-09-21,24.0
Mumbai,India,2020-05-11,31.2
Mumbai,India,2022-05-30,29.6
Mumbai,India,2021-07-03,32.6
Mumbai,India,2020-11-22,23.7
Mumbai,India,2017-01-01,19.7
Mumbai,India,2020-11-26,24.3
Mumbai,India,2020-02-10,26.7
Mumbai,India,2018-11-30,23.0
Mumbai,India,2025-07-28,30.5
Mumbai,India,2022-07-26,28.8
Mumbai,India,2025-01-31,22.7
Mumbai,India,2018-03-12,30.0
Mumbai,India,2020-02-02,20.3
Mumbai,India,2016-07-15,30.8
Mumbai,India,2017-10-12,25.4
Mumbai,India,2017-01-13,22.4
Mumbai,India,2018-10-22,24.1
Mumbai,India,2016-11-20,23.0
Mumbai,India,2017-09-02,28.4
Mumbai,India,2019-04-15,30.2
Mumbai,India,2025-10-07,28.2
Mumbai,India,2018-01-31,25.0
Mumbai,India,2021-11-02,26.9
Mumbai,India,2016-09-30,27.0
Mumbai,India,2016-08-01,31.0
Mumbai,India,2022-06-03,28.8
Mumbai,India,2025-09-20,24.7
Mumbai,India,2024-04-23,30.5
Mumbai,India,2020-09-29,29.2
Mumbai,India,2017-11-18,24.9
Mumbai,India,2018-03-11,30.4
Mumbai,India,2022-10-04,26.6
Mumbai,India,2017-02-19,25.0
Mumbai,India,2019-01-07,24.7
Mumbai,India,2017-05-23,29.4
Mumbai,India,2024-09-26,23.9
Mumbai,India,2024-02-10,26.0
Mumbai,India,2018-01-02,26.7
Mumbai,India,2018-10-03,30.6
Mumbai,India,2024-10-28,29.3
Mumbai,India,2024-08-04,30.3
Mumbai,India,2019-01-20,24.0
Mumbai,India,2021-08-28,28.9
Mumbai,India,2016-08-20,28.3
Mumbai,India,2021-04-05,29.0
Mumbai,India,2017-09-30,27.8
Mumbai,India,2022-10-30,24.1
Mumbai,India,2025-05-10,27.7
Mumbai,India,2021-03-09,29.3
Mumbai,India,2018-10-03,23.8
Mumbai,India,2024-01-01,24.9
Mumbai,India,2018-10-13,27.7
Mumbai,India,2016-06-22,33.3
Mumbai,India,2016-10-01,27.9
Mumbai,India,2019-03-22,27.3
Mumbai,India,2021-03-02,24.0
Mumbai,India,2024-06-16,30.6
Mumbai,India,2020-06-05,27.8
Mumbai,India,2025-12-19,23.0
Mumbai,India,2021-11-20,21.7
Mumbai,India,2021-10-29,26.0
Mumbai,India,2019-12-20,24.6
Mumbai,India,2025-05-23,28.0
Mumbai,India,2024-05-27,29.4
Mumbai,India,2020-07-27,31.2
Mumbai,India,2017-11-14,22.4
Mumbai,India,2025-01-09,24.1
Mumbai,India,2016-05-29,31.5
Mumbai,India,2020-02-14,28.0
Mumbai,India,2025-06-10,30.1
Mumbai,India,2020-08-16,32.1
Mumbai,India,2020-04-16,27.6
Mumbai,India,2019-07-12,32.2
Mumbai,India,2021-06-18,31.1
Mumbai,India,2020-11-18,24.9
Mumbai,India,2024-09-09,27.4
Mumbai,India,2025-09-13,27.1
Mumbai,India,2022-08-15,30.4
Mumbai,India,2023-04-12,25.5
Mumbai,India,2024-11-25,23.9
Mumbai,India,2016-03-08,28.1
Mumbai,India,2018-07-19,31.9
Mumbai,India,2020-06-23,30.1
Mumbai,India,2021-03-25,27.2
Mumbai,India,2018-04-18,27.2
Mumbai,India,2021-03-12,30.3
Mumbai,India,2018-10-02,30.6
Mumbai,India,2017-08-19,33.0
Mumbai,India,2019-04-25,26.7
Mumbai,India,2020-03-12,29.0
Mumbai,India,2020-05-02,30.5
Mumbai,India,2025-12-12,22.8
Mumbai,India,2022-09-16,26.1
Mumbai,India,2019-04-19,27.6
Mumbai,India,2021-05-08,31.9
Mumbai,India,2016-06-14,34.7
Mumbai,India,2021-05-17,28.7
Mumbai,India,2016-10-04,25.9
Mumbai,India,2021-09-06,29.5
Mumbai,India,2017-11-10,25.8
Mumbai,India,2024-05-06,30.0
Mumbai,India,2023-12-22,23.3
Mumbai,India,2021-09-17,27.5
Mumbai,India,2018-06-14,29.7
Mumbai,India,2021-01-10,22.8
Mumbai,India,2020-07-10,29.4
Mumbai,India,2019-11-22,26.8
Mumbai,India,2022-12-21,23.1
Mumbai,India,2024-12-25,25.7
Mumbai,India,2021-10-18,22.4
Mumbai,India,2024-07-03,28.8
Mumbai,India,2021-06-19,28.8
Mumbai,India,2023-06-22,32.0
Mumbai,India,2024-09-27,23.9
Mumbai,India,2021-09-03,27.6
Mumbai,India,2016-10-02,28.0
Mumbai,India,2025-04-01,28.0
Mumbai,India,2020-03-27,26.3
Mumbai,India,2024-03-15,29.9
Mumbai,India,2024-02-07,24.4
Mumbai,India,2024-07-18,29.8
Mumbai,India,2018-03-15,28.7
Mumbai,India,2020-06-03,31.9
Mumbai,India,2018-06-21,32.6
Mumbai,India,2017-06-28,31.4
Mumbai,India,2018-03-07,25.4
Mumbai,India,2024-12-18,24.6
Mumbai,India,2025-04-05,29.9
Mumbai,India,2022-05-16,28.9
Mumbai,India,2018-11-11,26.2
Mumbai,India,2016-09-28,27.0
Mumbai,India,2017-10-31,26.3
Mumbai,India,2021-05-30,29.5
Mumbai,India,2024-10-28,27.4
Mumbai,India,2017-11-09,25.8
Mumbai,India,2023-07-18,29.8
Mumbai,India,2021-02-25,26.0
Mumbai,India,2025-02-06,27.3
Mumbai,India,2020-03-04,24.8
Mumbai,India,2025-07-16,25.8
Mumbai,India,2022-06-21,32.0
Mumbai,India,2022-04-06,24.2
Mumbai,India,2024-04-27,28.3
Mumbai,India,2019-09-16,26.6
Mumbai,India,2017-09-29,25.7
Mumbai,India,2023-06-28,29.7
Mumbai,India,2021-10-31,22.4
Mumbai,India,2023-08-27,28.5
Mumbai,India,2018-10-01,29.6
Mumbai,India,2018-07-15,31.6
Mumbai,India,2019-01-19,22.5
Mumbai,India,2019-09-06,30.0
Mumbai,India,2024-02-14,24.8
Mumbai,India,2020-07-15,33.2
Mumbai,India,2024-12-27,24.9
Mumbai,India,2025-09-05,28.3
Mumbai,India,2022-03-23,31.2
Mumbai,India,2018-07-04,31.7
Mumbai,India,2018-10-15,24.9
Mumbai,India,2021-03-16,30.9
Mumbai,India,2023-10-27,22.9
Mumbai,India,2022-01-29,22.7
Mumbai,India,2020-06-25,30.9
Mumbai,India,2020-09-13,26.4
Mumbai,India,2018-09-20,26.9
Mumbai,India,2017-10-27,22.0
Mumbai,India,2023-06-08,27.5
Mumbai,India,2016-09-28,27.8
Mumbai,India,2016-08-21,24.7
Mumbai,India,2020-11-19,22.7
Mumbai,India,2020-08-23,30.3
Mumbai,India,2021-04-22,31.0
Mumbai,India,2020-02-26,25.8
Mumbai,India,2017-04-29,28.8
Mumbai,India,2021-07-07,33.0
Mumbai,India,2020-06-11,29.2
Mumbai,India,2025-07-11,29.7
Mumbai,India,2018-08-21,28.7
Mumbai,India,2017-11-06,27.7
Mumbai,India,2019-10-08,27.5
Mumbai,India,2020-03-23,29.1
Mumbai,India,2025-07-26,31.1
Mumbai,India,2024-12-05,24.5
Mumbai,India,2024-04-08,31.0
Mumbai,India,2021-07-10,31.0
Mumbai,India,2017-01-13,27.5
Mumbai,India,2023-10-27,24.1
Mumbai,India,2023-04-08,28.8
Mumbai,India,2021-04-14,29.3
Mumbai,India,2017-12-28,25.6
Mumbai,India,2025-06-17,31.3
Mumbai,India,2020-02-11,23.4
Mumbai,India,2023-11-07,20.9
Mumbai,India,2020-01-03,23.7
Mumbai,India,2017-11-07,24.2
Mumbai,India,2019-06-22,30.7
Mumbai,India,2022-07-15,31.2
Mumbai,India,2016-12-03,26.9
Mumbai,India,2025-03-18,27.0
Mumbai,India,2018-02-26,27.1
Mumbai,India,2025-03-29,23.7
Mumbai,India,2021-07-01,33.1
Mumbai,India,2022-11-25,26.0
Mumbai,India,2025-05-20,26.7
Mumbai,India,2019-03-11,26.2
Mumbai,India,2017-07-21,33.1
Mumbai,India,2018-11-30,25.3
Mumbai,India,2017-10-06,24.7
Mumbai,India,2017-01-28,22.3
Mumbai,India,2021-07-26,28.0
Mumbai,India,2016-05-11,28.3
Mumbai,India,2020-05-30,32.5
Mumbai,India,2023-10-17,23.6
Mumbai,India,2021-04-20,29.8
Mumbai,India,2021-09-15,26.1
Mumbai,India,2019-06-09,30.1
Mumbai,India,2020-06-30,34.0
Mumbai,India,2020-09-08,28.7
Mumbai,India,2025-07-01,29.6
Mumbai,India,2019-06-20,30.3
Mumbai,India,2021-03-04,25.2
Mumbai,India,2017-09-01,28.5
Mumbai,India,2016-08-28,28.3
Mumbai,India,2022-08-04,30.9
Mumbai,India,2021-01-12,23.4
Mumbai,India,2017-05-31,31.2
Mumbai,India,2024-08-21,29.9
Mumbai,India,2019-09-24,26.3
Mumbai,India,2024-01-22,22.1
Mumbai,India,2021-05-26,29.7
Mumbai,India,2023-03-24,28.0
Mumbai,India,2023-06-30,33.3
Mumbai,India,2022-08-04,29.2
Mumbai,India,2019-05-24,31.8
Mumbai,India,2021-04-22,28.7
Mumbai,India,2023-05-11,31.3
Mumbai,India,2018-02-23,26.1
Mumbai,India,2019-11-14,25.2
Mumbai,India,2025-07-26,30.6
Mumbai,India,2025-01-04,24.1
Mumbai,India,2021-07-31,31.5
Mumbai,India,2021-03-13,25.8
Mumbai,India,2023-12-14,22.3
Mumbai,India,2025-09-03,28.1
Mumbai,India,2019-09-01,29.7
Mumbai,India,2024-05-10,32.2
Mumbai,India,2019-07-13,30.3
Mumbai,India,2024-06-05,28.0
Mumbai,India,2016-01-31,23.6
Mumbai,India,2025-09-30,28.0
Mumbai,India,2020-08-30,23.9
Mumbai,India,2017-01-16,18.4
Mumbai,India,2017-08-29,29.4
Mumbai,India,2016-06-21,32.1
Mumbai,India,2022-10-09,25.5
Mumbai,India,2021-07-21,34.8
Mumbai,India,2024-01-31,23.7
Mumbai,India,2018-01-09,21.2
Mumbai,India,2023-01-30,26.5
Mumbai,India,2020-01-17,23.5
Mumbai,India,2020-03-07,23.1
Mumbai,India,2019-10-13,28.5
Mumbai,India,2025-03-30,28.0
Mumbai,India,2021-08-14,30.0
Mumbai,India,2023-08-18,30.5
Mumbai,India,2023-05-21,32.6
Mumbai,India,2019-01-25,22.0
Mumbai,India,2021-12-14,22.1
Mumbai,India,2022-08-15,31.2
Mumbai,India,2022-11-13,25.9
Mumbai,India,2024-08-18,28.8
Mumbai,India,2024-03-14,27.7
Mumbai,India,2024-01-24,22.5
Mumbai,India,2022-08-17,27.1
Mumbai,India,2024-06-22,30.3
Mumbai,India,2021-02-12,27.1
Mumbai,India,2020-07-26,30.9
Mumbai,India,2022-08-10,27.4
Mumbai,India,2021-04-27,27.0
Mumbai,India,2025-04-20,32.5
Mumbai,India,2025-12-01,21.0
Mumbai,India,2022-10-29,21.3
Mumbai,India,2025-05-12,28.2
Mumbai,India,2022-08-17,29.8
Mumbai,India,2025-12-30,25.6
Reykjavik,Iceland,2023-04-24,12.5
Reykjavik,Iceland,2023-06-30,12.0
Reykjavik,Iceland,2022-07-01,14.8
Reykjavik,Iceland,2021-12-13,-3.3
Reykjavik,Iceland,2018-07-27,18.0
Reykjavik,Iceland,2021-01-14,-2.9
Reykjavik,Iceland,2018-09-05,6.1
Reykjavik,Iceland,2016-11-07,-1.0
Reykjavik,Iceland,2024-12-30,-4.1
Reykjavik,Iceland,2022-02-16,-3.0
Reykjavik,Iceland,2020-09-03,11.9
Reykjavik,Iceland,2024-03-20,5.1
Reykjavik,Iceland,2024-11-28,-3.9
Reykjavik,Iceland,2024-08-15,7.3
Reykjavik,Iceland,2022-09-24,3.3
Reykjavik,Iceland,2022-07-04,12.8
Reykjavik,Iceland,2018-05-24,11.3
Reykjavik,Iceland,2024-09-28,3.1
Reykjavik,Iceland,2017-04-19,12.3
Reykjavik,Iceland,2020-05-12,9.1
Reykjavik,Iceland,2022-04-15,8.7
Reykjavik,Iceland,2023-05-11,11.3
Reykjavik,Iceland,2018-03-31,8.5
Reykjavik,Iceland,2019-09-08,7.5
Reykjavik,Iceland,2023-04-03,7.0
Reykjavik,Iceland,2017-02-11,1.0
Reykjavik,Iceland,2017-06-15,17.9
Reykjavik,Iceland,2017-11-23,-5.2
Reykjavik,Iceland,2023-05-16,12.6
Reykjavik,Iceland,2017-10-24,1.2
Reykjavik,Iceland,2020-10-12,1.7
Reykjavik,Iceland,2017-02-03,-1.2
Reykjavik,Iceland,2024-07-30,14.4
Reykjavik,Iceland,2022-01-30,-3.5
Reykjavik,Iceland,2023-10-03,2.3
Reykjavik,Iceland,2017-09-29,3.5
Reykjavik,Iceland,2025-10-16,4.3
Reykjavik,Iceland,2018-09-08,10.5
Reykjavik,Iceland,2016-09-27,4.5
Reykjavik,Iceland,2019-01-11,-7.9
Reykjavik,Iceland,2018-01-03,-3.1
Reykjavik,Iceland,2017-05-12,14.0
Reykjavik,Iceland,2021-08-11,11.9
Reykjavik,Iceland,2021-03-20,1.1
Reykjavik,Iceland,2021-09-23,6.8
Reykjavik,Iceland,2019-02-13,1.0
Reykjavik,Iceland,2024-10-22,2.9
Reykjavik,Iceland,2019-12-17,-3.2
Reykjavik,Iceland,2017-12-23,-6.0
Reykjavik,Iceland,2018-10-22,0.8
Reykjavik,Iceland,2024-02-18,4.1
Reykjavik,Iceland,2025-01-07,-4.1
Reykjavik,Iceland,2024-11-23,-3.2
Reykjavik,Iceland,2017-10-26,-6.8
Reykjavik,Iceland,2017-08-20,8.9
Reykjavik,Iceland,2023-09-25,6.4
Reykjavik,Iceland,2021-12-30,-2.8
Reykjavik,Iceland,2024-06-28,20.7
Reykjavik,Iceland,2023-01-30,-3.9
Reykjavik,Iceland,2020-05-13,14.3
Reykjavik,Iceland,2024-11-20,-3.6
Reykjavik,Iceland,2021-09-29,2.7
Reykjavik,Iceland,2024-09-12,6.9
Reykjavik,Iceland,2018-02-17,-1.8
Reykjavik,Iceland,2022-12-18,-7.2
Reykjavik,Iceland,2024-05-20,10.9
Reykjavik,Iceland,2023-10-27,5.0
Reykjavik,Iceland,2018-07-17,16.7
Reykjavik,Iceland,2025-05-11,10.1
Reykjavik,Iceland,2021-07-17,10.4
Reykjavik,Iceland,2022-04-02,7.0
Reykjavik,Iceland,2023-03-16,1.9
Reykjavik,Iceland,2020-02-19,-0.0
Reykjavik,Iceland,2021-01-29,-2.3
Reykjavik,Iceland,2018-02-09,0.3
Reykjavik,Iceland,2023-06-15,15.0
Reykjavik,Iceland,2020-03-05,0.9
Reykjavik,Iceland,2025-05-23,12.0
Reykjavik,Iceland,2016-01-31,1.3
Reykjavik,Iceland,2016-12-15,-5.7
Reykjavik,Iceland,2017-07-03,16.3
Reykjavik,Iceland,2022-04-18,7.1
Reykjavik,Iceland,2024-08-04,13.1
Reykjavik,Iceland,2021-07-17,14.8
Reykjavik,Iceland,2022-03-17,7.2
Reykjavik,Iceland,2019-10-27,-0.8
Reykjavik,Iceland,2017-05-05,11.4
Reykjavik,Iceland,2025-05-14,12.5
Reykjavik,Iceland,2023-02-26,0.2
Reykjavik,Iceland,2025-03-21,6.3
Reykjavik,Iceland,2020-10-09,0.8
Reykjavik,Iceland,2016-08-12,15.1
Reykjavik,Iceland,2019-05-14,9.2
Reykjavik,Iceland,2023-10-21,-6.1
Reykjavik,Iceland,2018-11-23,-0.8
Reykjavik,Iceland,2019-02-23,-6.6
Reykjavik,Iceland,2019-10-24,3.0
Reykjavik,Iceland,2021-12-14,-9.5
Reykjavik,Iceland,2020-01-30,-1.2
Reykjavik,Iceland,2019-05-13,13.5
Reykjavik,Iceland,2020-07-24,19.0
Reykjavik,Iceland,2019-09-04,8.7
Reykjavik,Iceland,2018-01-26,-4.1
Reykjavik,Iceland,2021-11-20,-7.5
Reykjavik,Iceland,2022-10-05,1.9
Reykjavik,Iceland,2017-04-09,7.4
Reykjavik,Iceland,2017-01-24,0.0
Reykjavik,Iceland,2019-07-27,12.7
Reykjavik,Iceland,2025-12-17,-3.1
Reykjavik,Iceland,2022-07-12,16.3
Reykjavik,Iceland,2024-12-22,-4.4
Reykjavik,Iceland,2019-06-29,15.2
Reykjavik,Iceland,2025-06-08,14.9
Reykjavik,Iceland,2025-08-20,6.9
Reykjavik,Iceland,2016-11-22,-2.9
Reykjavik,Iceland,2022-06-22,12.7
Reykjavik,Iceland,2025-10-04,2.2
Reykjavik,Iceland,2022-03-12,1.6
Reykjavik,Iceland,2023-05-18,12.0
Reykjavik,Iceland,2024-06-08,18.8
Reykjavik,Iceland,2016-06-15,13.4
Reykjavik,Iceland,2017-01-15,-0.3
Reykjavik,Iceland,2023-05-18,11.6
Reykjavik,Iceland,2017-07-14,17.1
Reykjavik,Iceland,2016-10-08,6.0
Reykjavik,Iceland,2016-01-17,-1.3
Reykjavik,Iceland,2017-03-13,3.8
Reykjavik,Iceland,2025-01-28,-3.3
Reykjavik,Iceland,2020-01-19,-4.6
Reykjavik,Iceland,2017-10-12,2.0
Reykjavik,Iceland,2022-08-17,14.7
Reykjavik,Iceland,2018-10-11,0.1
Reykjavik,Iceland,2016-12-01,-5.1
Reykjavik,Iceland,2022-05-19,14.4
Reykjavik,Iceland,2023-11-10,-0.7
Reykjavik,Iceland,2016-03-09,0.7
Reykjavik,Iceland,2021-04-10,8.7
Reykjavik,Iceland,2017-11-24,-0.8
Reykjavik,Iceland,2024-04-10,12.1
Reykjavik,Iceland,2021-09-18,4.5
Reykjavik,Iceland,2018-09-04,8.1
Reykjavik,Iceland,2021-11-12,-2.8
Reykjavik,Iceland,2025-10-24,-0.9
Reykjavik,Iceland,2024-09-14,9.6
Reykjavik,Iceland,2025-06-10,15.8
Reykjavik,Iceland,2016-08-31,10.8
Reykjavik,Iceland,2020-10-26,-0.0
Reykjavik,Iceland,2018-02-27,3.9
Reykjavik,Iceland,2025-04-02,5.0
Reykjavik,Iceland,2020-07-14,13.9
Reykjavik,Iceland,2022-08-16,8.6
Reykjavik,Iceland,2019-01-08,-3.2
Reykjavik,Iceland,2018-10-17,-2.4
Reykjavik,Iceland,2023-12-05,-7.4
Reykjavik,Iceland,2020-09-17,5.5
Reykjavik,Iceland,2016-01-06,-1.9
Reykjavik,Iceland,2017-04-14,7.7
Reykjavik,Iceland,2018-11-02,-0.8
Reykjavik,Iceland,2023-10-02,4.1
Reykjavik,Iceland,2023-03-09,3.6
Reykjavik,Iceland,2022-07-04,17.0
Reykjavik,Iceland,2017-06-26,17.0
Reykjavik,Iceland,2023-12-22,1.9
Reykjavik,Iceland,2024-05-09,14.2
Reykjavik,Iceland,2016-07-09,14.2
Reykjavik,Iceland,2017-06-28,11.9
Reykjavik,Iceland,2018-06-12,14.7
Reykjavik,Iceland,2016-01-12,-3.4
Reykjavik,Iceland,2023-04-23,10.4
Reykjavik,Iceland,2023-10-22,0.9
Reykjavik,Iceland,2016-02-26,-0.7
Reykjavik,Iceland,2021-01-05,-3.7
Reykjavik,Iceland,2017-08-14,12.9
Reykjavik,Iceland,2017-05-19,15.6
Reykjavik,Iceland,2025-09-28,0.1
Reykjavik,Iceland,2020-03-31,10.6
Reykjavik,Iceland,2023-05-25,12.3
Reykjavik,Iceland,2023-06-09,14.6
Reykjavik,Iceland,2018-04-05,8.0
Reykjavik,Iceland,2020-05-13,12.0
Reykjavik,Iceland,2019-12-17,-3.8
Reykjavik,Iceland,2023-06-05,17.3
Reykjavik,Iceland,2018-09-21,0.2
Reykjavik,Iceland,2020-11-26,-3.8
Reykjavik,Iceland,2016-07-19,13.8
Reykjavik,Iceland,2017-10-11,3.8
Reykjavik,Iceland,2016-09-08,7.8
Reykjavik,Iceland,2024-05-23,10.1
Reykjavik,Iceland,2021-02-22,-1.1
Reykjavik,Iceland,2017-03-28,5.7
Reykjavik,Iceland,2025-11-18,-3.8
Reykjavik,Iceland,2017-12-26,-3.4
Reykjavik,Iceland,2020-10-11,1.8
Reykjavik,Iceland,2024-07-20,11.5
Reykjavik,Iceland,2021-12-09,-2.7
Reykjavik,Iceland,2019-05-26,14.8
Reykjavik,Iceland,2023-03-23,5.3
Reykjavik,Iceland,2025-09-08,8.6
Reykjavik,Iceland,2019-02-02,0.3
Reykjavik,Iceland,2019-01-09,-8.8
Reykjavik,Iceland,2017-10-19,-1.7
Reykjavik,Iceland,2017-06-30,15.2
Reykjavik,Iceland,2016-03-11,3.7
Reykjavik,Iceland,2020-04-24,7.6
Reykjavik,Iceland,2018-06-15,17.5
Reykjavik,Iceland,2023-03-14,3.3
Reykjavik,Iceland,2017-08-15,13.5
Reykjavik,Iceland,2021-11-08,-0.3
Reykjavik,Iceland,2018-11-09,-3.0
Reykjavik,Iceland,2023-05-20,12.0
Reykjavik,Iceland,2021-10-16,1.9
Reykjavik,Iceland,2016-03-24,2.2
Reykjavik,Iceland,2016-09-14,2.3
Reykjavik,Iceland,2018-09-15,4.4
Reykjavik,Iceland,2019-03-04,1.8
Reykjavik,Iceland,2023-06-30,16.4
Reykjavik,Iceland,2022-03-27,7.4
Reykjavik,Iceland,2021-12-10,-6.9
Reykjavik,Iceland,2018-01-19,-7.6
Reykjavik,Iceland,2016-01-14,-8.1
Reykjavik,Iceland,2017-09-02,10.0
Reykjavik,Iceland,2023-09-25,3.9
Reykjavik,Iceland,2024-08-18,8.0
Reykjavik,Iceland,2016-01-06,-5.5
Reykjavik,Iceland,2021-05-24,14.1
Reykjavik,Iceland,2019-06-08,15.6
Reykjavik,Iceland,2024-01-31,-2.5
Reykjavik,Iceland,2025-01-08,-6.1
Reykjavik,Iceland,2019-01-18,-6.3
Reykjavik,Iceland,2023-07-06,13.3
Reykjavik,Iceland,2025-06-10,17.3
Reykjavik,Iceland,2020-01-01,-5.5
Reykjavik,Iceland,2017-01-28,-5.0
Reykjavik,Iceland,2025-12-25,-3.1
Reykjavik,Iceland,2018-09-30,1.7
Reykjavik,Iceland,2020-01-01,-1.3
Reykjavik,Iceland,2021-04-14,8.9
Reykjavik,Iceland,2021-07-12,12.0
Reykjavik,Iceland,2018-07-21,11.4
Reykjavik,Iceland,2023-09-26,5.3
Reykjavik,Iceland,2016-11-08,1.0
Reykjavik,Iceland,2018-08-05,14.8
Reykjavik,Iceland,2020-08-09,12.6
Reykjavik,Iceland,2020-08-16,9.7
Reykjavik,Iceland,2021-12-31,-4.1
Reykjavik,Iceland,2023-08-21,10.1
Reykjavik,Iceland,2022-02-24,-0.4
Reykjavik,Iceland,2024-04-10,8.7
Reykjavik,Iceland,2018-05-28,14.3
Reykjavik,Iceland,2018-11-16,-2.3
Reykjavik,Iceland,2016-02-17,1.3
Reykjavik,Iceland,2019-02-22,-0.7
Reykjavik,Iceland,2023-03-18,2.3
Reykjavik,Iceland,2018-05-06,10.8
Reykjavik,Iceland,2017-01-17,-4.8
Reykjavik,Iceland,2017-05-01,12.5
Reykjavik,Iceland,2017-01-18,-2.7
Reykjavik,Iceland,2022-01-08,-7.9
Reykjavik,Iceland,2024-05-15,10.7
Reykjavik,Iceland,2016-06-29,12.5
Reykjavik,Iceland,2021-05-03,10.6
Reykjavik,Iceland,2023-05-16,10.7
Reykjavik,Iceland,2024-06-29,14.8
Reykjavik,Iceland,2025-06-11,14.6
Reykjavik,Iceland,2021-06-28,15.5
Reykjavik,Iceland,2020-08-13,9.8
Reykjavik,Iceland,2025-12-14,-5.3
Reykjavik,Iceland,2022-07-15,15.0
Reykjavik,Iceland,2018-07-28,14.6
Reykjavik,Iceland,2020-10-15,0.1
Reykjavik,Iceland,2023-10-23,-1.3
Reykjavik,Iceland,2021-01-26,-1.7
Reykjavik,Iceland,2022-03-28,5.8
Reykjavik,Iceland,2017-02-03,-2.8
Reykjavik,Iceland,2023-01-13,-6.9
Reykjavik,Iceland,2018-02-27,-0.3
Reykjavik,Iceland,2017-12-05,-4.0
Reykjavik,Iceland,2016-07-04,13.4
Reykjavik,Iceland,2024-03-19,6.1
Reykjavik,Iceland,2018-03-20,7.9
Reykjavik,Iceland,2017-06-27,14.8
Reykjavik,Iceland,2021-01-15,-3.4
Reykjavik,Iceland,2018-07-13,14.0
Reykjavik,Iceland,2024-02-20,-0.4
Reykjavik,Iceland,2024-02-13,-0.2
Reykjavik,Iceland,2025-11-14,-0.3
Reykjavik,Iceland,2024-07-14,13.3
Reykjavik,Iceland,2017-09-22,7.8
Reykjavik,Iceland,2023-09-18,9.5
Reykjavik,Iceland,2021-04-24,11.9
Reykjavik,Iceland,2020-03-28,8.0
Reykjavik,Iceland,2021-12-23,-4.9
Reykjavik,Iceland,2017-12-18,-6.7
Reykjavik,Iceland,2017-03-20,0.7
Reykjavik,Iceland,2016-12-13,-4.8
Reykjavik,Iceland,2017-09-21,3.7
Reykjavik,Iceland,2020-08-27,10.2
Reykjavik,Iceland,2025-02-10,-0.5
Reykjavik,Iceland,2017-11-11,-2.9
Reykjavik,Iceland,2022-03-23,7.5
Reykjavik,Iceland,2025-11-29,-6.4
Reykjavik,Iceland,2022-08-20,5.9
Reykjavik,Iceland,2022-07-26,17.5
Reykjavik,Iceland,2017-10-06,2.1
Reykjavik,Iceland,2025-04-17,11.7
Reykjavik,Iceland,2022-05-12,12.6
Reykjavik,Iceland,2018-06-02,16.4
Reykjavik,Iceland,2022-11-07,-2.8
Reykjavik,Iceland,2025-05-20,13.9
Reykjavik,Iceland,2018-12-01,-5.9
Reykjavik,Iceland,2022-10-19,1.1
Reykjavik,Iceland,2024-08-27,12.2
Reykjavik,Iceland,2025-05-15,15.0
Reykjavik,Iceland,2020-03-18,4.6
Reykjavik,Iceland,2024-08-30,4.1
Reykjavik,Iceland,2025-10-22,-1.0
Reykjavik,Iceland,2022-07-09,16.9
Reykjavik,Iceland,2016-08-08,13.8
Reykjavik,Iceland,2018-07-30,12.7
Reykjavik,Iceland,2025-08-11,9.1
Reykjavik,Iceland,2017-04-08,5.9
Reykjavik,Iceland,2023-04-14,8.0
Reykjavik,Iceland,2022-07-06,13.9
Reykjavik,Iceland,2016-08-04,8.7
Reykjavik,Iceland,2021-10-22,1.7
Reykjavik,Iceland,2024-12-16,-1.3
Reykjavik,Iceland,2017-06-01,14.4
Reykjavik,Iceland,2025-08-16,11.5
Reykjavik,Iceland,2022-10-21,-0.6
Reykjavik,Iceland,2022-01-16,-4.3
Reykjavik,Iceland,2022-03-12,5.3
Reykjavik,Iceland,2017-01-18,-2.7
Reykjavik,Iceland,2018-11-29,-4.4
Reykjavik,Iceland,2025-04-14,11.3
Reykjavik,Iceland,2017-12-31,-2.6
Reykjavik,Iceland,2025-05-25,14.5
Reykjavik,Iceland,2018-04-20,11.9
Reykjavik,Iceland,2023-11-02,1.1
Reykjavik,Iceland,2023-02-19,0.8
Reykjavik,Iceland,2020-12-16,-4.4
Reykjavik,Iceland,2016-10-19,-2.2
Reykjavik,Iceland,2016-11-24,-2.6
Reykjavik,Iceland,2024-04-09,8.2
Reykjavik,Iceland,2023-08-22,7.8
Reykjavik,Iceland,2019-02-05,-0.3
Reykjavik,Iceland,2016-05-15,13.0
Reykjavik,Iceland,2024-08-01,13.1
Reykjavik,Iceland,2023-06-16,15.0
Reykjavik,Iceland,2023-09-30,7.1
Reykjavik,Iceland,2016-05-04,12.3
Reykjavik,Iceland,2016-12-08,-6.2
Reykjavik,Iceland,2025-01-22,-0.5
Reykjavik,Iceland,2023-02-22,-0.4
Reykjavik,Iceland,2018-02-18,-0.8
Reykjavik,Iceland,2021-05-23,14.6
Reykjavik,Iceland,2024-10-14,0.8
Reykjavik,Iceland,2022-01-16,-4.5
Reykjavik,Iceland,2023-01-27,-3.6
Reykjavik,Iceland,2024-05-23,14.2
Reykjavik,Iceland,2017-09-05,7.7
Reykjavik,Iceland,2019-12-18,-6.1
Reykjavik,Iceland,2024-11-29,-1.6
Reykjavik,Iceland,2021-08-26,7.3
Reykjavik,Iceland,2018-12-04,-7.2
Reykjavik,Iceland,2017-10-14,4.3
Reykjavik,Iceland,2022-09-25,6.2
Reykjavik,Iceland,2023-06-29,12.9
Reykjavik,Iceland,2021-07-04,13.7
Reykjavik,Iceland,2021-11-09,-1.8
Reykjavik,Iceland,2017-12-20,-5.4
Reykjavik,Iceland,2025-03-30,6.5
Reykjavik,Iceland,2024-11-02,-4.1
Reykjavik,Iceland,2016-06-22,14.1
Reykjavik,Iceland,2021-09-08,9.3
Reykjavik,Iceland,2020-11-15,-3.8
Reykjavik,Iceland,2016-07-19,14.0
Reykjavik,Iceland,2016-01-12,-6.5
Reykjavik,Iceland,2020-03-27,2.4
Reykjavik,Iceland,2019-11-15,-3.6
Reykjavik,Iceland,2024-02-13,-1.7
Reykjavik,Iceland,2021-10-14,1.0
Reykjavik,Iceland,2020-03-27,7.0
Reykjavik,Iceland,2022-04-25,11.9
Reykjavik,Iceland,2024-12-11,-3.4
Reykjavik,Iceland,2019-01-08,-10.6
Reykjavik,Iceland,2020-02-22,-0.2
Reykjavik,Iceland,2023-06-01,16.0
Reykjavik,Iceland,2017-11-28,-3.7
Reykjavik,Iceland,2024-10-20,-2.8
Reykjavik,Iceland,2022-03-13,1.8
Reykjavik,Iceland,2024-01-04,-2.5
Reykjavik,Iceland,2020-07-23,14.1
Reykjavik,Iceland,2018-05-01,11.4
Reykjavik,Iceland,2022-11-20,-0.8
Reykjavik,Iceland,2022-04-05,5.5
Reykjavik,Iceland,2016-03-10,3.5
Reykjavik,Iceland,2024-08-29,6.7
Reykjavik,Iceland,2025-08-07,10.0
Reykjavik,Iceland,2021-11-23,-3.5
Reykjavik,Iceland,2019-01-01,-4.2
Reykjavik,Iceland,2024-12-28,-3.9
Reykjavik,Iceland,2020-05-23,14.1
Reykjavik,Iceland,2018-11-01,-0.9
Reykjavik,Iceland,2022-03-26,4.7
Reykjavik,Iceland,2021-12-07,-4.8
Reykjavik,Iceland,2024-03-22,3.5
Reykjavik,Iceland,2018-11-25,-1.2
Reykjavik,Iceland,2022-02-20,-0.7
Reykjavik,Iceland,2021-04-24,5.7
Reykjavik,Iceland,2021-10-13,1.4
Reykjavik,Iceland,2018-03-05,-0.4
Reykjavik,Iceland,2021-12-04,-2.2
Reykjavik,Iceland,2023-04-07,9.1
Reykjavik,Iceland,2017-09-26,4.8
Reykjavik,Iceland,2023-07-19,16.8
Reykjavik,Iceland,2022-12-10,-3.6
Reykjavik,Iceland,2023-08-08,11.6
Reykjavik,Iceland,2022-05-29,15.3
Reykjavik,Iceland,2023-03-27,4.2
Reykjavik,Iceland,2020-07-27,10.3
Reykjavik,Iceland,2019-05-03,12.3
Reykjavik,Iceland,2020-09-15,7.2
Reykjavik,Iceland,2024-06-25,14.6
Reykjavik,Iceland,2024-02-18,-2.2
Reykjavik,Iceland,2025-06-23,13.6
Reykjavik,Iceland,2019-06-22,14.8
Reykjavik,Iceland,2024-09-22,4.7
Reykjavik,Iceland,2016-06-16,17.2
Reykjavik,Iceland,2025-03-21,1.0
Reykjavik,Iceland,2023-01-31,0.4
Reykjavik,Iceland,2020-05-15,15.7
Reykjavik,Iceland,2020-03-10,7.0
Reykjavik,Iceland,2024-06-30,13.9
Reykjavik,Iceland,2018-02-03,1.6
Reykjavik,Iceland,2020-07-09,15.3
Reykjavik,Iceland,2020-02-20,-3.1
Reykjavik,Iceland,2019-10-24,-1.6
Reykjavik,Iceland,2018-02-24,0.2
Reykjavik,Iceland,2025-09-14,6.6
Reykjavik,Iceland,2016-12-12,-5.1
Reykjavik,Iceland,2021-04-08,6.3
Reykjavik,Iceland,2019-02-20,1.4
Reykjavik,Iceland,2025-09-05,7.1
Reykjavik,Iceland,2025-02-19,2.3
Reykjavik,Iceland,2021-12-12,-9.3
Reykjavik,Iceland,2024-08-28,8.8
Reykjavik,Iceland,2018-07-14,14.1
Reykjavik,Iceland,2022-03-27,3.8
Reykjavik,Iceland,2023-10-27,-2.0
Reykjavik,Iceland,2019-02-02,-2.4
Reykjavik,Iceland,2019-09-20,5.1
Reykjavik,Iceland,2022-11-03,-2.8
Reykjavik,Iceland,2025-04-29,10.0
Reykjavik,Iceland,2019-10-24,-3.2
Reykjavik,Iceland,2016-06-02,13.8
Reykjavik,Iceland,2025-07-25,16.2
Reykjavik,Iceland,2019-04-08,8.1
Reykjavik,Iceland,2018-05-05,16.2
Reykjavik,Iceland,2024-07-30,13.4
Reykjavik,Iceland,2021-11-25,-5.1
Reykjavik,Iceland,2018-11-21,-7.2
Reykjavik,Iceland,2017-05-15,10.8
Reykjavik,Iceland,2020-06-04,14.1
Reykjavik,Iceland,2025-01-14,-7.8
Reykjavik,Iceland,2017-02-22,2.9
Reykjavik,Iceland,2021-02-05,-0.4
Reykjavik,Iceland,2021-11-25,-8.0
Reykjavik,Iceland,2017-05-21,14.4
Reykjavik,Iceland,2022-02-07,3.4
Reykjavik,Iceland,2018-09-14,7.9
Reykjavik,Iceland,2022-08-27,11.7
Reykjavik,Iceland,2021-07-10,16.2
Reykjavik,Iceland,2018-06-06,16.5
Reykjavik,Iceland,2018-07-13,16.5
Reykjavik,Iceland,2016-06-09,17.7
Reykjavik,Iceland,2024-02-10,-4.1
Reykjavik,Iceland,2016-11-10,1.7
Reykjavik,Iceland,2022-11-11,-3.9
Reykjavik,Iceland,2024-07-15,10.8
Reykjavik,Iceland,2019-09-03,8.0
Reykjavik,Iceland,2020-05-13,17.0
Reykjavik,Iceland,2025-08-16,13.7
Reykjavik,Iceland,2020-07-25,13.9
Reykjavik,Iceland,2021-11-18,-6.5
Reykjavik,Iceland,2025-12-31,-0.5
Reykjavik,Iceland,2018-05-04,11.9
Reykjavik,Iceland,2025-03-14,7.1
Reykjavik,Iceland,2022-07-28,13.7
Reykjavik,Iceland,2017-03-13,2.3
Reykjavik,Iceland,2022-03-01,3.1
Reykjavik,Iceland,2017-06-07,15.9
Reykjavik,Iceland,2016-02-23,-1.7
Reykjavik,Iceland,2018-09-28,3.2
Reykjavik,Iceland,2023-02-21,-1.6
Reykjavik,Iceland,2023-11-18,-6.6
Reykjavik,Iceland,2025-03-25,5.5
Reykjavik,Iceland,2022-09-07,9.8
Reykjavik,Iceland,2020-08-28,11.1
Reykjavik,Iceland,2016-01-13,-2.0
Reykjavik,Iceland,2020-05-23,11.7
Reykjavik,Iceland,2020-02-15,-2.2
Reykjavik,Iceland,2025-12-07,-5.9
Reykjavik,Iceland,2016-08-25,11.8
Reykjavik,Iceland,2025-01-24,-2.1
Reykjavik,Iceland,2017-05-19,15.3
Reykjavik,Iceland,2022-06-13,12.8
Reykjavik,Iceland,2019-03-20,5.8
Reykjavik,Iceland,2018-08-05,13.3
Reykjavik,Iceland,2020-06-14,13.1
Reykjavik,Iceland,2016-04-18,9.2
Reykjavik,Iceland,2022-07-30,17.3
Reykjavik,Iceland,2018-03-08,7.7
Reykjavik,Iceland,2017-11-29,-3.8
Reykjavik,Iceland,2018-06-02,13.3
Reykjavik,Iceland,2022-10-20,-0.6
Reykjavik,Iceland,2018-09-10,6.3
Reykjavik,Iceland,2021-01-22,-3.8
Reykjavik,Iceland,2016-11-10,-0.9
Reykjavik,Iceland,2017-01-12,-4.3
Reykjavik,Iceland,2024-05-13,13.4
Reykjavik,Iceland,2025-08-12,11.3
Reykjavik,Iceland,2022-01-04,-5.8
Reykjavik,Iceland,2020-07-26,13.8
Reykjavik,Iceland,2020-02-11,-1.5
Reykjavik,Iceland,2023-01-26,0.3
Reykjavik,Iceland,2018-08-31,9.1
Reykjavik,Iceland,2021-07-09,16.5
Reykjavik,Iceland,2024-11-12,-3.7
Reykjavik,Iceland,2024-05-04,14.7
Reykjavik,Iceland,2017-04-22,10.9
Reykjavik,Iceland,2024-05-15,15.4
Reykjavik,Iceland,2016-03-14,6.2
Reykjavik,Iceland,2016-06-21,18.8
Reykjavik,Iceland,2016-08-14,9.6
Reykjavik,Iceland,2021-10-31,0.1
Reykjavik,Iceland,2020-06-17,13.7
Reykjavik,Iceland,2025-12-02,-7.3
Reykjavik,Iceland,2024-07-21,11.4
Reykjavik,Iceland,2016-04-21,7.7
Reykjavik,Iceland,2016-10-24,1.5
Reykjavik,Iceland,2019-08-05,13.6
Reykjavik,Iceland,2017-12-19,-5.5
Reykjavik,Iceland,2024-08-10,12.4
Reykjavik,Iceland,2019-12-28,-0.8
Reykjavik,Iceland,2016-08-01,13.6
Reykjavik,Iceland,2018-01-21,-5.8
Reykjavik,Iceland,2020-11-21,-5.8
Reykjavik,Iceland,2025-07-03,13.8
Reykjavik,Iceland,2021-06-10,12.5
Reykjavik,Iceland,2017-08-07,13.2
Reykjavik,Iceland,2022-12-19,-4.4
Reykjavik,Iceland,2018-12-16,-2.6
Reykjavik,Iceland,2019-04-04,7.1
Reykjavik,Iceland,2018-09-18,5.0
Reykjavik,Iceland,2019-05-30,14.4
Reykjavik,Iceland,2021-12-01,-4.5
Reykjavik,Iceland,2021-01-06,-4.3
Reykjavik,Iceland,2018-08-30,6.9
Reykjavik,Iceland,2021-05-07,14.9
Reykjavik,Iceland,2024-04-05,4.1
Reykjavik,Iceland,2021-12-05,-4.2
Reykjavik,Iceland,2018-08-15,11.5
Reykjavik,Iceland,2023-03-27,3.5
Reykjavik,Iceland,2016-08-06,14.3
Reykjavik,Iceland,2017-02-23,-0.7
Reykjavik,Iceland,2023-10-13,-0.5
Reykjavik,Iceland,2016-03-14,3.2
Reykjavik,Iceland,2020-02-17,-0.9
Reykjavik,Iceland,2022-05-01,10.6
Reykjavik,Iceland,2019-03-31,6.1
Reykjavik,Iceland,2019-03-16,-0.3
Reykjavik,Iceland,2024-01-06,-6.7
Reykjavik,Iceland,2021-01-29,-0.2
Reykjavik,Iceland,2017-11-09,-2.6
Reykjavik,Iceland,2020-07-08,14.7
Reykjavik,Iceland,2022-12-29,-8.0
Reykjavik,Iceland,2023-01-07,-7.1
Reykjavik,Iceland,2025-01-22,-2.2
Reykjavik,Iceland,2020-03-19,6.5
Reykjavik,Iceland,2025-04-23,8.0
Reykjavik,Iceland,2022-03-13,1.2
Reykjavik,Iceland,2024-05-13,10.2
Reykjavik,Iceland,2024-03-08,1.1
Reykjavik,Iceland,2025-07-30,9.9
Reykjavik,Iceland,2021-02-11,0.7
Reykjavik,Iceland,2017-08-17,12.0
Reykjavik,Iceland,2022-01-01,-4.3
Reykjavik,Iceland,2023-02-21,-2.5
Reykjavik,Iceland,2022-05-18,13.3
Reykjavik,Iceland,2017-02-25,2.5
Reykjavik,Iceland,2019-04-20,12.0
Reykjavik,Iceland,2019-06-22,15.3
Reykjavik,Iceland,2022-05-21,9.5
Reykjavik,Iceland,2018-03-07,-1.4
Reykjavik,Iceland,2017-12-18,-4.2
Reykjavik,Iceland,2025-05-30,13.6
Reykjavik,Iceland,2024-10-01,3.7
Reykjavik,Iceland,2024-10-02,1.7
Reykjavik,Iceland,2017-08-01,13.1
Reykjavik,Iceland,2022-04-28,8.8
Reykjavik,Iceland,2022-04-12,9.1
Reykjavik,Iceland,2022-12-23,-5.2
Reykjavik,Iceland,2023-11-05,0.6
Reykjavik,Iceland,2017-09-26,4.6
Reykjavik,Iceland,2020-06-18,13.6
Reykjavik,Iceland,2020-09-06,5.7
Reykjavik,Iceland,2025-12-31,-2.7
Reykjavik,Iceland,2024-05-27,14.5
Reykjavik,Iceland,2018-06-03,12.7
Reykjavik,Iceland,2024-02-15,3.7
Reykjavik,Iceland,2018-07-23,12.2
Reykjavik,Iceland,2023-07-07,14.5
Reykjavik,Iceland,2023-06-06,13.1
Reykjavik,Iceland,2018-09-26,3.1
Reykjavik,Iceland,2021-10-31,1.4
Reykjavik,Iceland,2024-06-27,18.2
Reykjavik,Iceland,2016-03-12,6.2
Reykjavik,Iceland,2025-04-14,3.9
Reykjavik,Iceland,2016-01-13,-0.2
Reykjavik,Iceland,2025-12-13,-7.9
Reykjavik,Iceland,2023-06-11,15.6
Reykjavik,Iceland,2023-10-18,1.3
Reykjavik,Iceland,2022-05-08,10.7
Reykjavik,Iceland,2022-02-27,-0.1
Reykjavik,Iceland,2025-01-08,-3.9
Reykjavik,Iceland,2022-08-15,10.1
Reykjavik,Iceland,2024-07-22,11.7
Reykjavik,Iceland,2020-11-13,-0.6
Reykjavik,Iceland,2023-05-31,13.9
Reykjavik,Iceland,2020-04-15,12.5
Reykjavik,Iceland,2022-06-04,13.0
Reykjavik,Iceland,2016-10-25,0.8
Reykjavik,Iceland,2025-04-19,10.1
Reykjavik,Iceland,2025-01-25,-0.8
Reykjavik,Iceland,2020-10-10,4.8
Reykjavik,Iceland,2025-11-22,-1.5
Reykjavik,Iceland,2017-08-19,10.8
Reykjavik,Iceland,2019-07-08,11.0
Reykjavik,Iceland,2022-05-29,11.8
Reykjavik,Iceland,2017-05-07,15.9
Reykjavik,Iceland,2018-10-28,1.0
Reykjavik,Iceland,2020-06-20,12.1
Reykjavik,Iceland,2022-01-26,-1.6
Reykjavik,Iceland,2024-09-01,10.4
Reykjavik,Iceland,2019-06-26,15.9
Reykjavik,Iceland,2016-06-15,13.7
Reykjavik,Iceland,2025-08-01,17.7
Reykjavik,Iceland,2021-05-13,13.7
Reykjavik,Iceland,2024-06-08,14.8
Reykjavik,Iceland,2025-07-22,13.9
Reykjavik,Iceland,2021-10-05,0.8
Reykjavik,Iceland,2025-12-04,-3.7
Reykjavik,Iceland,2020-05-13,13.5
Reykjavik,Iceland,2025-05-07,12.3
Reykjavik,Iceland,2024-07-23,12.5
Reykjavik,Iceland,2016-11-28,-3.4
Reykjavik,Iceland,2023-06-30,15.9
Reykjavik,Iceland,2025-03-27,8.3
Reykjavik,Iceland,2025-03-26,6.0
Reykjavik,Iceland,2016-09-28,3.2
Reykjavik,Iceland,2020-03-16,1.3
Reykjavik,Iceland,2019-02-17,-1.0
Reykjavik,Iceland,2016-11-24,-4.7
Reykjavik,Iceland,2025-08-14,13.8
Reykjavik,Iceland,2024-04-09,7.1
Reykjavik,Iceland,2024-09-03,9.9
Reykjavik,Iceland,2017-12-26,-3.4
Reykjavik,Iceland,2025-10-11,-0.2
Reykjavik,Iceland,2022-07-13,17.1
Reykjavik,Iceland,2023-01-12,-5.2
Reykjavik,Iceland,2017-08-11,13.3
Reykjavik,Iceland,2023-02-24,1.2
Reykjavik,Iceland,2019-02-20,-0.6
Reykjavik,Iceland,2020-12-09,-0.6
Reykjavik,Iceland,2020-12-18,-6.6
Reykjavik,Iceland,2016-08-26,8.1
Reykjavik,Iceland,2024-01-04,-0.8
Reykjavik,Iceland,2024-02-21,-1.3
Reykjavik,Iceland,2020-07-09,14.7
Reykjavik,Iceland,2017-06-16,12.9
Reykjavik,Iceland,2022-09-08,7.5
Reykjavik,Iceland,2024-12-15,-4.7
Reykjavik,Iceland,2017-01-12,-4.4
Reykjavik,Iceland,2023-01-05,-7.0
Reykjavik,Iceland,2025-04-06,5.5
Reykjavik,Iceland,2016-07-14,14.5
Reykjavik,Iceland,2017-10-21,-4.1
Reykjavik,Iceland,2016-09-30,1.5
Reykjavik,Iceland,2024-08-16,10.8
Reykjavik,Iceland,2021-11-16,-3.6
Reykjavik,Iceland,2023-07-26,12.6
Reykjavik,Iceland,2018-03-10,2.7
Reykjavik,Iceland,2018-03-23,5.5
Reykjavik,Iceland,2017-06-27,16.4
Reykjavik,Iceland,2019-07-10,11.6
Reykjavik,Iceland,2018-04-09,11.5
Reykjavik,Iceland,2019-11-13,-1.1
Reykjavik,Iceland,2021-03-28,4.9
Reykjavik,Iceland,2022-02-09,0.4
Reykjavik,Iceland,2018-04-19,8.5
Reykjavik,Iceland,2025-07-11,18.8
Reykjavik,Iceland,2023-08-09,11.7
Reykjavik,Iceland,2017-02-20,1.0
Reykjavik,Iceland,2020-04-04,7.8
Reykjavik,Iceland,2017-04-06,7.8
Reykjavik,Iceland,2025-04-02,8.8
Reykjavik,Iceland,2021-10-03,4.7
Reykjavik,Iceland,2021-03-30,6.0
Reykjavik,Iceland,2021-07-23,8.4
Reykjavik,Iceland,2020-03-20,3.1
Reykjavik,Iceland,2017-05-11,13.3
Reykjavik,Iceland,2025-12-30,-2.9
Reykjavik,Iceland,2023-06-28,13.3
Reykjavik,Iceland,2022-08-24,9.2
Reykjavik,Iceland,2016-07-20,13.6
Reykjavik,Iceland,2022-06-28,13.7
Reykjavik,Iceland,2019-08-16,14.7
Reykjavik,Iceland,2019-04-19,10.7
Reykjavik,Iceland,2021-09-21,8.6
Reykjavik,Iceland,2020-11-01,-0.6
Reykjavik,Iceland,2019-02-02,-2.6
Reykjavik,Iceland,2021-01-24,-2.7
Reykjavik,Iceland,2018-04-19,8.0
Reykjavik,Iceland,2020-06-19,11.6
Reykjavik,Iceland,2021-04-10,3.6
Reykjavik,Iceland,2021-03-12,2.2
Reykjavik,Iceland,2024-04-22,10.9
Reykjavik,Iceland,2017-11-28,-7.1
Reykjavik,Iceland,2018-02-03,1.1
Reykjavik,Iceland,2023-03-02,3.2
Reykjavik,Iceland,2017-01-12,-1.3
Reykjavik,Iceland,2022-08-09,8.8
Reykjavik,Iceland,2022-01-05,-4.3
Reykjavik,Iceland,2018-03-03,0.9
Reykjavik,Iceland,2018-12-05,-9.9
Reykjavik,Iceland,2017-12-03,-5.1
Reykjavik,Iceland,2022-06-03,11.3
Reykjavik,Iceland,2021-07-05,13.8
Reykjavik,Iceland,2024-10-17,0.2
Reykjavik,Iceland,2018-08-15,8.3
Reykjavik,Iceland,2024-07-01,11.5
Reykjavik,Iceland,2025-10-22,1.6
Reykjavik,Iceland,2025-03-23,1.1
Reykjavik,Iceland,2025-07-05,13.7
Reykjavik,Iceland,2021-10-11,3.0
Reykjavik,Iceland,2019-07-28,15.9
Reykjavik,Iceland,2020-07-30,14.3
Reykjavik,Iceland,2024-05-31,14.6
Reykjavik,Iceland,2021-01-15,-3.7
Reykjavik,Iceland,2024-10-22,-0.3
Reykjavik,Iceland,2023-11-18,-6.1
Reykjavik,Iceland,2020-10-21,-1.7
Reykjavik,Iceland,2020-07-07,11.9
Reykjavik,Iceland,2021-01-31,-8.5
Reykjavik,Iceland,2021-05-13,12.1
Reykjavik,Iceland,2021-07-26,11.4
Reykjavik,Iceland,2018-08-24,11.6
Reykjavik,Iceland,2025-01-20,-5.1
Reykjavik,Iceland,2017-08-23,10.1
Reykjavik,Iceland,2024-07-28,12.8
Reykjavik,Iceland,2016-01-10,-5.2
Reykjavik,Iceland,2023-05-22,14.4
Reykjavik,Iceland,2025-06-05,15.3
Reykjavik,Iceland,2019-12-01,-3.1
Reykjavik,Iceland,2019-09-05,7.4
Reykjavik,Iceland,2020-05-30,13.5
Reykjavik,Iceland,2023-08-12,12.7
Reykjavik,Iceland,2024-09-18,4.0
Reykjavik,Iceland,2019-10-04,0.7
Reykjavik,Iceland,2017-03-05,1.5
Reykjavik,Iceland,2023-09-13,6.2
Reykjavik,Iceland,2024-03-19,7.1
Reykjavik,Iceland,2016-10-25,-4.0
Reykjavik,Iceland,2017-12-14,-5.4
Reykjavik,Iceland,2016-10-24,0.6
Reykjavik,Iceland,2022-05-14,12.7
Reykjavik,Iceland,2020-06-17,18.3
Reykjavik,Iceland,2016-06-10,14.2
Reykjavik,Iceland,2022-04-02,3.9
Reykjavik,Iceland,2019-01-04,-6.6
Reykjavik,Iceland,2018-08-21,7.7
Reykjavik,Iceland,2019-03-28,7.1
Reykjavik,Iceland,2024-10-13,0.8
Reykjavik,Iceland,2017-10-10,1.7
Reykjavik,Iceland,2017-06-03,14.9
Reykjavik,Iceland,2019-09-17,5.4
Reykjavik,Iceland,2024-12-14,-2.3
Reykjavik,Iceland,2024-03-07,3.1
Reykjavik,Iceland,2018-07-30,11.6
Reykjavik,Iceland,2024-01-24,-5.5
Reykjavik,Iceland,2022-09-16,5.6
Reykjavik,Iceland,2019-04-10,6.6
Reykjavik,Iceland,2023-04-09,10.8
Reykjavik,Iceland,2019-10-15,4.1
Reykjavik,Iceland,2025-06-27,14.7
Reykjavik,Iceland,2023-01-22,-5.9
Reykjavik,Iceland,2016-09-27,2.9
Reykjavik,Iceland,2021-01-24,-4.7
Reykjavik,Iceland,2023-01-08,-6.7
Reykjavik,Iceland,2025-01-31,-3.3
Reykjavik,Iceland,2024-06-03,17.2
Reykjavik,Iceland,2020-12-12,-6.5
Reykjavik,Iceland,2017-01-10,-5.2
Reykjavik,Iceland,2022-02-06,-1.0
Reykjavik,Iceland,2020-07-03,12.6
Reykjavik,Iceland,2022-01-17,-3.2
Reykjavik,Iceland,2024-08-16,12.0
Reykjavik,Iceland,2022-11-26,-4.3
Reykjavik,Iceland,2021-01-25,-3.8
Reykjavik,Iceland,2022-11-20,-0.1
Reykjavik,Iceland,2016-09-17,5.0
Reykjavik,Iceland,2021-03-04,-1.1
Reykjavik,Iceland,2021-07-20,12.1
Reykjavik,Iceland,2022-01-28,-4.5
Reykjavik,Iceland,2017-09-06,9.2
Reykjavik,Iceland,2020-11-22,-5.9
Reykjavik,Iceland,2021-09-02,4.4
Reykjavik,Iceland,2025-05-21,13.6
Reykjavik,Iceland,2025-05-09,13.9
Reykjavik,Iceland,2018-03-14,5.3
Reykjavik,Iceland,2021-07-16,14.7
Reykjavik,Iceland,2023-03-19,4.3
Reykjavik,Iceland,2021-12-19,-6.0
Reykjavik,Iceland,2020-06-20,17.2
Reykjavik,Iceland,2023-03-20,5.6
Reykjavik,Iceland,2018-08-30,11.3
Reykjavik,Iceland,2020-02-19,1.3
Reykjavik,Iceland,2016-05-02,12.0
Reykjavik,Iceland,2023-06-10,16.3
Reykjavik,Iceland,2020-05-17,12.1
Reykjavik,Iceland,2020-04-09,7.8
Reykjavik,Iceland,2021-02-13,-2.8
Reykjavik,Iceland,2022-05-20,16.3
Reykjavik,Iceland,2017-11-18,-2.7
Reykjavik,Iceland,2019-02-19,0.8
Reykjavik,Iceland,2024-05-15,12.3
Reykjavik,Iceland,2019-11-04,-0.9
Reykjavik,Iceland,2018-01-17,-5.2
Reykjavik,Iceland,2021-11-14,-5.1
Reykjavik,Iceland,2018-03-14,5.2
Reykjavik,Iceland,2017-07-28,10.9
Reykjavik,Iceland,2019-04-19,12.5
Reykjavik,Iceland,2018-01-30,-4.6
Reykjavik,Iceland,2017-06-29,12.8
Reykjavik,Iceland,2023-08-31,6.0
Reykjavik,Iceland,2019-01-07,-5.1
Reykjavik,Iceland,2024-11-07,-5.4
Reykjavik,Iceland,2025-09-18,8.1
Reykjavik,Iceland,2018-03-07,-1.8
Reykjavik,Iceland,2022-06-03,13.2
Reykjavik,Iceland,2017-02-26,0.2
Reykjavik,Iceland,2016-11-22,-2.8
Reykjavik,Iceland,2023-09-04,7.2
Reykjavik,Iceland,2021-12-23,-6.6
Reykjavik,Iceland,2024-07-16,10.9
Reykjavik,Iceland,2021-06-02,19.5
Reykjavik,Iceland,2017-12-29,-3.3
Reykjavik,Iceland,2017-11-17,-4.2
Reykjavik,Iceland,2022-06-15,17.2
Reykjavik,Iceland,2018-06-26,19.2
Reykjavik,Iceland,2025-09-26,3.6
Reykjavik,Iceland,2022-10-26,-2.3
Reykjavik,Iceland,2024-10-06,2.0
Reykjavik,Iceland,2025-08-25,8.7
Reykjavik,Iceland,2021-08-28,11.5
Reykjavik,Iceland,2020-02-21,2.1
Reykjavik,Iceland,2020-02-07,1.0
Reykjavik,Iceland,2021-10-26,-0.2
Reykjavik,Iceland,2018-12-12,-0.2
Reykjavik,Iceland,2022-04-07,6.3
Reykjavik,Iceland,2019-08-21,11.9
Reykjavik,Iceland,2021-06-20,15.2
Reykjavik,Iceland,2024-09-01,6.7
Reykjavik,Iceland,2018-07-07,11.3
Reykjavik,Iceland,2016-02-01,-1.6
Reykjavik,Iceland,2017-05-06,14.5
Reykjavik,Iceland,2025-11-04,-2.9
Reykjavik,Iceland,2022-06-21,12.9
Reykjavik,Iceland,2016-11-01,-0.7
Reykjavik,Iceland,2021-05-25,13.4
Reykjavik,Iceland,2022-09-19,4.8
Reykjavik,Iceland,2021-11-06,-2.0
Reykjavik,Iceland,2025-05-05,11.0
Reykjavik,Iceland,2019-01-07,-7.1
Reykjavik,Iceland,2024-11-23,-0.2
Reykjavik,Iceland,2018-05-10,13.3
Reykjavik,Iceland,2020-06-03,13.9
Reykjavik,Iceland,2021-02-01,-0.9
Reykjavik,Iceland,2017-03-16,3.0
Reykjavik,Iceland,2017-03-15,5.3
Reykjavik,Iceland,2018-06-06,14.4
Reykjavik,Iceland,2025-12-08,-6.6
Reykjavik,Iceland,2018-05-28,15.0
Reykjavik,Iceland,2025-06-26,12.9
Reykjavik,Iceland,2021-11-18,-0.4
Reykjavik,Iceland,2021-01-06,-2.6
Reykjavik,Iceland,2025-07-19,13.8
Reykjavik,Iceland,2022-12-17,-4.6
Reykjavik,Iceland,2018-12-24,-3.9
Reykjavik,Iceland,2025-09-10,6.6
Reykjavik,Iceland,2023-03-20,5.1
Reykjavik,Iceland,2024-08-18,8.9
Reykjavik,Iceland,2024-11-19,-0.6
Reykjavik,Iceland,2017-12-27,-3.2
Reykjavik,Iceland,2021-02-13,-2.9
Reykjavik,Iceland,2017-05-14,14.5
Reykjavik,Iceland,2023-10-22,-1.9
Reykjavik,Iceland,2016-09-03,6.7
Reykjavik,Iceland,2022-10-14,1.1
Reykjavik,Iceland,2021-05-11,11.4
Reykjavik,Iceland,2016-01-28,-3.1
Reykjavik,Iceland,2025-06-21,16.0
Reykjavik,Iceland,2021-10-07,-1.6
Reykjavik,Iceland,2019-11-27,-4.8
Reykjavik,Iceland,2020-07-05,15.3
Reykjavik,Iceland,2019-09-17,6.7
Reykjavik,Iceland,2022-04-02,8.1
Reykjavik,Iceland,2020-10-19,-3.1
Reykjavik,Iceland,2020-08-31,10.1
Reykjavik,Iceland,2024-08-31,9.1
Reykjavik,Iceland,2022-07-18,10.5
Reykjavik,Iceland,2021-01-16,-4.2
Reykjavik,Iceland,2022-01-16,-5.6
Reykjavik,Iceland,2017-11-17,-2.7
Reykjavik,Iceland,2017-07-20,12.0
Reykjavik,Iceland,2019-10-13,1.4
Reykjavik,Iceland,2024-04-22,11.4
Reykjavik,Iceland,2023-02-02,-3.4
Reykjavik,Iceland,2019-10-22,-0.3
Reykjavik,Iceland,2020-01-29,-5.0
Reykjavik,Iceland,2024-12-06,-2.3
Reykjavik,Iceland,2025-06-09,12.1
Reykjavik,Iceland,2022-11-18,-3.9
Reykjavik,Iceland,2019-06-01,16.6
Reykjavik,Iceland,2022-11-21,0.8
Reykjavik,Iceland,2025-02-09,-4.4
Reykjavik,Iceland,2023-10-10,0.2
Reykjavik,Iceland,2017-07-11,15.3
Reykjavik,Iceland,2025-07-17,14.7
Reykjavik,Iceland,2017-09-30,3.5
Reykjavik,Iceland,2024-12-27,-5.9
Reykjavik,Iceland,2022-07-29,15.7
Reykjavik,Iceland,2023-04-05,7.8
Reykjavik,Iceland,2018-08-26,8.8
Reykjavik,Iceland,2017-06-21,12.7
Reykjavik,Iceland,2025-04-10,5.2
Reykjavik,Iceland,2017-04-19,10.8
Reykjavik,Iceland,2016-10-10,-2.2
Reykjavik,Iceland,2018-05-03,13.3
Reykjavik,Iceland,2016-05-18,13.4
Reykjavik,Iceland,2021-11-07,-1.4
Reykjavik,Iceland,2022-03-25,8.1
Reykjavik,Iceland,2024-04-11,8.8
Reykjavik,Iceland,2019-05-27,14.9
Reykjavik,Iceland,2019-03-10,4.3
Reykjavik,Iceland,2020-04-18,7.6
Reykjavik,Iceland,2020-04-29,5.5
Reykjavik,Iceland,2021-07-02,11.5
Reykjavik,Iceland,2017-08-13,7.4
Reykjavik,Iceland,2018-06-28,15.0
Reykjavik,Iceland,2020-09-28,1.0
Reykjavik,Iceland,2020-12-11,-4.0
Reykjavik,Iceland,2024-01-25,-0.6
Reykjavik,Iceland,2017-09-05,6.9
Reykjavik,Iceland,2024-05-17,15.2
Reykjavik,Iceland,2021-10-11,1.8
Reykjavik,Iceland,2024-04-13,7.5
Reykjavik,Iceland,2019-03-25,1.1
Reykjavik,Iceland,2018-05-06,12.6
Reykjavik,Iceland,2018-06-13,14.6
Reykjavik,Iceland,2025-01-11,-3.2
Reykjavik,Iceland,2025-01-21,-6.5
Reykjavik,Iceland,2025-02-25,1.6
Reykjavik,Iceland,2025-05-18,13.9
Reykjavik,Iceland,2016-09-14,8.0
Reykjavik,Iceland,2025-11-08,-0.4
Reykjavik,Iceland,2025-06-07,12.9
Reykjavik,Iceland,2022-12-31,-7.1
Reykjavik,Iceland,2017-01-14,-1.1
Reykjavik,Iceland,2025-12-05,-3.4
Reykjavik,Iceland,2017-01-03,-6.8
Reykjavik,Iceland,2021-06-28,14.7
Reykjavik,Iceland,2017-10-17,1.4
Reykjavik,Iceland,2019-11-14,-0.5
Reykjavik,Iceland,2016-04-09,4.8
Reykjavik,Iceland,2020-07-12,13.7
Reykjavik,Iceland,2021-10-25,-1.3
Reykjavik,Iceland,2017-12-25,-7.8
Reykjavik,Iceland,2024-10-28,-0.3
Reykjavik,Iceland,2021-03-16,5.5
Reykjavik,Iceland,2019-08-07,11.7
Reykjavik,Iceland,2022-04-21,15.2
Reykjavik,Iceland,2023-01-15,-4.2
Reykjavik,Iceland,2017-09-25,5.4
Reykjavik,Iceland,2025-09-03,7.6
Reykjavik,Iceland,2017-08-06,11.9
Reykjavik,Iceland,2022-12-08,-1.6
Reykjavik,Iceland,2025-08-02,14.6
Reykjavik,Iceland,2023-07-06,14.6
Reykjavik,Iceland,2023-05-17,11.2
